file,issue,row,col,original,cleaned
bank_statements\BankStatement_HBL_345678.xlsx,UNPARSEABLE_DATE,0,date,Account: HBL-0012345678  –  Construction Account,Account: HBL-0012345678  –  Construction Account
bank_statements\BankStatement_HBL_345678.xlsx,UNPARSEABLE_DATE,1,date,Generated: 09-01-2018,Generated: 09-01-2018
bank_statements\BankStatement_HBL_345678.xlsx,UNPARSEABLE_AMOUNT,9,debit,TBD,
bank_statements\BankStatement_HBL_345678.xlsx,UNPARSEABLE_AMOUNT,59,credit,TBD,
bank_statements\BankStatement_HBL_345678.xlsx,UNPARSEABLE_AMOUNT,32,balance,TBD,
bank_statements\BankStatement_MCB_776655.xlsx,UNPARSEABLE_DATE,0,date,Account: MCB-9988776655  –  Operations Account,Account: MCB-9988776655  –  Operations Account
bank_statements\BankStatement_MCB_776655.xlsx,UNPARSEABLE_DATE,1,date,Generated: 01/09/2018,Generated: 01/09/2018
bank_statements\BankStatement_Meezan Bank_334455.xlsx,UNPARSEABLE_DATE,0,date,Account: Meezan-1122334455  –  Project Account – Plaza,Account: Meezan-1122334455  –  Project Account – Plaza
bank_statements\BankStatement_Meezan Bank_334455.xlsx,UNPARSEABLE_DATE,1,date,Generated: 01/09/18,Generated: 01/09/18
bank_statements\BankStatement_Meezan Bank_334455.xlsx,UNPARSEABLE_AMOUNT,15,debit,TBD,
bank_statements\BankStatement_Meezan Bank_334455.xlsx,UNPARSEABLE_AMOUNT,26,debit,TBD,
bank_statements\BankStatement_Meezan Bank_334455.xlsx,UNPARSEABLE_AMOUNT,97,debit,TBD,
bank_statements\BankStatement_Meezan Bank_334455.xlsx,UNPARSEABLE_AMOUNT,38,credit,TBD,
bank_statements\BankStatement_Meezan Bank_334455.xlsx,UNPARSEABLE_AMOUNT,76,credit,TBD,
contractor_bills\SATTI_APTS_C001_RunBill_01.xlsx,UNPARSEABLE_AMOUNT,14,rate,This Bill Amount:,
contractor_bills\SATTI_APTS_C001_RunBill_01.xlsx,UNPARSEABLE_AMOUNT,15,rate,Previous Payments:,
contractor_bills\SATTI_APTS_C001_RunBill_01.xlsx,UNPARSEABLE_AMOUNT,16,rate,Retention (10%):,
contractor_bills\SATTI_APTS_C001_RunBill_01.xlsx,UNPARSEABLE_AMOUNT,17,rate,Net Payable:,
contractor_bills\SATTI_APTS_C001_RunBill_01.xlsx,UNPARSEABLE_AMOUNT,18,rate,Approved:,
contractor_bills\SATTI_APTS_C001_RunBill_02.xlsx,UNPARSEABLE_AMOUNT,16,rate,This Bill Amount:,
contractor_bills\SATTI_APTS_C001_RunBill_02.xlsx,UNPARSEABLE_AMOUNT,17,rate,Previous Payments:,
contractor_bills\SATTI_APTS_C001_RunBill_02.xlsx,UNPARSEABLE_AMOUNT,18,rate,Retention (10%):,
contractor_bills\SATTI_APTS_C001_RunBill_02.xlsx,UNPARSEABLE_AMOUNT,19,rate,Net Payable:,
contractor_bills\SATTI_APTS_C001_RunBill_02.xlsx,UNPARSEABLE_AMOUNT,20,rate,Approved:,
contractor_bills\SATTI_APTS_C001_RunBill_03.xlsx,UNPARSEABLE_AMOUNT,12,rate,TBD,
contractor_bills\SATTI_APTS_C001_RunBill_03.xlsx,UNPARSEABLE_AMOUNT,14,rate,This Bill Amount:,
contractor_bills\SATTI_APTS_C001_RunBill_03.xlsx,UNPARSEABLE_AMOUNT,15,rate,Previous Payments:,
contractor_bills\SATTI_APTS_C001_RunBill_03.xlsx,UNPARSEABLE_AMOUNT,16,rate,Retention (10%):,
contractor_bills\SATTI_APTS_C001_RunBill_03.xlsx,UNPARSEABLE_AMOUNT,17,rate,Net Payable:,
contractor_bills\SATTI_APTS_C001_RunBill_03.xlsx,UNPARSEABLE_AMOUNT,18,rate,Approved:,
contractor_bills\SATTI_APTS_C002_RunBill_01.xlsx,UNPARSEABLE_AMOUNT,14,rate,This Bill Amount:,
contractor_bills\SATTI_APTS_C002_RunBill_01.xlsx,UNPARSEABLE_AMOUNT,15,rate,Previous Payments:,
contractor_bills\SATTI_APTS_C002_RunBill_01.xlsx,UNPARSEABLE_AMOUNT,16,rate,Retention (10%):,
contractor_bills\SATTI_APTS_C002_RunBill_01.xlsx,UNPARSEABLE_AMOUNT,17,rate,Net Payable:,
contractor_bills\SATTI_APTS_C002_RunBill_01.xlsx,UNPARSEABLE_AMOUNT,18,rate,Approved:,
contractor_bills\SATTI_APTS_C002_RunBill_01.xlsx,UNPARSEABLE_AMOUNT,10,amount,TBD,
contractor_bills\SATTI_APTS_C002_RunBill_02.xlsx,UNPARSEABLE_AMOUNT,13,rate,This Bill Amount:,
contractor_bills\SATTI_APTS_C002_RunBill_02.xlsx,UNPARSEABLE_AMOUNT,14,rate,Previous Payments:,
contractor_bills\SATTI_APTS_C002_RunBill_02.xlsx,UNPARSEABLE_AMOUNT,15,rate,Retention (10%):,
contractor_bills\SATTI_APTS_C002_RunBill_02.xlsx,UNPARSEABLE_AMOUNT,16,rate,Net Payable:,
contractor_bills\SATTI_APTS_C002_RunBill_02.xlsx,UNPARSEABLE_AMOUNT,17,rate,Approved:,
contractor_bills\SATTI_APTS_C002_RunBill_02.xlsx,UNPARSEABLE_AMOUNT,12,amount,TBD,
contractor_bills\SATTI_APTS_C002_RunBill_03.xlsx,UNPARSEABLE_AMOUNT,14,rate,This Bill Amount:,
contractor_bills\SATTI_APTS_C002_RunBill_03.xlsx,UNPARSEABLE_AMOUNT,15,rate,Previous Payments:,
contractor_bills\SATTI_APTS_C002_RunBill_03.xlsx,UNPARSEABLE_AMOUNT,16,rate,Retention (10%):,
contractor_bills\SATTI_APTS_C002_RunBill_03.xlsx,UNPARSEABLE_AMOUNT,17,rate,Net Payable:,
contractor_bills\SATTI_APTS_C002_RunBill_03.xlsx,UNPARSEABLE_AMOUNT,18,rate,Approved:,
contractor_bills\SATTI_APTS_C002_RunBill_04.xlsx,UNPARSEABLE_AMOUNT,12,rate,This Bill Amount:,
contractor_bills\SATTI_APTS_C002_RunBill_04.xlsx,UNPARSEABLE_AMOUNT,13,rate,Previous Payments:,
contractor_bills\SATTI_APTS_C002_RunBill_04.xlsx,UNPARSEABLE_AMOUNT,14,rate,Retention (10%):,
contractor_bills\SATTI_APTS_C002_RunBill_04.xlsx,UNPARSEABLE_AMOUNT,15,rate,Net Payable:,
contractor_bills\SATTI_APTS_C002_RunBill_04.xlsx,UNPARSEABLE_AMOUNT,16,rate,Approved:,
contractor_bills\SATTI_APTS_C002_RunBill_05.xlsx,UNPARSEABLE_AMOUNT,15,rate,This Bill Amount:,
contractor_bills\SATTI_APTS_C002_RunBill_05.xlsx,UNPARSEABLE_AMOUNT,16,rate,Previous Payments:,
contractor_bills\SATTI_APTS_C002_RunBill_05.xlsx,UNPARSEABLE_AMOUNT,17,rate,Retention (10%):,
contractor_bills\SATTI_APTS_C002_RunBill_05.xlsx,UNPARSEABLE_AMOUNT,18,rate,Net Payable:,
contractor_bills\SATTI_APTS_C002_RunBill_05.xlsx,UNPARSEABLE_AMOUNT,19,rate,Approved:,
contractor_bills\SATTI_APTS_C002_RunBill_06.xlsx,UNPARSEABLE_AMOUNT,11,rate,This Bill Amount:,
contractor_bills\SATTI_APTS_C002_RunBill_06.xlsx,UNPARSEABLE_AMOUNT,12,rate,Previous Payments:,
contractor_bills\SATTI_APTS_C002_RunBill_06.xlsx,UNPARSEABLE_AMOUNT,13,rate,Retention (10%):,
contractor_bills\SATTI_APTS_C002_RunBill_06.xlsx,UNPARSEABLE_AMOUNT,14,rate,Net Payable:,
contractor_bills\SATTI_APTS_C002_RunBill_06.xlsx,UNPARSEABLE_AMOUNT,15,rate,Approved:,
contractor_bills\SATTI_APTS_C003_RunBill_01.xlsx,UNPARSEABLE_AMOUNT,14,rate,This Bill Amount:,
contractor_bills\SATTI_APTS_C003_RunBill_01.xlsx,UNPARSEABLE_AMOUNT,15,rate,Previous Payments:,
contractor_bills\SATTI_APTS_C003_RunBill_01.xlsx,UNPARSEABLE_AMOUNT,16,rate,Retention (10%):,
contractor_bills\SATTI_APTS_C003_RunBill_01.xlsx,UNPARSEABLE_AMOUNT,17,rate,Net Payable:,
contractor_bills\SATTI_APTS_C003_RunBill_01.xlsx,UNPARSEABLE_AMOUNT,18,rate,Approved:,
contractor_bills\SATTI_APTS_C003_RunBill_02.xlsx,UNPARSEABLE_AMOUNT,10,rate,TBD,
contractor_bills\SATTI_APTS_C003_RunBill_02.xlsx,UNPARSEABLE_AMOUNT,15,rate,This Bill Amount:,
contractor_bills\SATTI_APTS_C003_RunBill_02.xlsx,UNPARSEABLE_AMOUNT,16,rate,Previous Payments:,
contractor_bills\SATTI_APTS_C003_RunBill_02.xlsx,UNPARSEABLE_AMOUNT,17,rate,Retention (10%):,
contractor_bills\SATTI_APTS_C003_RunBill_02.xlsx,UNPARSEABLE_AMOUNT,18,rate,Net Payable:,
contractor_bills\SATTI_APTS_C003_RunBill_02.xlsx,UNPARSEABLE_AMOUNT,19,rate,Approved:,
contractor_bills\SATTI_APTS_C003_RunBill_03.xlsx,UNPARSEABLE_AMOUNT,14,rate,This Bill Amount:,
contractor_bills\SATTI_APTS_C003_RunBill_03.xlsx,UNPARSEABLE_AMOUNT,15,rate,Previous Payments:,
contractor_bills\SATTI_APTS_C003_RunBill_03.xlsx,UNPARSEABLE_AMOUNT,16,rate,Retention (10%):,
contractor_bills\SATTI_APTS_C003_RunBill_03.xlsx,UNPARSEABLE_AMOUNT,17,rate,Net Payable:,
contractor_bills\SATTI_APTS_C003_RunBill_03.xlsx,UNPARSEABLE_AMOUNT,18,rate,Approved:,
contractor_bills\SATTI_APTS_C003_RunBill_04.xlsx,UNPARSEABLE_AMOUNT,14,rate,This Bill Amount:,
contractor_bills\SATTI_APTS_C003_RunBill_04.xlsx,UNPARSEABLE_AMOUNT,15,rate,Previous Payments:,
contractor_bills\SATTI_APTS_C003_RunBill_04.xlsx,UNPARSEABLE_AMOUNT,16,rate,Retention (10%):,
contractor_bills\SATTI_APTS_C003_RunBill_04.xlsx,UNPARSEABLE_AMOUNT,17,rate,Net Payable:,
contractor_bills\SATTI_APTS_C003_RunBill_04.xlsx,UNPARSEABLE_AMOUNT,18,rate,Approved:,
contractor_bills\SATTI_APTS_C004_RunBill_01.xlsx,UNPARSEABLE_AMOUNT,13,rate,TBD,
contractor_bills\SATTI_APTS_C004_RunBill_01.xlsx,UNPARSEABLE_AMOUNT,15,rate,This Bill Amount:,
contractor_bills\SATTI_APTS_C004_RunBill_01.xlsx,UNPARSEABLE_AMOUNT,16,rate,Previous Payments:,
contractor_bills\SATTI_APTS_C004_RunBill_01.xlsx,UNPARSEABLE_AMOUNT,17,rate,Retention (10%):,
contractor_bills\SATTI_APTS_C004_RunBill_01.xlsx,UNPARSEABLE_AMOUNT,18,rate,Net Payable:,
contractor_bills\SATTI_APTS_C004_RunBill_01.xlsx,UNPARSEABLE_AMOUNT,19,rate,Approved:,
contractor_bills\SATTI_APTS_C004_RunBill_01.xlsx,UNPARSEABLE_AMOUNT,7,amount,TBD,
contractor_bills\SATTI_APTS_C004_RunBill_02.xlsx,UNPARSEABLE_AMOUNT,14,rate,This Bill Amount:,
contractor_bills\SATTI_APTS_C004_RunBill_02.xlsx,UNPARSEABLE_AMOUNT,15,rate,Previous Payments:,
contractor_bills\SATTI_APTS_C004_RunBill_02.xlsx,UNPARSEABLE_AMOUNT,16,rate,Retention (10%):,
contractor_bills\SATTI_APTS_C004_RunBill_02.xlsx,UNPARSEABLE_AMOUNT,17,rate,Net Payable:,
contractor_bills\SATTI_APTS_C004_RunBill_02.xlsx,UNPARSEABLE_AMOUNT,18,rate,Approved:,
contractor_bills\SATTI_APTS_C004_RunBill_03.xlsx,UNPARSEABLE_AMOUNT,11,rate,This Bill Amount:,
contractor_bills\SATTI_APTS_C004_RunBill_03.xlsx,UNPARSEABLE_AMOUNT,12,rate,Previous Payments:,
contractor_bills\SATTI_APTS_C004_RunBill_03.xlsx,UNPARSEABLE_AMOUNT,13,rate,Retention (10%):,
contractor_bills\SATTI_APTS_C004_RunBill_03.xlsx,UNPARSEABLE_AMOUNT,14,rate,Net Payable:,
contractor_bills\SATTI_APTS_C004_RunBill_03.xlsx,UNPARSEABLE_AMOUNT,15,rate,Approved:,
contractor_bills\SATTI_APTS_C004_RunBill_03.xlsx,UNPARSEABLE_AMOUNT,8,amount,TBD,
contractor_bills\SATTI_APTS_C005_RunBill_01.xlsx,UNPARSEABLE_AMOUNT,11,rate,This Bill Amount:,
contractor_bills\SATTI_APTS_C005_RunBill_01.xlsx,UNPARSEABLE_AMOUNT,12,rate,Previous Payments:,
contractor_bills\SATTI_APTS_C005_RunBill_01.xlsx,UNPARSEABLE_AMOUNT,13,rate,Retention (10%):,
contractor_bills\SATTI_APTS_C005_RunBill_01.xlsx,UNPARSEABLE_AMOUNT,14,rate,Net Payable:,
contractor_bills\SATTI_APTS_C005_RunBill_01.xlsx,UNPARSEABLE_AMOUNT,15,rate,Approved:,
contractor_bills\SATTI_APTS_C005_RunBill_02.xlsx,UNPARSEABLE_AMOUNT,12,rate,This Bill Amount:,
contractor_bills\SATTI_APTS_C005_RunBill_02.xlsx,UNPARSEABLE_AMOUNT,13,rate,Previous Payments:,
contractor_bills\SATTI_APTS_C005_RunBill_02.xlsx,UNPARSEABLE_AMOUNT,14,rate,Retention (10%):,
contractor_bills\SATTI_APTS_C005_RunBill_02.xlsx,UNPARSEABLE_AMOUNT,15,rate,Net Payable:,
contractor_bills\SATTI_APTS_C005_RunBill_02.xlsx,UNPARSEABLE_AMOUNT,16,rate,Approved:,
contractor_bills\SATTI_APTS_C005_RunBill_02.xlsx,UNPARSEABLE_AMOUNT,14,amount,TBD,
contractor_bills\SATTI_APTS_C006_RunBill_01.xlsx,UNPARSEABLE_AMOUNT,13,rate,This Bill Amount:,
contractor_bills\SATTI_APTS_C006_RunBill_01.xlsx,UNPARSEABLE_AMOUNT,14,rate,Previous Payments:,
contractor_bills\SATTI_APTS_C006_RunBill_01.xlsx,UNPARSEABLE_AMOUNT,15,rate,Retention (10%):,
contractor_bills\SATTI_APTS_C006_RunBill_01.xlsx,UNPARSEABLE_AMOUNT,16,rate,Net Payable:,
contractor_bills\SATTI_APTS_C006_RunBill_01.xlsx,UNPARSEABLE_AMOUNT,17,rate,Approved:,
contractor_bills\SATTI_APTS_C006_RunBill_02.xlsx,UNPARSEABLE_AMOUNT,15,rate,This Bill Amount:,
contractor_bills\SATTI_APTS_C006_RunBill_02.xlsx,UNPARSEABLE_AMOUNT,16,rate,Previous Payments:,
contractor_bills\SATTI_APTS_C006_RunBill_02.xlsx,UNPARSEABLE_AMOUNT,17,rate,Retention (10%):,
contractor_bills\SATTI_APTS_C006_RunBill_02.xlsx,UNPARSEABLE_AMOUNT,18,rate,Net Payable:,
contractor_bills\SATTI_APTS_C006_RunBill_02.xlsx,UNPARSEABLE_AMOUNT,19,rate,Approved:,
contractor_bills\SATTI_APTS_C006_RunBill_03.xlsx,UNPARSEABLE_AMOUNT,14,rate,This Bill Amount:,
contractor_bills\SATTI_APTS_C006_RunBill_03.xlsx,UNPARSEABLE_AMOUNT,15,rate,Previous Payments:,
contractor_bills\SATTI_APTS_C006_RunBill_03.xlsx,UNPARSEABLE_AMOUNT,16,rate,Retention (10%):,
contractor_bills\SATTI_APTS_C006_RunBill_03.xlsx,UNPARSEABLE_AMOUNT,17,rate,Net Payable:,
contractor_bills\SATTI_APTS_C006_RunBill_03.xlsx,UNPARSEABLE_AMOUNT,18,rate,Approved:,
contractor_bills\SATTI_APTS_C007_RunBill_01.xlsx,UNPARSEABLE_AMOUNT,15,rate,This Bill Amount:,
contractor_bills\SATTI_APTS_C007_RunBill_01.xlsx,UNPARSEABLE_AMOUNT,16,rate,Previous Payments:,
contractor_bills\SATTI_APTS_C007_RunBill_01.xlsx,UNPARSEABLE_AMOUNT,17,rate,Retention (10%):,
contractor_bills\SATTI_APTS_C007_RunBill_01.xlsx,UNPARSEABLE_AMOUNT,18,rate,Net Payable:,
contractor_bills\SATTI_APTS_C007_RunBill_01.xlsx,UNPARSEABLE_AMOUNT,19,rate,Approved:,
contractor_bills\SATTI_APTS_C007_RunBill_02.xlsx,UNPARSEABLE_AMOUNT,15,rate,This Bill Amount:,
contractor_bills\SATTI_APTS_C007_RunBill_02.xlsx,UNPARSEABLE_AMOUNT,16,rate,Previous Payments:,
contractor_bills\SATTI_APTS_C007_RunBill_02.xlsx,UNPARSEABLE_AMOUNT,17,rate,Retention (10%):,
contractor_bills\SATTI_APTS_C007_RunBill_02.xlsx,UNPARSEABLE_AMOUNT,18,rate,Net Payable:,
contractor_bills\SATTI_APTS_C007_RunBill_02.xlsx,UNPARSEABLE_AMOUNT,19,rate,Approved:,
contractor_bills\SATTI_APTS_C007_RunBill_03.xlsx,UNPARSEABLE_AMOUNT,14,rate,This Bill Amount:,
contractor_bills\SATTI_APTS_C007_RunBill_03.xlsx,UNPARSEABLE_AMOUNT,15,rate,Previous Payments:,
contractor_bills\SATTI_APTS_C007_RunBill_03.xlsx,UNPARSEABLE_AMOUNT,16,rate,Retention (10%):,
contractor_bills\SATTI_APTS_C007_RunBill_03.xlsx,UNPARSEABLE_AMOUNT,17,rate,Net Payable:,
contractor_bills\SATTI_APTS_C007_RunBill_03.xlsx,UNPARSEABLE_AMOUNT,18,rate,Approved:,
contractor_bills\SATTI_APTS_C007_RunBill_03.xlsx,UNPARSEABLE_AMOUNT,8,amount,TBD,
contractor_bills\SATTI_APTS_C008_RunBill_01.xlsx,UNPARSEABLE_AMOUNT,14,rate,This Bill Amount:,
contractor_bills\SATTI_APTS_C008_RunBill_01.xlsx,UNPARSEABLE_AMOUNT,15,rate,Previous Payments:,
contractor_bills\SATTI_APTS_C008_RunBill_01.xlsx,UNPARSEABLE_AMOUNT,16,rate,Retention (10%):,
contractor_bills\SATTI_APTS_C008_RunBill_01.xlsx,UNPARSEABLE_AMOUNT,17,rate,Net Payable:,
contractor_bills\SATTI_APTS_C008_RunBill_01.xlsx,UNPARSEABLE_AMOUNT,18,rate,Approved:,
contractor_bills\SATTI_APTS_C008_RunBill_01.xlsx,UNPARSEABLE_AMOUNT,10,amount,TBD,
contractor_bills\SATTI_APTS_C008_RunBill_02.xlsx,UNPARSEABLE_AMOUNT,14,rate,This Bill Amount:,
contractor_bills\SATTI_APTS_C008_RunBill_02.xlsx,UNPARSEABLE_AMOUNT,15,rate,Previous Payments:,
contractor_bills\SATTI_APTS_C008_RunBill_02.xlsx,UNPARSEABLE_AMOUNT,16,rate,Retention (10%):,
contractor_bills\SATTI_APTS_C008_RunBill_02.xlsx,UNPARSEABLE_AMOUNT,17,rate,Net Payable:,
contractor_bills\SATTI_APTS_C008_RunBill_02.xlsx,UNPARSEABLE_AMOUNT,18,rate,Approved:,
contractor_bills\SATTI_APTS_C008_RunBill_02.xlsx,UNPARSEABLE_AMOUNT,8,amount,TBD,
contractor_bills\SATTI_APTS_C008_RunBill_03.xlsx,UNPARSEABLE_AMOUNT,11,rate,This Bill Amount:,
contractor_bills\SATTI_APTS_C008_RunBill_03.xlsx,UNPARSEABLE_AMOUNT,12,rate,Previous Payments:,
contractor_bills\SATTI_APTS_C008_RunBill_03.xlsx,UNPARSEABLE_AMOUNT,13,rate,Retention (10%):,
contractor_bills\SATTI_APTS_C008_RunBill_03.xlsx,UNPARSEABLE_AMOUNT,14,rate,Net Payable:,
contractor_bills\SATTI_APTS_C008_RunBill_03.xlsx,UNPARSEABLE_AMOUNT,15,rate,Approved:,
contractor_bills\SATTI_MALL_C001_RunBill_01.xlsx,UNPARSEABLE_AMOUNT,16,rate,This Bill Amount:,
contractor_bills\SATTI_MALL_C001_RunBill_01.xlsx,UNPARSEABLE_AMOUNT,17,rate,Previous Payments:,
contractor_bills\SATTI_MALL_C001_RunBill_01.xlsx,UNPARSEABLE_AMOUNT,18,rate,Retention (10%):,
contractor_bills\SATTI_MALL_C001_RunBill_01.xlsx,UNPARSEABLE_AMOUNT,19,rate,Net Payable:,
contractor_bills\SATTI_MALL_C001_RunBill_01.xlsx,UNPARSEABLE_AMOUNT,20,rate,Approved:,
contractor_bills\SATTI_MALL_C001_RunBill_02.xlsx,UNPARSEABLE_AMOUNT,14,rate,This Bill Amount:,
contractor_bills\SATTI_MALL_C001_RunBill_02.xlsx,UNPARSEABLE_AMOUNT,15,rate,Previous Payments:,
contractor_bills\SATTI_MALL_C001_RunBill_02.xlsx,UNPARSEABLE_AMOUNT,16,rate,Retention (10%):,
contractor_bills\SATTI_MALL_C001_RunBill_02.xlsx,UNPARSEABLE_AMOUNT,17,rate,Net Payable:,
contractor_bills\SATTI_MALL_C001_RunBill_02.xlsx,UNPARSEABLE_AMOUNT,18,rate,Approved:,
contractor_bills\SATTI_MALL_C001_RunBill_02.xlsx,UNPARSEABLE_AMOUNT,16,amount,TBD,
contractor_bills\SATTI_MALL_C001_RunBill_03.xlsx,UNPARSEABLE_AMOUNT,16,rate,This Bill Amount:,
contractor_bills\SATTI_MALL_C001_RunBill_03.xlsx,UNPARSEABLE_AMOUNT,17,rate,Previous Payments:,
contractor_bills\SATTI_MALL_C001_RunBill_03.xlsx,UNPARSEABLE_AMOUNT,18,rate,Retention (10%):,
contractor_bills\SATTI_MALL_C001_RunBill_03.xlsx,UNPARSEABLE_AMOUNT,19,rate,Net Payable:,
contractor_bills\SATTI_MALL_C001_RunBill_03.xlsx,UNPARSEABLE_AMOUNT,20,rate,Approved:,
contractor_bills\SATTI_MALL_C001_RunBill_04.xlsx,UNPARSEABLE_AMOUNT,11,rate,This Bill Amount:,
contractor_bills\SATTI_MALL_C001_RunBill_04.xlsx,UNPARSEABLE_AMOUNT,12,rate,Previous Payments:,
contractor_bills\SATTI_MALL_C001_RunBill_04.xlsx,UNPARSEABLE_AMOUNT,13,rate,Retention (10%):,
contractor_bills\SATTI_MALL_C001_RunBill_04.xlsx,UNPARSEABLE_AMOUNT,14,rate,Net Payable:,
contractor_bills\SATTI_MALL_C001_RunBill_04.xlsx,UNPARSEABLE_AMOUNT,15,rate,Approved:,
contractor_bills\SATTI_MALL_C001_RunBill_04.xlsx,UNPARSEABLE_AMOUNT,14,amount,TBD,
contractor_bills\SATTI_MALL_C001_RunBill_05.xlsx,UNPARSEABLE_AMOUNT,12,rate,This Bill Amount:,
contractor_bills\SATTI_MALL_C001_RunBill_05.xlsx,UNPARSEABLE_AMOUNT,13,rate,Previous Payments:,
contractor_bills\SATTI_MALL_C001_RunBill_05.xlsx,UNPARSEABLE_AMOUNT,14,rate,Retention (10%):,
contractor_bills\SATTI_MALL_C001_RunBill_05.xlsx,UNPARSEABLE_AMOUNT,15,rate,Net Payable:,
contractor_bills\SATTI_MALL_C001_RunBill_05.xlsx,UNPARSEABLE_AMOUNT,16,rate,Approved:,
contractor_bills\SATTI_MALL_C002_RunBill_01.xlsx,UNPARSEABLE_AMOUNT,16,rate,This Bill Amount:,
contractor_bills\SATTI_MALL_C002_RunBill_01.xlsx,UNPARSEABLE_AMOUNT,17,rate,Previous Payments:,
contractor_bills\SATTI_MALL_C002_RunBill_01.xlsx,UNPARSEABLE_AMOUNT,18,rate,Retention (10%):,
contractor_bills\SATTI_MALL_C002_RunBill_01.xlsx,UNPARSEABLE_AMOUNT,19,rate,Net Payable:,
contractor_bills\SATTI_MALL_C002_RunBill_01.xlsx,UNPARSEABLE_AMOUNT,20,rate,Approved:,
contractor_bills\SATTI_MALL_C002_RunBill_01.xlsx,UNPARSEABLE_AMOUNT,9,amount,TBD,
contractor_bills\SATTI_MALL_C002_RunBill_02.xlsx,UNPARSEABLE_AMOUNT,15,rate,This Bill Amount:,
contractor_bills\SATTI_MALL_C002_RunBill_02.xlsx,UNPARSEABLE_AMOUNT,16,rate,Previous Payments:,
contractor_bills\SATTI_MALL_C002_RunBill_02.xlsx,UNPARSEABLE_AMOUNT,17,rate,Retention (10%):,
contractor_bills\SATTI_MALL_C002_RunBill_02.xlsx,UNPARSEABLE_AMOUNT,18,rate,Net Payable:,
contractor_bills\SATTI_MALL_C002_RunBill_02.xlsx,UNPARSEABLE_AMOUNT,19,rate,Approved:,
contractor_bills\SATTI_MALL_C002_RunBill_02.xlsx,UNPARSEABLE_AMOUNT,14,amount,TBD,
contractor_bills\SATTI_MALL_C002_RunBill_03.xlsx,UNPARSEABLE_AMOUNT,13,rate,This Bill Amount:,
contractor_bills\SATTI_MALL_C002_RunBill_03.xlsx,UNPARSEABLE_AMOUNT,14,rate,Previous Payments:,
contractor_bills\SATTI_MALL_C002_RunBill_03.xlsx,UNPARSEABLE_AMOUNT,15,rate,Retention (10%):,
contractor_bills\SATTI_MALL_C002_RunBill_03.xlsx,UNPARSEABLE_AMOUNT,16,rate,Net Payable:,
contractor_bills\SATTI_MALL_C002_RunBill_03.xlsx,UNPARSEABLE_AMOUNT,17,rate,Approved:,
contractor_bills\SATTI_MALL_C002_RunBill_04.xlsx,UNPARSEABLE_AMOUNT,15,rate,This Bill Amount:,
contractor_bills\SATTI_MALL_C002_RunBill_04.xlsx,UNPARSEABLE_AMOUNT,16,rate,Previous Payments:,
contractor_bills\SATTI_MALL_C002_RunBill_04.xlsx,UNPARSEABLE_AMOUNT,17,rate,Retention (10%):,
contractor_bills\SATTI_MALL_C002_RunBill_04.xlsx,UNPARSEABLE_AMOUNT,18,rate,Net Payable:,
contractor_bills\SATTI_MALL_C002_RunBill_04.xlsx,UNPARSEABLE_AMOUNT,19,rate,Approved:,
contractor_bills\SATTI_MALL_C002_RunBill_05.xlsx,UNPARSEABLE_AMOUNT,13,rate,This Bill Amount:,
contractor_bills\SATTI_MALL_C002_RunBill_05.xlsx,UNPARSEABLE_AMOUNT,14,rate,Previous Payments:,
contractor_bills\SATTI_MALL_C002_RunBill_05.xlsx,UNPARSEABLE_AMOUNT,15,rate,Retention (10%):,
contractor_bills\SATTI_MALL_C002_RunBill_05.xlsx,UNPARSEABLE_AMOUNT,16,rate,Net Payable:,
contractor_bills\SATTI_MALL_C002_RunBill_05.xlsx,UNPARSEABLE_AMOUNT,17,rate,Approved:,
contractor_bills\SATTI_MALL_C002_RunBill_06.xlsx,UNPARSEABLE_AMOUNT,12,rate,This Bill Amount:,
contractor_bills\SATTI_MALL_C002_RunBill_06.xlsx,UNPARSEABLE_AMOUNT,13,rate,Previous Payments:,
contractor_bills\SATTI_MALL_C002_RunBill_06.xlsx,UNPARSEABLE_AMOUNT,14,rate,Retention (10%):,
contractor_bills\SATTI_MALL_C002_RunBill_06.xlsx,UNPARSEABLE_AMOUNT,15,rate,Net Payable:,
contractor_bills\SATTI_MALL_C002_RunBill_06.xlsx,UNPARSEABLE_AMOUNT,16,rate,Approved:,
contractor_bills\SATTI_MALL_C003_RunBill_01.xlsx,UNPARSEABLE_AMOUNT,14,rate,This Bill Amount:,
contractor_bills\SATTI_MALL_C003_RunBill_01.xlsx,UNPARSEABLE_AMOUNT,15,rate,Previous Payments:,
contractor_bills\SATTI_MALL_C003_RunBill_01.xlsx,UNPARSEABLE_AMOUNT,16,rate,Retention (10%):,
contractor_bills\SATTI_MALL_C003_RunBill_01.xlsx,UNPARSEABLE_AMOUNT,17,rate,Net Payable:,
contractor_bills\SATTI_MALL_C003_RunBill_01.xlsx,UNPARSEABLE_AMOUNT,18,rate,Approved:,
contractor_bills\SATTI_MALL_C003_RunBill_01.xlsx,UNPARSEABLE_AMOUNT,9,amount,TBD,
contractor_bills\SATTI_MALL_C003_RunBill_02.xlsx,UNPARSEABLE_AMOUNT,13,rate,This Bill Amount:,
contractor_bills\SATTI_MALL_C003_RunBill_02.xlsx,UNPARSEABLE_AMOUNT,14,rate,Previous Payments:,
contractor_bills\SATTI_MALL_C003_RunBill_02.xlsx,UNPARSEABLE_AMOUNT,15,rate,Retention (10%):,
contractor_bills\SATTI_MALL_C003_RunBill_02.xlsx,UNPARSEABLE_AMOUNT,16,rate,Net Payable:,
contractor_bills\SATTI_MALL_C003_RunBill_02.xlsx,UNPARSEABLE_AMOUNT,17,rate,Approved:,
contractor_bills\SATTI_MALL_C003_RunBill_03.xlsx,UNPARSEABLE_AMOUNT,15,rate,This Bill Amount:,
contractor_bills\SATTI_MALL_C003_RunBill_03.xlsx,UNPARSEABLE_AMOUNT,16,rate,Previous Payments:,
contractor_bills\SATTI_MALL_C003_RunBill_03.xlsx,UNPARSEABLE_AMOUNT,17,rate,Retention (10%):,
contractor_bills\SATTI_MALL_C003_RunBill_03.xlsx,UNPARSEABLE_AMOUNT,18,rate,Net Payable:,
contractor_bills\SATTI_MALL_C003_RunBill_03.xlsx,UNPARSEABLE_AMOUNT,19,rate,Approved:,
contractor_bills\SATTI_MALL_C003_RunBill_03.xlsx,UNPARSEABLE_AMOUNT,11,amount,TBD,
contractor_bills\SATTI_MALL_C004_RunBill_01.xlsx,UNPARSEABLE_AMOUNT,16,rate,This Bill Amount:,
contractor_bills\SATTI_MALL_C004_RunBill_01.xlsx,UNPARSEABLE_AMOUNT,17,rate,Previous Payments:,
contractor_bills\SATTI_MALL_C004_RunBill_01.xlsx,UNPARSEABLE_AMOUNT,18,rate,Retention (10%):,
contractor_bills\SATTI_MALL_C004_RunBill_01.xlsx,UNPARSEABLE_AMOUNT,19,rate,Net Payable:,
contractor_bills\SATTI_MALL_C004_RunBill_01.xlsx,UNPARSEABLE_AMOUNT,20,rate,Approved:,
contractor_bills\SATTI_MALL_C004_RunBill_01.xlsx,UNPARSEABLE_AMOUNT,17,amount,TBD,
contractor_bills\SATTI_MALL_C004_RunBill_02.xlsx,UNPARSEABLE_AMOUNT,12,rate,This Bill Amount:,
contractor_bills\SATTI_MALL_C004_RunBill_02.xlsx,UNPARSEABLE_AMOUNT,13,rate,Previous Payments:,
contractor_bills\SATTI_MALL_C004_RunBill_02.xlsx,UNPARSEABLE_AMOUNT,14,rate,Retention (10%):,
contractor_bills\SATTI_MALL_C004_RunBill_02.xlsx,UNPARSEABLE_AMOUNT,15,rate,Net Payable:,
contractor_bills\SATTI_MALL_C004_RunBill_02.xlsx,UNPARSEABLE_AMOUNT,16,rate,Approved:,
contractor_bills\SATTI_MALL_C004_RunBill_03.xlsx,UNPARSEABLE_AMOUNT,13,rate,This Bill Amount:,
contractor_bills\SATTI_MALL_C004_RunBill_03.xlsx,UNPARSEABLE_AMOUNT,14,rate,Previous Payments:,
contractor_bills\SATTI_MALL_C004_RunBill_03.xlsx,UNPARSEABLE_AMOUNT,15,rate,Retention (10%):,
contractor_bills\SATTI_MALL_C004_RunBill_03.xlsx,UNPARSEABLE_AMOUNT,16,rate,Net Payable:,
contractor_bills\SATTI_MALL_C004_RunBill_03.xlsx,UNPARSEABLE_AMOUNT,17,rate,Approved:,
contractor_bills\SATTI_MALL_C005_RunBill_01.xlsx,UNPARSEABLE_AMOUNT,11,rate,This Bill Amount:,
contractor_bills\SATTI_MALL_C005_RunBill_01.xlsx,UNPARSEABLE_AMOUNT,12,rate,Previous Payments:,
contractor_bills\SATTI_MALL_C005_RunBill_01.xlsx,UNPARSEABLE_AMOUNT,13,rate,Retention (10%):,
contractor_bills\SATTI_MALL_C005_RunBill_01.xlsx,UNPARSEABLE_AMOUNT,14,rate,Net Payable:,
contractor_bills\SATTI_MALL_C005_RunBill_01.xlsx,UNPARSEABLE_AMOUNT,15,rate,Approved:,
contractor_bills\SATTI_MALL_C005_RunBill_02.xlsx,UNPARSEABLE_AMOUNT,14,rate,This Bill Amount:,
contractor_bills\SATTI_MALL_C005_RunBill_02.xlsx,UNPARSEABLE_AMOUNT,15,rate,Previous Payments:,
contractor_bills\SATTI_MALL_C005_RunBill_02.xlsx,UNPARSEABLE_AMOUNT,16,rate,Retention (10%):,
contractor_bills\SATTI_MALL_C005_RunBill_02.xlsx,UNPARSEABLE_AMOUNT,17,rate,Net Payable:,
contractor_bills\SATTI_MALL_C005_RunBill_02.xlsx,UNPARSEABLE_AMOUNT,18,rate,Approved:,
contractor_bills\SATTI_MALL_C005_RunBill_03.xlsx,UNPARSEABLE_AMOUNT,11,rate,This Bill Amount:,
contractor_bills\SATTI_MALL_C005_RunBill_03.xlsx,UNPARSEABLE_AMOUNT,12,rate,Previous Payments:,
contractor_bills\SATTI_MALL_C005_RunBill_03.xlsx,UNPARSEABLE_AMOUNT,13,rate,Retention (10%):,
contractor_bills\SATTI_MALL_C005_RunBill_03.xlsx,UNPARSEABLE_AMOUNT,14,rate,Net Payable:,
contractor_bills\SATTI_MALL_C005_RunBill_03.xlsx,UNPARSEABLE_AMOUNT,15,rate,Approved:,
contractor_bills\SATTI_MALL_C005_RunBill_04.xlsx,UNPARSEABLE_AMOUNT,13,rate,This Bill Amount:,
contractor_bills\SATTI_MALL_C005_RunBill_04.xlsx,UNPARSEABLE_AMOUNT,14,rate,Previous Payments:,
contractor_bills\SATTI_MALL_C005_RunBill_04.xlsx,UNPARSEABLE_AMOUNT,15,rate,Retention (10%):,
contractor_bills\SATTI_MALL_C005_RunBill_04.xlsx,UNPARSEABLE_AMOUNT,16,rate,Net Payable:,
contractor_bills\SATTI_MALL_C005_RunBill_04.xlsx,UNPARSEABLE_AMOUNT,17,rate,Approved:,
contractor_bills\SATTI_MALL_C006_RunBill_01.xlsx,UNPARSEABLE_AMOUNT,14,rate,This Bill Amount:,
contractor_bills\SATTI_MALL_C006_RunBill_01.xlsx,UNPARSEABLE_AMOUNT,15,rate,Previous Payments:,
contractor_bills\SATTI_MALL_C006_RunBill_01.xlsx,UNPARSEABLE_AMOUNT,16,rate,Retention (10%):,
contractor_bills\SATTI_MALL_C006_RunBill_01.xlsx,UNPARSEABLE_AMOUNT,17,rate,Net Payable:,
contractor_bills\SATTI_MALL_C006_RunBill_01.xlsx,UNPARSEABLE_AMOUNT,18,rate,Approved:,
contractor_bills\SATTI_MALL_C006_RunBill_02.xlsx,UNPARSEABLE_AMOUNT,16,rate,This Bill Amount:,
contractor_bills\SATTI_MALL_C006_RunBill_02.xlsx,UNPARSEABLE_AMOUNT,17,rate,Previous Payments:,
contractor_bills\SATTI_MALL_C006_RunBill_02.xlsx,UNPARSEABLE_AMOUNT,18,rate,Retention (10%):,
contractor_bills\SATTI_MALL_C006_RunBill_02.xlsx,UNPARSEABLE_AMOUNT,19,rate,Net Payable:,
contractor_bills\SATTI_MALL_C006_RunBill_02.xlsx,UNPARSEABLE_AMOUNT,20,rate,Approved:,
contractor_bills\SATTI_MALL_C006_RunBill_02.xlsx,UNPARSEABLE_AMOUNT,16,amount,TBD,
contractor_bills\SATTI_MALL_C006_RunBill_02.xlsx,UNPARSEABLE_AMOUNT,19,amount,TBD,
contractor_bills\SATTI_MALL_C006_RunBill_03.xlsx,UNPARSEABLE_AMOUNT,14,rate,This Bill Amount:,
contractor_bills\SATTI_MALL_C006_RunBill_03.xlsx,UNPARSEABLE_AMOUNT,15,rate,Previous Payments:,
contractor_bills\SATTI_MALL_C006_RunBill_03.xlsx,UNPARSEABLE_AMOUNT,16,rate,Retention (10%):,
contractor_bills\SATTI_MALL_C006_RunBill_03.xlsx,UNPARSEABLE_AMOUNT,17,rate,Net Payable:,
contractor_bills\SATTI_MALL_C006_RunBill_03.xlsx,UNPARSEABLE_AMOUNT,18,rate,Approved:,
contractor_bills\SATTI_MALL_C006_RunBill_04.xlsx,UNPARSEABLE_AMOUNT,12,rate,This Bill Amount:,
contractor_bills\SATTI_MALL_C006_RunBill_04.xlsx,UNPARSEABLE_AMOUNT,13,rate,Previous Payments:,
contractor_bills\SATTI_MALL_C006_RunBill_04.xlsx,UNPARSEABLE_AMOUNT,14,rate,Retention (10%):,
contractor_bills\SATTI_MALL_C006_RunBill_04.xlsx,UNPARSEABLE_AMOUNT,15,rate,Net Payable:,
contractor_bills\SATTI_MALL_C006_RunBill_04.xlsx,UNPARSEABLE_AMOUNT,16,rate,Approved:,
contractor_bills\SATTI_MALL_C006_RunBill_05.xlsx,UNPARSEABLE_AMOUNT,12,rate,This Bill Amount:,
contractor_bills\SATTI_MALL_C006_RunBill_05.xlsx,UNPARSEABLE_AMOUNT,13,rate,Previous Payments:,
contractor_bills\SATTI_MALL_C006_RunBill_05.xlsx,UNPARSEABLE_AMOUNT,14,rate,Retention (10%):,
contractor_bills\SATTI_MALL_C006_RunBill_05.xlsx,UNPARSEABLE_AMOUNT,15,rate,Net Payable:,
contractor_bills\SATTI_MALL_C006_RunBill_05.xlsx,UNPARSEABLE_AMOUNT,16,rate,Approved:,
contractor_bills\SATTI_MALL_C007_RunBill_01.xlsx,UNPARSEABLE_AMOUNT,11,rate,This Bill Amount:,
contractor_bills\SATTI_MALL_C007_RunBill_01.xlsx,UNPARSEABLE_AMOUNT,12,rate,Previous Payments:,
contractor_bills\SATTI_MALL_C007_RunBill_01.xlsx,UNPARSEABLE_AMOUNT,13,rate,Retention (10%):,
contractor_bills\SATTI_MALL_C007_RunBill_01.xlsx,UNPARSEABLE_AMOUNT,14,rate,Net Payable:,
contractor_bills\SATTI_MALL_C007_RunBill_01.xlsx,UNPARSEABLE_AMOUNT,15,rate,Approved:,
contractor_bills\SATTI_MALL_C007_RunBill_02.xlsx,UNPARSEABLE_AMOUNT,11,rate,This Bill Amount:,
contractor_bills\SATTI_MALL_C007_RunBill_02.xlsx,UNPARSEABLE_AMOUNT,12,rate,Previous Payments:,
contractor_bills\SATTI_MALL_C007_RunBill_02.xlsx,UNPARSEABLE_AMOUNT,13,rate,Retention (10%):,
contractor_bills\SATTI_MALL_C007_RunBill_02.xlsx,UNPARSEABLE_AMOUNT,14,rate,Net Payable:,
contractor_bills\SATTI_MALL_C007_RunBill_02.xlsx,UNPARSEABLE_AMOUNT,15,rate,Approved:,
contractor_bills\SATTI_MALL_C007_RunBill_02.xlsx,UNPARSEABLE_AMOUNT,14,amount,TBD,
contractor_bills\SATTI_MALL_C007_RunBill_03.xlsx,UNPARSEABLE_AMOUNT,11,rate,This Bill Amount:,
contractor_bills\SATTI_MALL_C007_RunBill_03.xlsx,UNPARSEABLE_AMOUNT,12,rate,Previous Payments:,
contractor_bills\SATTI_MALL_C007_RunBill_03.xlsx,UNPARSEABLE_AMOUNT,13,rate,Retention (10%):,
contractor_bills\SATTI_MALL_C007_RunBill_03.xlsx,UNPARSEABLE_AMOUNT,14,rate,Net Payable:,
contractor_bills\SATTI_MALL_C007_RunBill_03.xlsx,UNPARSEABLE_AMOUNT,15,rate,Approved:,
contractor_bills\SATTI_MALL_C007_RunBill_04.xlsx,UNPARSEABLE_AMOUNT,11,rate,This Bill Amount:,
contractor_bills\SATTI_MALL_C007_RunBill_04.xlsx,UNPARSEABLE_AMOUNT,12,rate,Previous Payments:,
contractor_bills\SATTI_MALL_C007_RunBill_04.xlsx,UNPARSEABLE_AMOUNT,13,rate,Retention (10%):,
contractor_bills\SATTI_MALL_C007_RunBill_04.xlsx,UNPARSEABLE_AMOUNT,14,rate,Net Payable:,
contractor_bills\SATTI_MALL_C007_RunBill_04.xlsx,UNPARSEABLE_AMOUNT,15,rate,Approved:,
contractor_bills\SATTI_MALL_C007_RunBill_04.xlsx,UNPARSEABLE_AMOUNT,10,amount,TBD,
contractor_bills\SATTI_MALL_C007_RunBill_04.xlsx,UNPARSEABLE_AMOUNT,11,amount,TBD,
contractor_bills\SATTI_MALL_C008_RunBill_01.xlsx,UNPARSEABLE_AMOUNT,14,rate,This Bill Amount:,
contractor_bills\SATTI_MALL_C008_RunBill_01.xlsx,UNPARSEABLE_AMOUNT,15,rate,Previous Payments:,
contractor_bills\SATTI_MALL_C008_RunBill_01.xlsx,UNPARSEABLE_AMOUNT,16,rate,Retention (10%):,
contractor_bills\SATTI_MALL_C008_RunBill_01.xlsx,UNPARSEABLE_AMOUNT,17,rate,Net Payable:,
contractor_bills\SATTI_MALL_C008_RunBill_01.xlsx,UNPARSEABLE_AMOUNT,18,rate,Approved:,
contractor_bills\SATTI_MALL_C008_RunBill_02.xlsx,UNPARSEABLE_AMOUNT,15,rate,This Bill Amount:,
contractor_bills\SATTI_MALL_C008_RunBill_02.xlsx,UNPARSEABLE_AMOUNT,16,rate,Previous Payments:,
contractor_bills\SATTI_MALL_C008_RunBill_02.xlsx,UNPARSEABLE_AMOUNT,17,rate,Retention (10%):,
contractor_bills\SATTI_MALL_C008_RunBill_02.xlsx,UNPARSEABLE_AMOUNT,18,rate,Net Payable:,
contractor_bills\SATTI_MALL_C008_RunBill_02.xlsx,UNPARSEABLE_AMOUNT,19,rate,Approved:,
contractor_bills\SATTI_MALL_C008_RunBill_03.xlsx,UNPARSEABLE_AMOUNT,16,rate,This Bill Amount:,
contractor_bills\SATTI_MALL_C008_RunBill_03.xlsx,UNPARSEABLE_AMOUNT,17,rate,Previous Payments:,
contractor_bills\SATTI_MALL_C008_RunBill_03.xlsx,UNPARSEABLE_AMOUNT,18,rate,Retention (10%):,
contractor_bills\SATTI_MALL_C008_RunBill_03.xlsx,UNPARSEABLE_AMOUNT,19,rate,Net Payable:,
contractor_bills\SATTI_MALL_C008_RunBill_03.xlsx,UNPARSEABLE_AMOUNT,20,rate,Approved:,
contractor_bills\SATTI_MALL_C008_RunBill_03.xlsx,UNPARSEABLE_AMOUNT,10,amount,TBD,
contractor_bills\SATTI_MALL_C008_RunBill_03.xlsx,UNPARSEABLE_AMOUNT,16,amount,TBD,
contractor_bills\SATTI_MALL_C008_RunBill_04.xlsx,UNPARSEABLE_AMOUNT,16,rate,This Bill Amount:,
contractor_bills\SATTI_MALL_C008_RunBill_04.xlsx,UNPARSEABLE_AMOUNT,17,rate,Previous Payments:,
contractor_bills\SATTI_MALL_C008_RunBill_04.xlsx,UNPARSEABLE_AMOUNT,18,rate,Retention (10%):,
contractor_bills\SATTI_MALL_C008_RunBill_04.xlsx,UNPARSEABLE_AMOUNT,19,rate,Net Payable:,
contractor_bills\SATTI_MALL_C008_RunBill_04.xlsx,UNPARSEABLE_AMOUNT,20,rate,Approved:,
contractor_bills\SATTI_MALL_C008_RunBill_05.xlsx,UNPARSEABLE_AMOUNT,13,rate,This Bill Amount:,
contractor_bills\SATTI_MALL_C008_RunBill_05.xlsx,UNPARSEABLE_AMOUNT,14,rate,Previous Payments:,
contractor_bills\SATTI_MALL_C008_RunBill_05.xlsx,UNPARSEABLE_AMOUNT,15,rate,Retention (10%):,
contractor_bills\SATTI_MALL_C008_RunBill_05.xlsx,UNPARSEABLE_AMOUNT,16,rate,Net Payable:,
contractor_bills\SATTI_MALL_C008_RunBill_05.xlsx,UNPARSEABLE_AMOUNT,17,rate,Approved:,
contractor_bills\SATTI_PLAZA_C001_RunBill_01.xlsx,UNPARSEABLE_AMOUNT,16,rate,This Bill Amount:,
contractor_bills\SATTI_PLAZA_C001_RunBill_01.xlsx,UNPARSEABLE_AMOUNT,17,rate,Previous Payments:,
contractor_bills\SATTI_PLAZA_C001_RunBill_01.xlsx,UNPARSEABLE_AMOUNT,18,rate,Retention (10%):,
contractor_bills\SATTI_PLAZA_C001_RunBill_01.xlsx,UNPARSEABLE_AMOUNT,19,rate,Net Payable:,
contractor_bills\SATTI_PLAZA_C001_RunBill_01.xlsx,UNPARSEABLE_AMOUNT,20,rate,Approved:,
contractor_bills\SATTI_PLAZA_C001_RunBill_02.xlsx,UNPARSEABLE_AMOUNT,13,rate,This Bill Amount:,
contractor_bills\SATTI_PLAZA_C001_RunBill_02.xlsx,UNPARSEABLE_AMOUNT,14,rate,Previous Payments:,
contractor_bills\SATTI_PLAZA_C001_RunBill_02.xlsx,UNPARSEABLE_AMOUNT,15,rate,Retention (10%):,
contractor_bills\SATTI_PLAZA_C001_RunBill_02.xlsx,UNPARSEABLE_AMOUNT,16,rate,Net Payable:,
contractor_bills\SATTI_PLAZA_C001_RunBill_02.xlsx,UNPARSEABLE_AMOUNT,17,rate,Approved:,
contractor_bills\SATTI_PLAZA_C001_RunBill_02.xlsx,UNPARSEABLE_AMOUNT,8,amount,TBD,
contractor_bills\SATTI_PLAZA_C001_RunBill_03.xlsx,UNPARSEABLE_AMOUNT,16,rate,This Bill Amount:,
contractor_bills\SATTI_PLAZA_C001_RunBill_03.xlsx,UNPARSEABLE_AMOUNT,17,rate,Previous Payments:,
contractor_bills\SATTI_PLAZA_C001_RunBill_03.xlsx,UNPARSEABLE_AMOUNT,18,rate,Retention (10%):,
contractor_bills\SATTI_PLAZA_C001_RunBill_03.xlsx,UNPARSEABLE_AMOUNT,19,rate,Net Payable:,
contractor_bills\SATTI_PLAZA_C001_RunBill_03.xlsx,UNPARSEABLE_AMOUNT,20,rate,Approved:,
contractor_bills\SATTI_PLAZA_C002_RunBill_01.xlsx,UNPARSEABLE_AMOUNT,7,rate,TBD,
contractor_bills\SATTI_PLAZA_C002_RunBill_01.xlsx,UNPARSEABLE_AMOUNT,12,rate,This Bill Amount:,
contractor_bills\SATTI_PLAZA_C002_RunBill_01.xlsx,UNPARSEABLE_AMOUNT,13,rate,Previous Payments:,
contractor_bills\SATTI_PLAZA_C002_RunBill_01.xlsx,UNPARSEABLE_AMOUNT,14,rate,Retention (10%):,
contractor_bills\SATTI_PLAZA_C002_RunBill_01.xlsx,UNPARSEABLE_AMOUNT,15,rate,Net Payable:,
contractor_bills\SATTI_PLAZA_C002_RunBill_01.xlsx,UNPARSEABLE_AMOUNT,16,rate,Approved:,
contractor_bills\SATTI_PLAZA_C002_RunBill_02.xlsx,UNPARSEABLE_AMOUNT,12,rate,This Bill Amount:,
contractor_bills\SATTI_PLAZA_C002_RunBill_02.xlsx,UNPARSEABLE_AMOUNT,13,rate,Previous Payments:,
contractor_bills\SATTI_PLAZA_C002_RunBill_02.xlsx,UNPARSEABLE_AMOUNT,14,rate,Retention (10%):,
contractor_bills\SATTI_PLAZA_C002_RunBill_02.xlsx,UNPARSEABLE_AMOUNT,15,rate,Net Payable:,
contractor_bills\SATTI_PLAZA_C002_RunBill_02.xlsx,UNPARSEABLE_AMOUNT,16,rate,Approved:,
contractor_bills\SATTI_PLAZA_C002_RunBill_03.xlsx,UNPARSEABLE_AMOUNT,13,rate,This Bill Amount:,
contractor_bills\SATTI_PLAZA_C002_RunBill_03.xlsx,UNPARSEABLE_AMOUNT,14,rate,Previous Payments:,
contractor_bills\SATTI_PLAZA_C002_RunBill_03.xlsx,UNPARSEABLE_AMOUNT,15,rate,Retention (10%):,
contractor_bills\SATTI_PLAZA_C002_RunBill_03.xlsx,UNPARSEABLE_AMOUNT,16,rate,Net Payable:,
contractor_bills\SATTI_PLAZA_C002_RunBill_03.xlsx,UNPARSEABLE_AMOUNT,17,rate,Approved:,
contractor_bills\SATTI_PLAZA_C002_RunBill_03.xlsx,UNPARSEABLE_AMOUNT,15,amount,TBD,
contractor_bills\SATTI_PLAZA_C003_RunBill_01.xlsx,UNPARSEABLE_AMOUNT,11,rate,This Bill Amount:,
contractor_bills\SATTI_PLAZA_C003_RunBill_01.xlsx,UNPARSEABLE_AMOUNT,12,rate,Previous Payments:,
contractor_bills\SATTI_PLAZA_C003_RunBill_01.xlsx,UNPARSEABLE_AMOUNT,13,rate,Retention (10%):,
contractor_bills\SATTI_PLAZA_C003_RunBill_01.xlsx,UNPARSEABLE_AMOUNT,14,rate,Net Payable:,
contractor_bills\SATTI_PLAZA_C003_RunBill_01.xlsx,UNPARSEABLE_AMOUNT,15,rate,Approved:,
contractor_bills\SATTI_PLAZA_C003_RunBill_02.xlsx,UNPARSEABLE_AMOUNT,14,rate,This Bill Amount:,
contractor_bills\SATTI_PLAZA_C003_RunBill_02.xlsx,UNPARSEABLE_AMOUNT,15,rate,Previous Payments:,
contractor_bills\SATTI_PLAZA_C003_RunBill_02.xlsx,UNPARSEABLE_AMOUNT,16,rate,Retention (10%):,
contractor_bills\SATTI_PLAZA_C003_RunBill_02.xlsx,UNPARSEABLE_AMOUNT,17,rate,Net Payable:,
contractor_bills\SATTI_PLAZA_C003_RunBill_02.xlsx,UNPARSEABLE_AMOUNT,18,rate,Approved:,
contractor_bills\SATTI_PLAZA_C003_RunBill_03.xlsx,UNPARSEABLE_AMOUNT,15,rate,This Bill Amount:,
contractor_bills\SATTI_PLAZA_C003_RunBill_03.xlsx,UNPARSEABLE_AMOUNT,16,rate,Previous Payments:,
contractor_bills\SATTI_PLAZA_C003_RunBill_03.xlsx,UNPARSEABLE_AMOUNT,17,rate,Retention (10%):,
contractor_bills\SATTI_PLAZA_C003_RunBill_03.xlsx,UNPARSEABLE_AMOUNT,18,rate,Net Payable:,
contractor_bills\SATTI_PLAZA_C003_RunBill_03.xlsx,UNPARSEABLE_AMOUNT,19,rate,Approved:,
contractor_bills\SATTI_PLAZA_C004_RunBill_01.xlsx,UNPARSEABLE_AMOUNT,14,rate,This Bill Amount:,
contractor_bills\SATTI_PLAZA_C004_RunBill_01.xlsx,UNPARSEABLE_AMOUNT,15,rate,Previous Payments:,
contractor_bills\SATTI_PLAZA_C004_RunBill_01.xlsx,UNPARSEABLE_AMOUNT,16,rate,Retention (10%):,
contractor_bills\SATTI_PLAZA_C004_RunBill_01.xlsx,UNPARSEABLE_AMOUNT,17,rate,Net Payable:,
contractor_bills\SATTI_PLAZA_C004_RunBill_01.xlsx,UNPARSEABLE_AMOUNT,18,rate,Approved:,
contractor_bills\SATTI_PLAZA_C004_RunBill_01.xlsx,UNPARSEABLE_AMOUNT,8,amount,TBD,
contractor_bills\SATTI_PLAZA_C004_RunBill_02.xlsx,UNPARSEABLE_AMOUNT,12,rate,This Bill Amount:,
contractor_bills\SATTI_PLAZA_C004_RunBill_02.xlsx,UNPARSEABLE_AMOUNT,13,rate,Previous Payments:,
contractor_bills\SATTI_PLAZA_C004_RunBill_02.xlsx,UNPARSEABLE_AMOUNT,14,rate,Retention (10%):,
contractor_bills\SATTI_PLAZA_C004_RunBill_02.xlsx,UNPARSEABLE_AMOUNT,15,rate,Net Payable:,
contractor_bills\SATTI_PLAZA_C004_RunBill_02.xlsx,UNPARSEABLE_AMOUNT,16,rate,Approved:,
contractor_bills\SATTI_PLAZA_C004_RunBill_02.xlsx,UNPARSEABLE_AMOUNT,15,amount,TBD,
contractor_bills\SATTI_PLAZA_C005_RunBill_01.xlsx,UNPARSEABLE_AMOUNT,13,rate,This Bill Amount:,
contractor_bills\SATTI_PLAZA_C005_RunBill_01.xlsx,UNPARSEABLE_AMOUNT,14,rate,Previous Payments:,
contractor_bills\SATTI_PLAZA_C005_RunBill_01.xlsx,UNPARSEABLE_AMOUNT,15,rate,Retention (10%):,
contractor_bills\SATTI_PLAZA_C005_RunBill_01.xlsx,UNPARSEABLE_AMOUNT,16,rate,Net Payable:,
contractor_bills\SATTI_PLAZA_C005_RunBill_01.xlsx,UNPARSEABLE_AMOUNT,17,rate,Approved:,
contractor_bills\SATTI_PLAZA_C005_RunBill_02.xlsx,UNPARSEABLE_AMOUNT,12,rate,This Bill Amount:,
contractor_bills\SATTI_PLAZA_C005_RunBill_02.xlsx,UNPARSEABLE_AMOUNT,13,rate,Previous Payments:,
contractor_bills\SATTI_PLAZA_C005_RunBill_02.xlsx,UNPARSEABLE_AMOUNT,14,rate,Retention (10%):,
contractor_bills\SATTI_PLAZA_C005_RunBill_02.xlsx,UNPARSEABLE_AMOUNT,15,rate,Net Payable:,
contractor_bills\SATTI_PLAZA_C005_RunBill_02.xlsx,UNPARSEABLE_AMOUNT,16,rate,Approved:,
contractor_bills\SATTI_PLAZA_C006_RunBill_01.xlsx,UNPARSEABLE_AMOUNT,12,rate,This Bill Amount:,
contractor_bills\SATTI_PLAZA_C006_RunBill_01.xlsx,UNPARSEABLE_AMOUNT,13,rate,Previous Payments:,
contractor_bills\SATTI_PLAZA_C006_RunBill_01.xlsx,UNPARSEABLE_AMOUNT,14,rate,Retention (10%):,
contractor_bills\SATTI_PLAZA_C006_RunBill_01.xlsx,UNPARSEABLE_AMOUNT,15,rate,Net Payable:,
contractor_bills\SATTI_PLAZA_C006_RunBill_01.xlsx,UNPARSEABLE_AMOUNT,16,rate,Approved:,
contractor_bills\SATTI_PLAZA_C006_RunBill_01.xlsx,UNPARSEABLE_AMOUNT,14,amount,TBD,
contractor_bills\SATTI_PLAZA_C006_RunBill_02.xlsx,UNPARSEABLE_AMOUNT,15,rate,This Bill Amount:,
contractor_bills\SATTI_PLAZA_C006_RunBill_02.xlsx,UNPARSEABLE_AMOUNT,16,rate,Previous Payments:,
contractor_bills\SATTI_PLAZA_C006_RunBill_02.xlsx,UNPARSEABLE_AMOUNT,17,rate,Retention (10%):,
contractor_bills\SATTI_PLAZA_C006_RunBill_02.xlsx,UNPARSEABLE_AMOUNT,18,rate,Net Payable:,
contractor_bills\SATTI_PLAZA_C006_RunBill_02.xlsx,UNPARSEABLE_AMOUNT,19,rate,Approved:,
contractor_bills\SATTI_PLAZA_C006_RunBill_03.xlsx,UNPARSEABLE_AMOUNT,14,rate,This Bill Amount:,
contractor_bills\SATTI_PLAZA_C006_RunBill_03.xlsx,UNPARSEABLE_AMOUNT,15,rate,Previous Payments:,
contractor_bills\SATTI_PLAZA_C006_RunBill_03.xlsx,UNPARSEABLE_AMOUNT,16,rate,Retention (10%):,
contractor_bills\SATTI_PLAZA_C006_RunBill_03.xlsx,UNPARSEABLE_AMOUNT,17,rate,Net Payable:,
contractor_bills\SATTI_PLAZA_C006_RunBill_03.xlsx,UNPARSEABLE_AMOUNT,18,rate,Approved:,
contractor_bills\SATTI_PLAZA_C006_RunBill_04.xlsx,UNPARSEABLE_AMOUNT,14,rate,This Bill Amount:,
contractor_bills\SATTI_PLAZA_C006_RunBill_04.xlsx,UNPARSEABLE_AMOUNT,15,rate,Previous Payments:,
contractor_bills\SATTI_PLAZA_C006_RunBill_04.xlsx,UNPARSEABLE_AMOUNT,16,rate,Retention (10%):,
contractor_bills\SATTI_PLAZA_C006_RunBill_04.xlsx,UNPARSEABLE_AMOUNT,17,rate,Net Payable:,
contractor_bills\SATTI_PLAZA_C006_RunBill_04.xlsx,UNPARSEABLE_AMOUNT,18,rate,Approved:,
contractor_bills\SATTI_PLAZA_C006_RunBill_05.xlsx,UNPARSEABLE_AMOUNT,12,rate,This Bill Amount:,
contractor_bills\SATTI_PLAZA_C006_RunBill_05.xlsx,UNPARSEABLE_AMOUNT,13,rate,Previous Payments:,
contractor_bills\SATTI_PLAZA_C006_RunBill_05.xlsx,UNPARSEABLE_AMOUNT,14,rate,Retention (10%):,
contractor_bills\SATTI_PLAZA_C006_RunBill_05.xlsx,UNPARSEABLE_AMOUNT,15,rate,Net Payable:,
contractor_bills\SATTI_PLAZA_C006_RunBill_05.xlsx,UNPARSEABLE_AMOUNT,16,rate,Approved:,
contractor_bills\SATTI_PLAZA_C006_RunBill_06.xlsx,UNPARSEABLE_AMOUNT,14,rate,This Bill Amount:,
contractor_bills\SATTI_PLAZA_C006_RunBill_06.xlsx,UNPARSEABLE_AMOUNT,15,rate,Previous Payments:,
contractor_bills\SATTI_PLAZA_C006_RunBill_06.xlsx,UNPARSEABLE_AMOUNT,16,rate,Retention (10%):,
contractor_bills\SATTI_PLAZA_C006_RunBill_06.xlsx,UNPARSEABLE_AMOUNT,17,rate,Net Payable:,
contractor_bills\SATTI_PLAZA_C006_RunBill_06.xlsx,UNPARSEABLE_AMOUNT,18,rate,Approved:,
contractor_bills\SATTI_PLAZA_C007_RunBill_01.xlsx,UNPARSEABLE_AMOUNT,16,rate,This Bill Amount:,
contractor_bills\SATTI_PLAZA_C007_RunBill_01.xlsx,UNPARSEABLE_AMOUNT,17,rate,Previous Payments:,
contractor_bills\SATTI_PLAZA_C007_RunBill_01.xlsx,UNPARSEABLE_AMOUNT,18,rate,Retention (10%):,
contractor_bills\SATTI_PLAZA_C007_RunBill_01.xlsx,UNPARSEABLE_AMOUNT,19,rate,Net Payable:,
contractor_bills\SATTI_PLAZA_C007_RunBill_01.xlsx,UNPARSEABLE_AMOUNT,20,rate,Approved:,
contractor_bills\SATTI_PLAZA_C007_RunBill_02.xlsx,UNPARSEABLE_AMOUNT,15,rate,This Bill Amount:,
contractor_bills\SATTI_PLAZA_C007_RunBill_02.xlsx,UNPARSEABLE_AMOUNT,16,rate,Previous Payments:,
contractor_bills\SATTI_PLAZA_C007_RunBill_02.xlsx,UNPARSEABLE_AMOUNT,17,rate,Retention (10%):,
contractor_bills\SATTI_PLAZA_C007_RunBill_02.xlsx,UNPARSEABLE_AMOUNT,18,rate,Net Payable:,
contractor_bills\SATTI_PLAZA_C007_RunBill_02.xlsx,UNPARSEABLE_AMOUNT,19,rate,Approved:,
contractor_bills\SATTI_PLAZA_C007_RunBill_02.xlsx,UNPARSEABLE_AMOUNT,7,amount,TBD,
contractor_bills\SATTI_PLAZA_C007_RunBill_03.xlsx,UNPARSEABLE_AMOUNT,15,rate,This Bill Amount:,
contractor_bills\SATTI_PLAZA_C007_RunBill_03.xlsx,UNPARSEABLE_AMOUNT,16,rate,Previous Payments:,
contractor_bills\SATTI_PLAZA_C007_RunBill_03.xlsx,UNPARSEABLE_AMOUNT,17,rate,Retention (10%):,
contractor_bills\SATTI_PLAZA_C007_RunBill_03.xlsx,UNPARSEABLE_AMOUNT,18,rate,Net Payable:,
contractor_bills\SATTI_PLAZA_C007_RunBill_03.xlsx,UNPARSEABLE_AMOUNT,19,rate,Approved:,
contractor_bills\SATTI_PLAZA_C007_RunBill_04.xlsx,UNPARSEABLE_AMOUNT,15,rate,This Bill Amount:,
contractor_bills\SATTI_PLAZA_C007_RunBill_04.xlsx,UNPARSEABLE_AMOUNT,16,rate,Previous Payments:,
contractor_bills\SATTI_PLAZA_C007_RunBill_04.xlsx,UNPARSEABLE_AMOUNT,17,rate,Retention (10%):,
contractor_bills\SATTI_PLAZA_C007_RunBill_04.xlsx,UNPARSEABLE_AMOUNT,18,rate,Net Payable:,
contractor_bills\SATTI_PLAZA_C007_RunBill_04.xlsx,UNPARSEABLE_AMOUNT,19,rate,Approved:,
contractor_bills\SATTI_PLAZA_C008_RunBill_01.xlsx,UNPARSEABLE_AMOUNT,11,rate,This Bill Amount:,
contractor_bills\SATTI_PLAZA_C008_RunBill_01.xlsx,UNPARSEABLE_AMOUNT,12,rate,Previous Payments:,
contractor_bills\SATTI_PLAZA_C008_RunBill_01.xlsx,UNPARSEABLE_AMOUNT,13,rate,Retention (10%):,
contractor_bills\SATTI_PLAZA_C008_RunBill_01.xlsx,UNPARSEABLE_AMOUNT,14,rate,Net Payable:,
contractor_bills\SATTI_PLAZA_C008_RunBill_01.xlsx,UNPARSEABLE_AMOUNT,15,rate,Approved:,
contractor_bills\SATTI_PLAZA_C008_RunBill_02.xlsx,UNPARSEABLE_AMOUNT,12,rate,This Bill Amount:,
contractor_bills\SATTI_PLAZA_C008_RunBill_02.xlsx,UNPARSEABLE_AMOUNT,13,rate,Previous Payments:,
contractor_bills\SATTI_PLAZA_C008_RunBill_02.xlsx,UNPARSEABLE_AMOUNT,14,rate,Retention (10%):,
contractor_bills\SATTI_PLAZA_C008_RunBill_02.xlsx,UNPARSEABLE_AMOUNT,15,rate,Net Payable:,
contractor_bills\SATTI_PLAZA_C008_RunBill_02.xlsx,UNPARSEABLE_AMOUNT,16,rate,Approved:,
contractor_bills\SATTI_PLAZA_C008_RunBill_02.xlsx,UNPARSEABLE_AMOUNT,11,amount,TBD,
contractor_bills\SATTI_PLAZA_C008_RunBill_03.xlsx,UNPARSEABLE_AMOUNT,16,rate,This Bill Amount:,
contractor_bills\SATTI_PLAZA_C008_RunBill_03.xlsx,UNPARSEABLE_AMOUNT,17,rate,Previous Payments:,
contractor_bills\SATTI_PLAZA_C008_RunBill_03.xlsx,UNPARSEABLE_AMOUNT,18,rate,Retention (10%):,
contractor_bills\SATTI_PLAZA_C008_RunBill_03.xlsx,UNPARSEABLE_AMOUNT,19,rate,Net Payable:,
contractor_bills\SATTI_PLAZA_C008_RunBill_03.xlsx,UNPARSEABLE_AMOUNT,20,rate,Approved:,
contractor_bills\SATTI_PLAZA_C008_RunBill_04.xlsx,UNPARSEABLE_AMOUNT,14,rate,This Bill Amount:,
contractor_bills\SATTI_PLAZA_C008_RunBill_04.xlsx,UNPARSEABLE_AMOUNT,15,rate,Previous Payments:,
contractor_bills\SATTI_PLAZA_C008_RunBill_04.xlsx,UNPARSEABLE_AMOUNT,16,rate,Retention (10%):,
contractor_bills\SATTI_PLAZA_C008_RunBill_04.xlsx,UNPARSEABLE_AMOUNT,17,rate,Net Payable:,
contractor_bills\SATTI_PLAZA_C008_RunBill_04.xlsx,UNPARSEABLE_AMOUNT,18,rate,Approved:,
contractor_bills\SATTI_PLAZA_C008_RunBill_05.xlsx,UNPARSEABLE_AMOUNT,12,rate,This Bill Amount:,
contractor_bills\SATTI_PLAZA_C008_RunBill_05.xlsx,UNPARSEABLE_AMOUNT,13,rate,Previous Payments:,
contractor_bills\SATTI_PLAZA_C008_RunBill_05.xlsx,UNPARSEABLE_AMOUNT,14,rate,Retention (10%):,
contractor_bills\SATTI_PLAZA_C008_RunBill_05.xlsx,UNPARSEABLE_AMOUNT,15,rate,Net Payable:,
contractor_bills\SATTI_PLAZA_C008_RunBill_05.xlsx,UNPARSEABLE_AMOUNT,16,rate,Approved:,
inventory\SATTI_APTS_Inventory_Jul2015.xlsx,UNPARSEABLE_AMOUNT,13,opening_stock,TBD,
inventory\SATTI_APTS_Inventory_Jul2015.xlsx,UNPARSEABLE_AMOUNT,16,opening_stock,Date:,
inventory\SATTI_APTS_Inventory_Jul2015.xlsx,UNPARSEABLE_AMOUNT,1,received,TBD,
inventory\SATTI_APTS_Inventory_Jul2015.xlsx,UNPARSEABLE_AMOUNT,16,received,09-11-2017,
inventory\SATTI_APTS_Inventory_Jul2016.xlsx,UNPARSEABLE_AMOUNT,7,opening_stock,TBD,
inventory\SATTI_APTS_Inventory_Jul2016.xlsx,UNPARSEABLE_AMOUNT,16,opening_stock,Date:,
inventory\SATTI_APTS_Inventory_Jul2016.xlsx,UNPARSEABLE_AMOUNT,5,received,TBD,
inventory\SATTI_APTS_Inventory_Jul2016.xlsx,UNPARSEABLE_AMOUNT,16,received,2017/10/19,
inventory\SATTI_APTS_Inventory_Jul2016.xlsx,UNPARSEABLE_AMOUNT,7,balance,TBD,
inventory\SATTI_APTS_Inventory_Jul2017.xlsx,UNPARSEABLE_AMOUNT,17,opening_stock,Date:,
inventory\SATTI_APTS_Inventory_Jul2017.xlsx,UNPARSEABLE_AMOUNT,2,credit,TBD,
inventory\SATTI_APTS_Inventory_Jul2017.xlsx,UNPARSEABLE_AMOUNT,17,credit,12-01-2015,
inventory\SATTI_APTS_Inventory_Jul2017.xlsx,UNPARSEABLE_AMOUNT,1,debit,TBD,
inventory\SATTI_APTS_Inventory_Jul2018.xlsx,UNPARSEABLE_AMOUNT,8,opening_stock,TBD,
inventory\SATTI_APTS_Inventory_Jul2018.xlsx,UNPARSEABLE_AMOUNT,17,opening_stock,Date:,
inventory\SATTI_APTS_Inventory_Jul2018.xlsx,UNPARSEABLE_AMOUNT,17,received,"November 13, 2017",
inventory\SATTI_APTS_Inventory_Jul2018.xlsx,UNPARSEABLE_AMOUNT,14,balance,TBD,
inventory\SATTI_APTS_Inventory_Mar2015.xlsx,UNPARSEABLE_AMOUNT,2,opening_stock,TBD,
inventory\SATTI_APTS_Inventory_Mar2015.xlsx,UNPARSEABLE_AMOUNT,16,opening_stock,TBD,
inventory\SATTI_APTS_Inventory_Mar2015.xlsx,UNPARSEABLE_AMOUNT,17,opening_stock,Date:,
inventory\SATTI_APTS_Inventory_Mar2015.xlsx,UNPARSEABLE_AMOUNT,17,credit,21-Jun-2018,
inventory\SATTI_APTS_Inventory_Mar2015.xlsx,UNPARSEABLE_AMOUNT,2,closing_stock,TBD,
inventory\SATTI_APTS_Inventory_Mar2016.xlsx,UNPARSEABLE_AMOUNT,18,opening_stock,Date:,
inventory\SATTI_APTS_Inventory_Mar2016.xlsx,UNPARSEABLE_AMOUNT,18,received,"December 03, 2015",
inventory\SATTI_APTS_Inventory_Mar2017.xlsx,UNPARSEABLE_AMOUNT,20,opening_stock,Date:,
inventory\SATTI_APTS_Inventory_Mar2017.xlsx,UNPARSEABLE_AMOUNT,12,credit,TBD,
inventory\SATTI_APTS_Inventory_Mar2017.xlsx,UNPARSEABLE_AMOUNT,20,credit,08-03-2015,
inventory\SATTI_APTS_Inventory_Mar2017.xlsx,UNPARSEABLE_AMOUNT,15,debit,TBD,
inventory\SATTI_APTS_Inventory_Mar2017.xlsx,UNPARSEABLE_AMOUNT,5,closing_stock,TBD,
inventory\SATTI_APTS_Inventory_Mar2018.xlsx,UNPARSEABLE_AMOUNT,16,opening_stock,Date:,
inventory\SATTI_APTS_Inventory_Mar2018.xlsx,UNPARSEABLE_AMOUNT,16,credit,2016/05/17,
inventory\SATTI_APTS_Inventory_Nov2015.xlsx,UNPARSEABLE_AMOUNT,10,opening_stock,TBD,
inventory\SATTI_APTS_Inventory_Nov2015.xlsx,UNPARSEABLE_AMOUNT,18,opening_stock,Date:,
inventory\SATTI_APTS_Inventory_Nov2015.xlsx,UNPARSEABLE_AMOUNT,18,received,29-Jun-2017,
inventory\SATTI_APTS_Inventory_Nov2015.xlsx,UNPARSEABLE_AMOUNT,8,closing_stock,TBD,
inventory\SATTI_APTS_Inventory_Nov2016.xlsx,UNPARSEABLE_AMOUNT,13,opening_stock,Date:,
inventory\SATTI_APTS_Inventory_Nov2016.xlsx,UNPARSEABLE_AMOUNT,13,received,05/03/2018,
inventory\SATTI_APTS_Inventory_Nov2017.xlsx,UNPARSEABLE_AMOUNT,16,opening_stock,TBD,
inventory\SATTI_APTS_Inventory_Nov2017.xlsx,UNPARSEABLE_AMOUNT,20,opening_stock,Date:,
inventory\SATTI_APTS_Inventory_Nov2017.xlsx,UNPARSEABLE_AMOUNT,20,credit,"January 08, 2016",
inventory\SATTI_MALL_Inventory_Jan2007.xlsx,UNPARSEABLE_AMOUNT,11,opening_stock,Date:,
inventory\SATTI_MALL_Inventory_Jan2007.xlsx,UNPARSEABLE_AMOUNT,11,received,2007/07/19,
inventory\SATTI_MALL_Inventory_Jan2008.xlsx,UNPARSEABLE_AMOUNT,13,opening_stock,Date:,
inventory\SATTI_MALL_Inventory_Jan2008.xlsx,UNPARSEABLE_AMOUNT,13,received,2007/06/16,
inventory\SATTI_MALL_Inventory_May2006.xlsx,UNPARSEABLE_AMOUNT,16,opening_stock,Date:,
inventory\SATTI_MALL_Inventory_May2006.xlsx,UNPARSEABLE_AMOUNT,16,received,05.01.2007,
inventory\SATTI_MALL_Inventory_May2007.xlsx,UNPARSEABLE_AMOUNT,13,opening_stock,Date:,
inventory\SATTI_MALL_Inventory_May2007.xlsx,UNPARSEABLE_AMOUNT,5,received,TBD,
inventory\SATTI_MALL_Inventory_May2007.xlsx,UNPARSEABLE_AMOUNT,13,received,27-Mar-2007,
inventory\SATTI_MALL_Inventory_May2007.xlsx,UNPARSEABLE_AMOUNT,10,issued,TBD,
inventory\SATTI_MALL_Inventory_Sep2006.xlsx,UNPARSEABLE_AMOUNT,15,opening_stock,Date:,
inventory\SATTI_MALL_Inventory_Sep2006.xlsx,UNPARSEABLE_AMOUNT,15,received,2008/01/12,
inventory\SATTI_MALL_Inventory_Sep2006.xlsx,UNPARSEABLE_AMOUNT,9,balance,TBD,
inventory\SATTI_MALL_Inventory_Sep2007.xlsx,UNPARSEABLE_AMOUNT,10,opening_stock,Date:,
inventory\SATTI_MALL_Inventory_Sep2007.xlsx,UNPARSEABLE_AMOUNT,10,received,2007/08/14,
inventory\SATTI_PLAZA_Inventory_Apr2011.xlsx,UNPARSEABLE_AMOUNT,16,opening_stock,Date:,
inventory\SATTI_PLAZA_Inventory_Apr2011.xlsx,UNPARSEABLE_AMOUNT,16,credit,13.12.2011,
inventory\SATTI_PLAZA_Inventory_Apr2012.xlsx,UNPARSEABLE_AMOUNT,5,opening_stock,TBD,
inventory\SATTI_PLAZA_Inventory_Apr2012.xlsx,UNPARSEABLE_AMOUNT,11,opening_stock,TBD,
inventory\SATTI_PLAZA_Inventory_Apr2012.xlsx,UNPARSEABLE_AMOUNT,12,opening_stock,TBD,
inventory\SATTI_PLAZA_Inventory_Apr2012.xlsx,UNPARSEABLE_AMOUNT,16,opening_stock,Date:,
inventory\SATTI_PLAZA_Inventory_Apr2012.xlsx,UNPARSEABLE_AMOUNT,16,received,"October 09, 2012",
inventory\SATTI_PLAZA_Inventory_Apr2012.xlsx,UNPARSEABLE_AMOUNT,13,balance,TBD,
inventory\SATTI_PLAZA_Inventory_Apr2013.xlsx,UNPARSEABLE_AMOUNT,18,opening_stock,Date:,
inventory\SATTI_PLAZA_Inventory_Apr2013.xlsx,UNPARSEABLE_AMOUNT,18,received,13-Apr-2011,
inventory\SATTI_PLAZA_Inventory_Apr2013.xlsx,UNPARSEABLE_AMOUNT,17,issued,TBD,
inventory\SATTI_PLAZA_Inventory_Apr2014.xlsx,UNPARSEABLE_AMOUNT,20,opening_stock,Date:,
inventory\SATTI_PLAZA_Inventory_Apr2014.xlsx,UNPARSEABLE_AMOUNT,20,credit,"May 02, 2014",
inventory\SATTI_PLAZA_Inventory_Apr2014.xlsx,UNPARSEABLE_AMOUNT,18,closing_stock,TBD,
inventory\SATTI_PLAZA_Inventory_Aug2011.xlsx,UNPARSEABLE_AMOUNT,10,opening_stock,Date:,
inventory\SATTI_PLAZA_Inventory_Aug2011.xlsx,UNPARSEABLE_AMOUNT,10,received,24.10.2013,
inventory\SATTI_PLAZA_Inventory_Aug2012.xlsx,UNPARSEABLE_AMOUNT,18,opening_stock,Date:,
inventory\SATTI_PLAZA_Inventory_Aug2012.xlsx,UNPARSEABLE_AMOUNT,18,credit,04-03-2014,
inventory\SATTI_PLAZA_Inventory_Aug2013.xlsx,UNPARSEABLE_AMOUNT,9,opening_stock,Date:,
inventory\SATTI_PLAZA_Inventory_Aug2013.xlsx,UNPARSEABLE_AMOUNT,9,received,18/08/2011,
inventory\SATTI_PLAZA_Inventory_Dec2011.xlsx,UNPARSEABLE_AMOUNT,8,opening_stock,TBD,
inventory\SATTI_PLAZA_Inventory_Dec2011.xlsx,UNPARSEABLE_AMOUNT,10,opening_stock,Date:,
inventory\SATTI_PLAZA_Inventory_Dec2011.xlsx,UNPARSEABLE_AMOUNT,3,credit,TBD,
inventory\SATTI_PLAZA_Inventory_Dec2011.xlsx,UNPARSEABLE_AMOUNT,10,credit,01.12.2012,
inventory\SATTI_PLAZA_Inventory_Dec2011.xlsx,UNPARSEABLE_AMOUNT,3,debit,TBD,
inventory\SATTI_PLAZA_Inventory_Dec2012.xlsx,UNPARSEABLE_AMOUNT,16,opening_stock,TBD,
inventory\SATTI_PLAZA_Inventory_Dec2012.xlsx,UNPARSEABLE_AMOUNT,21,opening_stock,Date:,
inventory\SATTI_PLAZA_Inventory_Dec2012.xlsx,UNPARSEABLE_AMOUNT,11,received,TBD,
inventory\SATTI_PLAZA_Inventory_Dec2012.xlsx,UNPARSEABLE_AMOUNT,12,received,TBD,
inventory\SATTI_PLAZA_Inventory_Dec2012.xlsx,UNPARSEABLE_AMOUNT,17,received,TBD,
inventory\SATTI_PLAZA_Inventory_Dec2012.xlsx,UNPARSEABLE_AMOUNT,21,received,04/02/2012,
inventory\SATTI_PLAZA_Inventory_Dec2013.xlsx,UNPARSEABLE_AMOUNT,16,opening_stock,Date:,
inventory\SATTI_PLAZA_Inventory_Dec2013.xlsx,UNPARSEABLE_AMOUNT,16,received,"May 17, 2013",
item_masters\Consolidated_Items_OLD.xlsx,UNPARSEABLE_AMOUNT,11,rate_3,TBD,
item_masters\ItemMaster_Mall_Legacy.xlsx,UNPARSEABLE_AMOUNT,7,rate_2,TBD,
item_masters\ItemMaster_Mall_Legacy.xlsx,UNPARSEABLE_AMOUNT,7,rate_3,TBD,
item_masters\ItemMaster_Plaza_2011.xlsx,UNPARSEABLE_AMOUNT,13,rate,TBD,
item_masters\Material_Register_Apts.xlsx,UNPARSEABLE_AMOUNT,8,rate,TBD,
item_masters\Material_Register_Apts.xlsx,UNPARSEABLE_AMOUNT,4,rate_3,TBD,
labour_wages\SATTI_APTS_Labour_Dec2015.xlsx,UNPARSEABLE_AMOUNT,21,rate,Total:,
labour_wages\SATTI_APTS_Labour_Dec2015.xlsx,UNPARSEABLE_AMOUNT,22,advance,Approved:,
labour_wages\SATTI_APTS_Labour_Dec2016.xlsx,UNPARSEABLE_AMOUNT,22,rate,Total:,
labour_wages\SATTI_APTS_Labour_Dec2016.xlsx,UNPARSEABLE_AMOUNT,23,advance,Approved:,
labour_wages\SATTI_APTS_Labour_Dec2016.xlsx,UNPARSEABLE_AMOUNT,2,total,Sub-total,
labour_wages\SATTI_APTS_Labour_Dec2016.xlsx,UNPARSEABLE_AMOUNT,15,total,Sub-total,
labour_wages\SATTI_APTS_Labour_Dec2016.xlsx,UNPARSEABLE_AMOUNT,18,total,Sub-total,
labour_wages\SATTI_APTS_Labour_Dec2017.xlsx,UNPARSEABLE_AMOUNT,26,rate,TBD,
labour_wages\SATTI_APTS_Labour_Dec2017.xlsx,UNPARSEABLE_AMOUNT,29,rate,Total:,
labour_wages\SATTI_APTS_Labour_Dec2017.xlsx,UNPARSEABLE_AMOUNT,30,advance,Approved:,
labour_wages\SATTI_APTS_Labour_Dec2017.xlsx,UNPARSEABLE_AMOUNT,9,total,TBD,
labour_wages\SATTI_APTS_Labour_Dec2017.xlsx,UNPARSEABLE_AMOUNT,18,total,Sub-total,
labour_wages\SATTI_APTS_Labour_Dec2017.xlsx,UNPARSEABLE_AMOUNT,20,total,Sub-total,
labour_wages\SATTI_APTS_Labour_Dec2017.xlsx,UNPARSEABLE_AMOUNT,22,total,TBD,
labour_wages\SATTI_APTS_Labour_Dec2017.xlsx,UNPARSEABLE_AMOUNT,27,total,Sub-total,
labour_wages\SATTI_APTS_Labour_Jun2015.xlsx,UNPARSEABLE_AMOUNT,13,rate,TBD,
labour_wages\SATTI_APTS_Labour_Jun2015.xlsx,UNPARSEABLE_AMOUNT,28,rate,Total:,
labour_wages\SATTI_APTS_Labour_Jun2015.xlsx,UNPARSEABLE_AMOUNT,19,amount,TBD,
labour_wages\SATTI_APTS_Labour_Jun2015.xlsx,UNPARSEABLE_AMOUNT,3,advance,TBD,
labour_wages\SATTI_APTS_Labour_Jun2015.xlsx,UNPARSEABLE_AMOUNT,29,advance,Approved:,
labour_wages\SATTI_APTS_Labour_Jun2015.xlsx,UNPARSEABLE_AMOUNT,7,total,Sub-total,
labour_wages\SATTI_APTS_Labour_Jun2015.xlsx,UNPARSEABLE_AMOUNT,17,total,Sub-total,
labour_wages\SATTI_APTS_Labour_Jun2015.xlsx,UNPARSEABLE_AMOUNT,21,total,Sub-total,
labour_wages\SATTI_APTS_Labour_Jun2016.xlsx,UNPARSEABLE_AMOUNT,18,rate,Total:,
labour_wages\SATTI_APTS_Labour_Jun2016.xlsx,UNPARSEABLE_AMOUNT,4,amount,TBD,
labour_wages\SATTI_APTS_Labour_Jun2016.xlsx,UNPARSEABLE_AMOUNT,17,amount,TBD,
labour_wages\SATTI_APTS_Labour_Jun2016.xlsx,UNPARSEABLE_AMOUNT,19,advance,Approved:,
labour_wages\SATTI_APTS_Labour_Jun2016.xlsx,UNPARSEABLE_AMOUNT,14,total,TBD,
labour_wages\SATTI_APTS_Labour_Jun2016.xlsx,UNPARSEABLE_AMOUNT,15,total,TBD,
labour_wages\SATTI_APTS_Labour_Jun2017.xlsx,UNPARSEABLE_AMOUNT,13,rate,Total:,
labour_wages\SATTI_APTS_Labour_Jun2018.xlsx,UNPARSEABLE_AMOUNT,11,rate,TBD,
labour_wages\SATTI_APTS_Labour_Jun2018.xlsx,UNPARSEABLE_AMOUNT,15,rate,Total:,
labour_wages\SATTI_APTS_Labour_Jun2018.xlsx,UNPARSEABLE_AMOUNT,12,advance,TBD,
labour_wages\SATTI_APTS_Labour_Jun2018.xlsx,UNPARSEABLE_AMOUNT,16,advance,Approved:,
labour_wages\SATTI_APTS_Labour_Mar2015.xlsx,UNPARSEABLE_AMOUNT,14,rate,Total:,
labour_wages\SATTI_APTS_Labour_Mar2015.xlsx,UNPARSEABLE_AMOUNT,15,advance,Approved:,
labour_wages\SATTI_APTS_Labour_Mar2015.xlsx,UNPARSEABLE_AMOUNT,2,total,Sub-total,
labour_wages\SATTI_APTS_Labour_Mar2016.xlsx,UNPARSEABLE_AMOUNT,27,rate,Total:,
labour_wages\SATTI_APTS_Labour_Mar2016.xlsx,UNPARSEABLE_AMOUNT,1,total,TBD,
labour_wages\SATTI_APTS_Labour_Mar2017.xlsx,UNPARSEABLE_AMOUNT,5,rate,TBD,
labour_wages\SATTI_APTS_Labour_Mar2017.xlsx,UNPARSEABLE_AMOUNT,14,rate,Total:,
labour_wages\SATTI_APTS_Labour_Mar2018.xlsx,UNPARSEABLE_AMOUNT,19,rate,Total:,
labour_wages\SATTI_APTS_Labour_Mar2018.xlsx,UNPARSEABLE_AMOUNT,20,advance,Approved:,
labour_wages\SATTI_APTS_Labour_Sep2015.xlsx,UNPARSEABLE_AMOUNT,9,rate,Total:,
labour_wages\SATTI_APTS_Labour_Sep2015.xlsx,UNPARSEABLE_AMOUNT,10,advance,Approved:,
labour_wages\SATTI_APTS_Labour_Sep2016.xlsx,UNPARSEABLE_AMOUNT,24,rate,Total:,
labour_wages\SATTI_APTS_Labour_Sep2017.xlsx,UNPARSEABLE_AMOUNT,13,rate,Total:,
labour_wages\SATTI_APTS_Labour_Sep2017.xlsx,UNPARSEABLE_AMOUNT,5,amount,TBD,
labour_wages\SATTI_APTS_Labour_Sep2017.xlsx,UNPARSEABLE_AMOUNT,3,advance,TBD,
labour_wages\SATTI_APTS_Labour_Sep2017.xlsx,UNPARSEABLE_AMOUNT,14,advance,Approved:,
labour_wages\SATTI_APTS_Labour_Sep2017.xlsx,UNPARSEABLE_AMOUNT,8,total,TBD,
labour_wages\SATTI_MALL_Labour_Aug2006.xlsx,UNPARSEABLE_AMOUNT,3,rate,TBD,
labour_wages\SATTI_MALL_Labour_Aug2006.xlsx,UNPARSEABLE_AMOUNT,17,rate,Total:,
labour_wages\SATTI_MALL_Labour_Aug2006.xlsx,UNPARSEABLE_AMOUNT,8,total,TBD,
labour_wages\SATTI_MALL_Labour_Aug2007.xlsx,UNPARSEABLE_AMOUNT,3,rate,TBD,
labour_wages\SATTI_MALL_Labour_Aug2007.xlsx,UNPARSEABLE_AMOUNT,18,rate,Total:,
labour_wages\SATTI_MALL_Labour_Aug2007.xlsx,UNPARSEABLE_AMOUNT,3,amount,TBD,
labour_wages\SATTI_MALL_Labour_Aug2007.xlsx,UNPARSEABLE_AMOUNT,19,advance,Approved:,
labour_wages\SATTI_MALL_Labour_Aug2007.xlsx,UNPARSEABLE_AMOUNT,3,total,TBD,
labour_wages\SATTI_MALL_Labour_Aug2007.xlsx,UNPARSEABLE_AMOUNT,14,total,Sub-total,
labour_wages\SATTI_MALL_Labour_Feb2007.xlsx,UNPARSEABLE_AMOUNT,1,rate,TBD,
labour_wages\SATTI_MALL_Labour_Feb2007.xlsx,UNPARSEABLE_AMOUNT,29,rate,Total:,
labour_wages\SATTI_MALL_Labour_Feb2007.xlsx,UNPARSEABLE_AMOUNT,26,amount,TBD,
labour_wages\SATTI_MALL_Labour_Feb2007.xlsx,UNPARSEABLE_AMOUNT,30,advance,Approved:,
labour_wages\SATTI_MALL_Labour_Feb2007.xlsx,UNPARSEABLE_AMOUNT,5,total,Sub-total,
labour_wages\SATTI_MALL_Labour_Feb2007.xlsx,UNPARSEABLE_AMOUNT,11,total,TBD,
labour_wages\SATTI_MALL_Labour_Feb2007.xlsx,UNPARSEABLE_AMOUNT,19,total,Sub-total,
labour_wages\SATTI_MALL_Labour_Feb2007.xlsx,UNPARSEABLE_AMOUNT,23,total,Sub-total,
labour_wages\SATTI_MALL_Labour_Feb2008.xlsx,UNPARSEABLE_AMOUNT,11,rate,Total:,
labour_wages\SATTI_MALL_Labour_Feb2008.xlsx,UNPARSEABLE_AMOUNT,3,total,TBD,
labour_wages\SATTI_MALL_Labour_Feb2008.xlsx,UNPARSEABLE_AMOUNT,6,total,TBD,
labour_wages\SATTI_MALL_Labour_May2006.xlsx,UNPARSEABLE_AMOUNT,9,rate,Total:,
labour_wages\SATTI_MALL_Labour_May2006.xlsx,UNPARSEABLE_AMOUNT,10,advance,Approved:,
labour_wages\SATTI_MALL_Labour_May2006.xlsx,UNPARSEABLE_AMOUNT,2,total,TBD,
labour_wages\SATTI_MALL_Labour_May2007.xlsx,UNPARSEABLE_AMOUNT,8,rate,TBD,
labour_wages\SATTI_MALL_Labour_May2007.xlsx,UNPARSEABLE_AMOUNT,14,rate,Total:,
labour_wages\SATTI_MALL_Labour_Nov2006.xlsx,UNPARSEABLE_AMOUNT,23,rate,Total:,
labour_wages\SATTI_MALL_Labour_Nov2006.xlsx,UNPARSEABLE_AMOUNT,19,advance,TBD,
labour_wages\SATTI_MALL_Labour_Nov2006.xlsx,UNPARSEABLE_AMOUNT,24,advance,Approved:,
labour_wages\SATTI_MALL_Labour_Nov2006.xlsx,UNPARSEABLE_AMOUNT,10,total,Sub-total,
labour_wages\SATTI_MALL_Labour_Nov2006.xlsx,UNPARSEABLE_AMOUNT,16,total,Sub-total,
labour_wages\SATTI_MALL_Labour_Nov2007.xlsx,UNPARSEABLE_AMOUNT,2,rate,TBD,
labour_wages\SATTI_MALL_Labour_Nov2007.xlsx,UNPARSEABLE_AMOUNT,22,rate,Total:,
labour_wages\SATTI_MALL_Labour_Nov2007.xlsx,UNPARSEABLE_AMOUNT,8,amount,TBD,
labour_wages\SATTI_MALL_Labour_Nov2007.xlsx,UNPARSEABLE_AMOUNT,23,advance,Approved:,
labour_wages\SATTI_MALL_Labour_Nov2007.xlsx,UNPARSEABLE_AMOUNT,20,total,TBD,
labour_wages\SATTI_PLAZA_Labour_Apr2011.xlsx,UNPARSEABLE_AMOUNT,16,rate,TBD,
labour_wages\SATTI_PLAZA_Labour_Apr2011.xlsx,UNPARSEABLE_AMOUNT,24,rate,Total:,
labour_wages\SATTI_PLAZA_Labour_Apr2011.xlsx,UNPARSEABLE_AMOUNT,2,amount,TBD,
labour_wages\SATTI_PLAZA_Labour_Apr2011.xlsx,UNPARSEABLE_AMOUNT,6,advance,TBD,
labour_wages\SATTI_PLAZA_Labour_Apr2011.xlsx,UNPARSEABLE_AMOUNT,8,advance,TBD,
labour_wages\SATTI_PLAZA_Labour_Apr2011.xlsx,UNPARSEABLE_AMOUNT,25,advance,Approved:,
labour_wages\SATTI_PLAZA_Labour_Apr2011.xlsx,UNPARSEABLE_AMOUNT,11,total,Sub-total,
labour_wages\SATTI_PLAZA_Labour_Apr2011.xlsx,UNPARSEABLE_AMOUNT,12,total,TBD,
labour_wages\SATTI_PLAZA_Labour_Apr2011.xlsx,UNPARSEABLE_AMOUNT,13,total,Sub-total,
labour_wages\SATTI_PLAZA_Labour_Apr2012.xlsx,UNPARSEABLE_AMOUNT,23,rate,Total:,
labour_wages\SATTI_PLAZA_Labour_Apr2012.xlsx,UNPARSEABLE_AMOUNT,24,advance,Approved:,
labour_wages\SATTI_PLAZA_Labour_Apr2012.xlsx,UNPARSEABLE_AMOUNT,16,total,Sub-total,
labour_wages\SATTI_PLAZA_Labour_Apr2012.xlsx,UNPARSEABLE_AMOUNT,18,total,Sub-total,
labour_wages\SATTI_PLAZA_Labour_Apr2013.xlsx,UNPARSEABLE_AMOUNT,24,rate,Total:,
labour_wages\SATTI_PLAZA_Labour_Apr2013.xlsx,UNPARSEABLE_AMOUNT,14,amount,TBD,
labour_wages\SATTI_PLAZA_Labour_Apr2013.xlsx,UNPARSEABLE_AMOUNT,25,advance,Approved:,
labour_wages\SATTI_PLAZA_Labour_Apr2013.xlsx,UNPARSEABLE_AMOUNT,14,total,TBD,
labour_wages\SATTI_PLAZA_Labour_Apr2013.xlsx,UNPARSEABLE_AMOUNT,20,total,Sub-total,
labour_wages\SATTI_PLAZA_Labour_Apr2014.xlsx,UNPARSEABLE_AMOUNT,5,rate,TBD,
labour_wages\SATTI_PLAZA_Labour_Apr2014.xlsx,UNPARSEABLE_AMOUNT,13,rate,Total:,
labour_wages\SATTI_PLAZA_Labour_Apr2014.xlsx,UNPARSEABLE_AMOUNT,10,advance,TBD,
labour_wages\SATTI_PLAZA_Labour_Apr2014.xlsx,UNPARSEABLE_AMOUNT,14,advance,Approved:,
labour_wages\SATTI_PLAZA_Labour_Jan2012.xlsx,UNPARSEABLE_AMOUNT,4,rate,TBD,
labour_wages\SATTI_PLAZA_Labour_Jan2012.xlsx,UNPARSEABLE_AMOUNT,5,rate,TBD,
labour_wages\SATTI_PLAZA_Labour_Jan2012.xlsx,UNPARSEABLE_AMOUNT,25,rate,Total:,
labour_wages\SATTI_PLAZA_Labour_Jan2013.xlsx,UNPARSEABLE_AMOUNT,12,rate,Total:,
labour_wages\SATTI_PLAZA_Labour_Jan2014.xlsx,UNPARSEABLE_AMOUNT,25,rate,Total:,
labour_wages\SATTI_PLAZA_Labour_Jan2014.xlsx,UNPARSEABLE_AMOUNT,21,advance,TBD,
labour_wages\SATTI_PLAZA_Labour_Jan2014.xlsx,UNPARSEABLE_AMOUNT,26,advance,Approved:,
labour_wages\SATTI_PLAZA_Labour_Jan2014.xlsx,UNPARSEABLE_AMOUNT,10,total,Sub-total,
labour_wages\SATTI_PLAZA_Labour_Jul2011.xlsx,UNPARSEABLE_AMOUNT,10,rate,Total:,
labour_wages\SATTI_PLAZA_Labour_Jul2011.xlsx,UNPARSEABLE_AMOUNT,9,amount,TBD,
labour_wages\SATTI_PLAZA_Labour_Jul2011.xlsx,UNPARSEABLE_AMOUNT,11,advance,Approved:,
labour_wages\SATTI_PLAZA_Labour_Jul2012.xlsx,UNPARSEABLE_AMOUNT,2,rate,TBD,
labour_wages\SATTI_PLAZA_Labour_Jul2012.xlsx,UNPARSEABLE_AMOUNT,11,rate,Total:,
labour_wages\SATTI_PLAZA_Labour_Jul2013.xlsx,UNPARSEABLE_AMOUNT,15,rate,Total:,
labour_wages\SATTI_PLAZA_Labour_Jul2013.xlsx,UNPARSEABLE_AMOUNT,16,advance,Approved:,
labour_wages\SATTI_PLAZA_Labour_Jul2013.xlsx,UNPARSEABLE_AMOUNT,5,total,TBD,
labour_wages\SATTI_PLAZA_Labour_Oct2011.xlsx,UNPARSEABLE_AMOUNT,23,rate,Total:,
labour_wages\SATTI_PLAZA_Labour_Oct2011.xlsx,UNPARSEABLE_AMOUNT,20,amount,TBD,
labour_wages\SATTI_PLAZA_Labour_Oct2011.xlsx,UNPARSEABLE_AMOUNT,24,advance,Approved:,
labour_wages\SATTI_PLAZA_Labour_Oct2011.xlsx,UNPARSEABLE_AMOUNT,7,total,Sub-total,
labour_wages\SATTI_PLAZA_Labour_Oct2012.xlsx,UNPARSEABLE_AMOUNT,3,rate,TBD,
labour_wages\SATTI_PLAZA_Labour_Oct2012.xlsx,UNPARSEABLE_AMOUNT,15,rate,Total:,
labour_wages\SATTI_PLAZA_Labour_Oct2012.xlsx,UNPARSEABLE_AMOUNT,8,amount,TBD,
labour_wages\SATTI_PLAZA_Labour_Oct2012.xlsx,UNPARSEABLE_AMOUNT,16,advance,Approved:,
labour_wages\SATTI_PLAZA_Labour_Oct2013.xlsx,UNPARSEABLE_AMOUNT,21,rate,Total:,
payment_vouchers\SATTI_APTS_PayVoucher_001.xlsx,UNPARSEABLE_DATE,0,date:,Project:,Project:
payment_vouchers\SATTI_APTS_PayVoucher_001.xlsx,UNPARSEABLE_DATE,3,date:,Bank:,Bank:
payment_vouchers\SATTI_APTS_PayVoucher_002.xlsx,UNPARSEABLE_DATE,0,date:,Project:,Project:
payment_vouchers\SATTI_APTS_PayVoucher_002.xlsx,UNPARSEABLE_DATE,3,date:,Bank:,Bank:
payment_vouchers\SATTI_APTS_PayVoucher_003.xlsx,UNPARSEABLE_DATE,0,date:,Project:,Project:
payment_vouchers\SATTI_APTS_PayVoucher_003.xlsx,UNPARSEABLE_DATE,3,date:,Bank:,Bank:
payment_vouchers\SATTI_APTS_PayVoucher_004.xlsx,UNPARSEABLE_DATE,0,date:,Project:,Project:
payment_vouchers\SATTI_APTS_PayVoucher_004.xlsx,UNPARSEABLE_DATE,3,date:,Bank:,Bank:
payment_vouchers\SATTI_APTS_PayVoucher_005.xlsx,UNPARSEABLE_DATE,0,date:,Project:,Project:
payment_vouchers\SATTI_APTS_PayVoucher_005.xlsx,UNPARSEABLE_DATE,3,date:,Bank:,Bank:
payment_vouchers\SATTI_APTS_PayVoucher_008.xlsx,UNPARSEABLE_DATE,0,date:,Project:,Project:
payment_vouchers\SATTI_APTS_PayVoucher_008.xlsx,UNPARSEABLE_DATE,3,date:,Bank:,Bank:
payment_vouchers\SATTI_APTS_PayVoucher_009.xlsx,UNPARSEABLE_DATE,0,date:,Project:,Project:
payment_vouchers\SATTI_APTS_PayVoucher_009.xlsx,UNPARSEABLE_DATE,3,date:,Bank:,Bank:
payment_vouchers\SATTI_APTS_PayVoucher_010.xlsx,UNPARSEABLE_DATE,0,date:,Project:,Project:
payment_vouchers\SATTI_APTS_PayVoucher_010.xlsx,UNPARSEABLE_DATE,3,date:,Bank:,Bank:
payment_vouchers\SATTI_APTS_PayVoucher_011.xlsx,UNPARSEABLE_DATE,0,date:,Project:,Project:
payment_vouchers\SATTI_APTS_PayVoucher_011.xlsx,UNPARSEABLE_DATE,3,date:,Bank:,Bank:
payment_vouchers\SATTI_APTS_PayVoucher_012.xlsx,UNPARSEABLE_DATE,0,date:,Project:,Project:
payment_vouchers\SATTI_APTS_PayVoucher_012.xlsx,UNPARSEABLE_DATE,3,date:,Bank:,Bank:
payment_vouchers\SATTI_APTS_PayVoucher_013.xlsx,UNPARSEABLE_DATE,0,date:,Project:,Project:
payment_vouchers\SATTI_APTS_PayVoucher_013.xlsx,UNPARSEABLE_DATE,3,date:,Bank:,Bank:
payment_vouchers\SATTI_APTS_PayVoucher_014.xlsx,UNPARSEABLE_DATE,0,date:,Project:,Project:
payment_vouchers\SATTI_APTS_PayVoucher_014.xlsx,UNPARSEABLE_DATE,3,date:,Bank:,Bank:
payment_vouchers\SATTI_APTS_PayVoucher_016.xlsx,UNPARSEABLE_DATE,0,date:,Project:,Project:
payment_vouchers\SATTI_APTS_PayVoucher_016.xlsx,UNPARSEABLE_DATE,3,date:,Bank:,Bank:
payment_vouchers\SATTI_APTS_PayVoucher_017.xlsx,UNPARSEABLE_DATE,0,date:,Project:,Project:
payment_vouchers\SATTI_APTS_PayVoucher_017.xlsx,UNPARSEABLE_DATE,3,date:,Bank:,Bank:
payment_vouchers\SATTI_APTS_PayVoucher_021.xlsx,UNPARSEABLE_DATE,0,date:,Project:,Project:
payment_vouchers\SATTI_APTS_PayVoucher_021.xlsx,UNPARSEABLE_DATE,3,date:,Bank:,Bank:
payment_vouchers\SATTI_APTS_PayVoucher_022.xlsx,UNPARSEABLE_DATE,0,date:,Project:,Project:
payment_vouchers\SATTI_APTS_PayVoucher_022.xlsx,UNPARSEABLE_DATE,3,date:,Bank:,Bank:
payment_vouchers\SATTI_MALL_PayVoucher_003.xlsx,UNPARSEABLE_DATE,0,date:,Project:,Project:
payment_vouchers\SATTI_MALL_PayVoucher_003.xlsx,UNPARSEABLE_DATE,3,date:,Bank:,Bank:
payment_vouchers\SATTI_MALL_PayVoucher_004.xlsx,UNPARSEABLE_DATE,0,date:,Project:,Project:
payment_vouchers\SATTI_MALL_PayVoucher_004.xlsx,UNPARSEABLE_DATE,3,date:,Bank:,Bank:
payment_vouchers\SATTI_MALL_PayVoucher_006.xlsx,UNPARSEABLE_DATE,0,date:,Project:,Project:
payment_vouchers\SATTI_MALL_PayVoucher_006.xlsx,UNPARSEABLE_DATE,3,date:,Bank:,Bank:
payment_vouchers\SATTI_MALL_PayVoucher_008.xlsx,UNPARSEABLE_DATE,0,date:,Project:,Project:
payment_vouchers\SATTI_MALL_PayVoucher_008.xlsx,UNPARSEABLE_DATE,3,date:,Bank:,Bank:
payment_vouchers\SATTI_MALL_PayVoucher_009.xlsx,UNPARSEABLE_DATE,0,date:,Project:,Project:
payment_vouchers\SATTI_MALL_PayVoucher_009.xlsx,UNPARSEABLE_DATE,3,date:,Bank:,Bank:
payment_vouchers\SATTI_MALL_PayVoucher_011.xlsx,UNPARSEABLE_DATE,0,date:,Project:,Project:
payment_vouchers\SATTI_MALL_PayVoucher_011.xlsx,UNPARSEABLE_DATE,3,date:,Bank:,Bank:
payment_vouchers\SATTI_MALL_PayVoucher_012.xlsx,UNPARSEABLE_DATE,0,date:,Project:,Project:
payment_vouchers\SATTI_MALL_PayVoucher_012.xlsx,UNPARSEABLE_DATE,3,date:,Bank:,Bank:
payment_vouchers\SATTI_MALL_PayVoucher_013.xlsx,UNPARSEABLE_DATE,0,date:,Project:,Project:
payment_vouchers\SATTI_MALL_PayVoucher_013.xlsx,UNPARSEABLE_DATE,3,date:,Bank:,Bank:
payment_vouchers\SATTI_MALL_PayVoucher_022.xlsx,UNPARSEABLE_DATE,0,date:,Project:,Project:
payment_vouchers\SATTI_MALL_PayVoucher_022.xlsx,UNPARSEABLE_DATE,3,date:,Bank:,Bank:
payment_vouchers\SATTI_MALL_PayVoucher_025.xlsx,UNPARSEABLE_AMOUNT,0,amount,TBD,
payment_vouchers\SATTI_PLAZA_PayVoucher_001.xlsx,UNPARSEABLE_DATE,0,date:,Project:,Project:
payment_vouchers\SATTI_PLAZA_PayVoucher_001.xlsx,UNPARSEABLE_DATE,3,date:,Bank:,Bank:
payment_vouchers\SATTI_PLAZA_PayVoucher_004.xlsx,UNPARSEABLE_DATE,0,date:,Project:,Project:
payment_vouchers\SATTI_PLAZA_PayVoucher_004.xlsx,UNPARSEABLE_DATE,3,date:,Bank:,Bank:
payment_vouchers\SATTI_PLAZA_PayVoucher_005.xlsx,UNPARSEABLE_DATE,0,date:,Project:,Project:
payment_vouchers\SATTI_PLAZA_PayVoucher_005.xlsx,UNPARSEABLE_DATE,3,date:,Bank:,Bank:
payment_vouchers\SATTI_PLAZA_PayVoucher_006.xlsx,UNPARSEABLE_DATE,0,date:,Project:,Project:
payment_vouchers\SATTI_PLAZA_PayVoucher_006.xlsx,UNPARSEABLE_DATE,3,date:,Bank:,Bank:
payment_vouchers\SATTI_PLAZA_PayVoucher_007.xlsx,UNPARSEABLE_DATE,0,date:,Project:,Project:
payment_vouchers\SATTI_PLAZA_PayVoucher_007.xlsx,UNPARSEABLE_DATE,3,date:,Bank:,Bank:
payment_vouchers\SATTI_PLAZA_PayVoucher_009.xlsx,UNPARSEABLE_DATE,0,date:,Project:,Project:
payment_vouchers\SATTI_PLAZA_PayVoucher_009.xlsx,UNPARSEABLE_DATE,3,date:,Bank:,Bank:
payment_vouchers\SATTI_PLAZA_PayVoucher_010.xlsx,UNPARSEABLE_DATE,0,date:,Project:,Project:
payment_vouchers\SATTI_PLAZA_PayVoucher_010.xlsx,UNPARSEABLE_DATE,3,date:,Bank:,Bank:
payment_vouchers\SATTI_PLAZA_PayVoucher_012.xlsx,UNPARSEABLE_DATE,0,date:,Project:,Project:
payment_vouchers\SATTI_PLAZA_PayVoucher_012.xlsx,UNPARSEABLE_DATE,3,date:,Bank:,Bank:
payment_vouchers\SATTI_PLAZA_PayVoucher_014.xlsx,UNPARSEABLE_DATE,0,date:,Project:,Project:
payment_vouchers\SATTI_PLAZA_PayVoucher_014.xlsx,UNPARSEABLE_DATE,3,date:,Bank:,Bank:
payment_vouchers\SATTI_PLAZA_PayVoucher_015.xlsx,UNPARSEABLE_DATE,0,date:,Project:,Project:
payment_vouchers\SATTI_PLAZA_PayVoucher_015.xlsx,UNPARSEABLE_DATE,3,date:,Bank:,Bank:
payment_vouchers\SATTI_PLAZA_PayVoucher_017.xlsx,UNPARSEABLE_DATE,0,date:,Project:,Project:
payment_vouchers\SATTI_PLAZA_PayVoucher_017.xlsx,UNPARSEABLE_DATE,3,date:,Bank:,Bank:
payment_vouchers\SATTI_PLAZA_PayVoucher_022.xlsx,UNPARSEABLE_DATE,0,date:,Project:,Project:
payment_vouchers\SATTI_PLAZA_PayVoucher_022.xlsx,UNPARSEABLE_DATE,3,date:,Bank:,Bank:
payment_vouchers\SATTI_PLAZA_PayVoucher_023.xlsx,UNPARSEABLE_DATE,0,date:,Project:,Project:
payment_vouchers\SATTI_PLAZA_PayVoucher_023.xlsx,UNPARSEABLE_DATE,3,date:,Bank:,Bank:
payment_vouchers\SATTI_PLAZA_PayVoucher_024.xlsx,UNPARSEABLE_DATE,0,date:,Project:,Project:
payment_vouchers\SATTI_PLAZA_PayVoucher_024.xlsx,UNPARSEABLE_DATE,3,date:,Bank:,Bank:
payment_vouchers\SATTI_PLAZA_PayVoucher_028.xlsx,UNPARSEABLE_DATE,0,date:,Project:,Project:
payment_vouchers\SATTI_PLAZA_PayVoucher_028.xlsx,UNPARSEABLE_DATE,3,date:,Bank:,Bank:
payment_vouchers\SATTI_PLAZA_PayVoucher_029.xlsx,UNPARSEABLE_DATE,0,date:,Project:,Project:
payment_vouchers\SATTI_PLAZA_PayVoucher_029.xlsx,UNPARSEABLE_DATE,3,date:,Bank:,Bank:
petty_cash\SATTI_APTS_PettyCash_Jan2016.xlsx,UNPARSEABLE_DATE,15,date,Closing Balance:,Closing Balance:
petty_cash\SATTI_APTS_PettyCash_Jan2016.xlsx,UNPARSEABLE_AMOUNT,5,debit,TBD,
petty_cash\SATTI_APTS_PettyCash_Jan2017.xlsx,UNPARSEABLE_DATE,10,date,Closing Balance:,Closing Balance:
petty_cash\SATTI_APTS_PettyCash_Jan2018.xlsx,UNPARSEABLE_DATE,16,date,Closing Balance:,Closing Balance:
petty_cash\SATTI_APTS_PettyCash_Jul2015.xlsx,UNPARSEABLE_DATE,27,date,Closing Balance:,Closing Balance:
petty_cash\SATTI_APTS_PettyCash_Jul2015.xlsx,UNPARSEABLE_AMOUNT,3,credit,TBD,
petty_cash\SATTI_APTS_PettyCash_Jul2016.xlsx,UNPARSEABLE_DATE,16,date,Closing Balance:,Closing Balance:
petty_cash\SATTI_APTS_PettyCash_Jul2017.xlsx,UNPARSEABLE_DATE,27,date,Closing Balance:,Closing Balance:
petty_cash\SATTI_APTS_PettyCash_Jul2017.xlsx,UNPARSEABLE_AMOUNT,25,balance,TBD,
petty_cash\SATTI_APTS_PettyCash_Jul2018.xlsx,UNPARSEABLE_DATE,25,date,Closing Balance:,Closing Balance:
petty_cash\SATTI_APTS_PettyCash_Jul2018.xlsx,UNPARSEABLE_AMOUNT,5,balance,TBD,
petty_cash\SATTI_APTS_PettyCash_Mar2015.xlsx,UNPARSEABLE_DATE,21,date,Closing Balance:,Closing Balance:
petty_cash\SATTI_APTS_PettyCash_Mar2015.xlsx,UNPARSEABLE_AMOUNT,12,credit,TBD,
petty_cash\SATTI_APTS_PettyCash_Mar2015.xlsx,UNPARSEABLE_AMOUNT,8,balance,TBD,
petty_cash\SATTI_APTS_PettyCash_Mar2016.xlsx,UNPARSEABLE_DATE,26,date,Closing Balance:,Closing Balance:
petty_cash\SATTI_APTS_PettyCash_Mar2016.xlsx,UNPARSEABLE_AMOUNT,20,debit,TBD,
petty_cash\SATTI_APTS_PettyCash_Mar2016.xlsx,UNPARSEABLE_AMOUNT,8,balance,TBD,
petty_cash\SATTI_APTS_PettyCash_Mar2017.xlsx,UNPARSEABLE_DATE,22,date,Closing Balance:,Closing Balance:
petty_cash\SATTI_APTS_PettyCash_Mar2017.xlsx,UNPARSEABLE_AMOUNT,8,balance,TBD,
petty_cash\SATTI_APTS_PettyCash_Mar2018.xlsx,UNPARSEABLE_DATE,17,date,Closing Balance:,Closing Balance:
petty_cash\SATTI_APTS_PettyCash_May2015.xlsx,UNPARSEABLE_DATE,26,date,Closing Balance:,Closing Balance:
petty_cash\SATTI_APTS_PettyCash_May2015.xlsx,UNPARSEABLE_AMOUNT,12,credit,TBD,
petty_cash\SATTI_APTS_PettyCash_May2016.xlsx,UNPARSEABLE_DATE,9,date,Closing Balance:,Closing Balance:
petty_cash\SATTI_APTS_PettyCash_May2016.xlsx,UNPARSEABLE_AMOUNT,9,balance,TBD,
petty_cash\SATTI_APTS_PettyCash_May2017.xlsx,UNPARSEABLE_DATE,11,date,Closing Balance:,Closing Balance:
petty_cash\SATTI_APTS_PettyCash_May2018.xlsx,UNPARSEABLE_DATE,27,date,Closing Balance:,Closing Balance:
petty_cash\SATTI_APTS_PettyCash_May2018.xlsx,UNPARSEABLE_AMOUNT,1,debit,TBD,
petty_cash\SATTI_APTS_PettyCash_Nov2015.xlsx,UNPARSEABLE_DATE,14,date,Closing Balance:,Closing Balance:
petty_cash\SATTI_APTS_PettyCash_Nov2015.xlsx,UNPARSEABLE_AMOUNT,13,debit,TBD,
petty_cash\SATTI_APTS_PettyCash_Nov2016.xlsx,UNPARSEABLE_DATE,16,date,Closing Balance:,Closing Balance:
petty_cash\SATTI_APTS_PettyCash_Nov2017.xlsx,UNPARSEABLE_DATE,16,date,Closing Balance:,Closing Balance:
petty_cash\SATTI_APTS_PettyCash_Sep2015.xlsx,UNPARSEABLE_DATE,10,date,Closing Balance:,Closing Balance:
petty_cash\SATTI_APTS_PettyCash_Sep2016.xlsx,UNPARSEABLE_DATE,18,date,Closing Balance:,Closing Balance:
petty_cash\SATTI_APTS_PettyCash_Sep2016.xlsx,UNPARSEABLE_AMOUNT,7,balance,TBD,
petty_cash\SATTI_APTS_PettyCash_Sep2017.xlsx,UNPARSEABLE_DATE,9,date,Closing Balance:,Closing Balance:
petty_cash\SATTI_APTS_PettyCash_Sep2017.xlsx,UNPARSEABLE_AMOUNT,2,balance,TBD,
petty_cash\SATTI_MALL_PettyCash_Jan2007.xlsx,UNPARSEABLE_DATE,25,date,Closing Balance:,Closing Balance:
petty_cash\SATTI_MALL_PettyCash_Jan2007.xlsx,UNPARSEABLE_AMOUNT,5,debit,TBD,
petty_cash\SATTI_MALL_PettyCash_Jan2007.xlsx,UNPARSEABLE_AMOUNT,12,debit,TBD,
petty_cash\SATTI_MALL_PettyCash_Jan2008.xlsx,UNPARSEABLE_DATE,10,date,Closing Balance:,Closing Balance:
petty_cash\SATTI_MALL_PettyCash_Jul2006.xlsx,UNPARSEABLE_DATE,15,date,Closing Balance:,Closing Balance:
petty_cash\SATTI_MALL_PettyCash_Jul2007.xlsx,UNPARSEABLE_DATE,19,date,Closing Balance:,Closing Balance:
petty_cash\SATTI_MALL_PettyCash_Jul2007.xlsx,UNPARSEABLE_AMOUNT,16,balance,TBD,
petty_cash\SATTI_MALL_PettyCash_Mar2007.xlsx,UNPARSEABLE_DATE,18,date,Closing Balance:,Closing Balance:
petty_cash\SATTI_MALL_PettyCash_Mar2007.xlsx,UNPARSEABLE_AMOUNT,15,debit,TBD,
petty_cash\SATTI_MALL_PettyCash_May2006.xlsx,UNPARSEABLE_DATE,17,date,Closing Balance:,Closing Balance:
petty_cash\SATTI_MALL_PettyCash_May2006.xlsx,UNPARSEABLE_AMOUNT,10,balance,TBD,
petty_cash\SATTI_MALL_PettyCash_May2007.xlsx,UNPARSEABLE_DATE,20,date,Closing Balance:,Closing Balance:
petty_cash\SATTI_MALL_PettyCash_May2007.xlsx,UNPARSEABLE_AMOUNT,1,credit,TBD,
petty_cash\SATTI_MALL_PettyCash_May2007.xlsx,UNPARSEABLE_AMOUNT,9,credit,TBD,
petty_cash\SATTI_MALL_PettyCash_May2007.xlsx,UNPARSEABLE_AMOUNT,15,debit,TBD,
petty_cash\SATTI_MALL_PettyCash_May2007.xlsx,UNPARSEABLE_AMOUNT,16,debit,TBD,
petty_cash\SATTI_MALL_PettyCash_May2007.xlsx,UNPARSEABLE_AMOUNT,9,balance,TBD,
petty_cash\SATTI_MALL_PettyCash_May2007.xlsx,UNPARSEABLE_AMOUNT,16,balance,TBD,
petty_cash\SATTI_MALL_PettyCash_May2007.xlsx,UNPARSEABLE_AMOUNT,19,balance,TBD,
petty_cash\SATTI_MALL_PettyCash_Nov2006.xlsx,UNPARSEABLE_DATE,19,date,Closing Balance:,Closing Balance:
petty_cash\SATTI_MALL_PettyCash_Nov2007.xlsx,UNPARSEABLE_DATE,18,date,Closing Balance:,Closing Balance:
petty_cash\SATTI_MALL_PettyCash_Nov2007.xlsx,UNPARSEABLE_AMOUNT,7,debit,TBD,
petty_cash\SATTI_MALL_PettyCash_Nov2007.xlsx,UNPARSEABLE_AMOUNT,7,balance,TBD,
petty_cash\SATTI_MALL_PettyCash_Sep2006.xlsx,UNPARSEABLE_DATE,12,date,Closing Balance:,Closing Balance:
petty_cash\SATTI_MALL_PettyCash_Sep2006.xlsx,UNPARSEABLE_AMOUNT,10,debit,TBD,
petty_cash\SATTI_MALL_PettyCash_Sep2007.xlsx,UNPARSEABLE_DATE,21,date,Closing Balance:,Closing Balance:
petty_cash\SATTI_MALL_PettyCash_Sep2007.xlsx,UNPARSEABLE_AMOUNT,4,debit,TBD,
petty_cash\SATTI_MALL_PettyCash_Sep2007.xlsx,UNPARSEABLE_AMOUNT,12,balance,TBD,
petty_cash\SATTI_PLAZA_PettyCash_Apr2011.xlsx,UNPARSEABLE_DATE,27,date,Closing Balance:,Closing Balance:
petty_cash\SATTI_PLAZA_PettyCash_Apr2011.xlsx,UNPARSEABLE_AMOUNT,14,balance,TBD,
petty_cash\SATTI_PLAZA_PettyCash_Apr2012.xlsx,UNPARSEABLE_DATE,26,date,Closing Balance:,Closing Balance:
petty_cash\SATTI_PLAZA_PettyCash_Apr2012.xlsx,UNPARSEABLE_AMOUNT,13,balance,TBD,
petty_cash\SATTI_PLAZA_PettyCash_Apr2013.xlsx,UNPARSEABLE_DATE,10,date,Closing Balance:,Closing Balance:
petty_cash\SATTI_PLAZA_PettyCash_Apr2013.xlsx,UNPARSEABLE_AMOUNT,9,debit,TBD,
petty_cash\SATTI_PLAZA_PettyCash_Apr2013.xlsx,UNPARSEABLE_AMOUNT,4,balance,TBD,
petty_cash\SATTI_PLAZA_PettyCash_Apr2014.xlsx,UNPARSEABLE_DATE,21,date,Closing Balance:,Closing Balance:
petty_cash\SATTI_PLAZA_PettyCash_Apr2014.xlsx,UNPARSEABLE_AMOUNT,14,balance,TBD,
petty_cash\SATTI_PLAZA_PettyCash_Aug2011.xlsx,UNPARSEABLE_DATE,21,date,Closing Balance:,Closing Balance:
petty_cash\SATTI_PLAZA_PettyCash_Aug2011.xlsx,UNPARSEABLE_AMOUNT,15,debit,TBD,
petty_cash\SATTI_PLAZA_PettyCash_Aug2012.xlsx,UNPARSEABLE_DATE,18,date,Closing Balance:,Closing Balance:
petty_cash\SATTI_PLAZA_PettyCash_Aug2012.xlsx,UNPARSEABLE_AMOUNT,5,debit,TBD,
petty_cash\SATTI_PLAZA_PettyCash_Aug2012.xlsx,UNPARSEABLE_AMOUNT,15,balance,TBD,
petty_cash\SATTI_PLAZA_PettyCash_Aug2013.xlsx,UNPARSEABLE_DATE,25,date,Closing Balance:,Closing Balance:
petty_cash\SATTI_PLAZA_PettyCash_Dec2011.xlsx,UNPARSEABLE_DATE,11,date,Closing Balance:,Closing Balance:
petty_cash\SATTI_PLAZA_PettyCash_Dec2012.xlsx,UNPARSEABLE_DATE,22,date,Closing Balance:,Closing Balance:
petty_cash\SATTI_PLAZA_PettyCash_Dec2012.xlsx,UNPARSEABLE_AMOUNT,0,debit,TBD,
petty_cash\SATTI_PLAZA_PettyCash_Dec2013.xlsx,UNPARSEABLE_DATE,13,date,Closing Balance:,Closing Balance:
petty_cash\SATTI_PLAZA_PettyCash_Dec2013.xlsx,UNPARSEABLE_AMOUNT,2,balance,TBD,
petty_cash\SATTI_PLAZA_PettyCash_Feb2012.xlsx,UNPARSEABLE_DATE,21,date,Closing Balance:,Closing Balance:
petty_cash\SATTI_PLAZA_PettyCash_Feb2013.xlsx,UNPARSEABLE_DATE,17,date,Closing Balance:,Closing Balance:
petty_cash\SATTI_PLAZA_PettyCash_Feb2013.xlsx,UNPARSEABLE_AMOUNT,4,balance,TBD,
petty_cash\SATTI_PLAZA_PettyCash_Feb2014.xlsx,UNPARSEABLE_DATE,19,date,Closing Balance:,Closing Balance:
petty_cash\SATTI_PLAZA_PettyCash_Jun2011.xlsx,UNPARSEABLE_DATE,26,date,Closing Balance:,Closing Balance:
petty_cash\SATTI_PLAZA_PettyCash_Jun2011.xlsx,UNPARSEABLE_AMOUNT,2,balance,TBD,
petty_cash\SATTI_PLAZA_PettyCash_Jun2012.xlsx,UNPARSEABLE_DATE,14,date,Closing Balance:,Closing Balance:
petty_cash\SATTI_PLAZA_PettyCash_Jun2012.xlsx,UNPARSEABLE_AMOUNT,4,balance,TBD,
petty_cash\SATTI_PLAZA_PettyCash_Jun2013.xlsx,UNPARSEABLE_DATE,20,date,Closing Balance:,Closing Balance:
petty_cash\SATTI_PLAZA_PettyCash_Jun2014.xlsx,UNPARSEABLE_DATE,17,date,Closing Balance:,Closing Balance:
petty_cash\SATTI_PLAZA_PettyCash_Jun2014.xlsx,UNPARSEABLE_AMOUNT,1,credit,TBD,
petty_cash\SATTI_PLAZA_PettyCash_Oct2011.xlsx,UNPARSEABLE_DATE,21,date,Closing Balance:,Closing Balance:
petty_cash\SATTI_PLAZA_PettyCash_Oct2011.xlsx,UNPARSEABLE_AMOUNT,14,credit,TBD,
petty_cash\SATTI_PLAZA_PettyCash_Oct2012.xlsx,UNPARSEABLE_DATE,11,date,Closing Balance:,Closing Balance:
petty_cash\SATTI_PLAZA_PettyCash_Oct2012.xlsx,UNPARSEABLE_AMOUNT,6,debit,TBD,
petty_cash\SATTI_PLAZA_PettyCash_Oct2012.xlsx,UNPARSEABLE_AMOUNT,3,balance,TBD,
petty_cash\SATTI_PLAZA_PettyCash_Oct2013.xlsx,UNPARSEABLE_DATE,18,date,Closing Balance:,Closing Balance:
purchase_bills\SATTI_APTS_Bill_01_BILL 07 020.xlsx,UNPARSEABLE_AMOUNT,8,rate,Grand Total:,
purchase_bills\SATTI_APTS_Bill_01_BILL 07 020.xlsx,UNPARSEABLE_AMOUNT,9,rate,Payment Status:,
purchase_bills\SATTI_APTS_Bill_01_BILL 07 020.xlsx,UNPARSEABLE_AMOUNT,9,amount,UNPAID,
purchase_bills\SATTI_APTS_Bill_02_BILL_15_888.xlsx,UNPARSEABLE_AMOUNT,2,rate,TBD,
purchase_bills\SATTI_APTS_Bill_02_BILL_15_888.xlsx,UNPARSEABLE_AMOUNT,5,rate,Grand Total:,
purchase_bills\SATTI_APTS_Bill_02_BILL_15_888.xlsx,UNPARSEABLE_AMOUNT,6,rate,Payment Status:,
purchase_bills\SATTI_APTS_Bill_02_BILL_15_888.xlsx,UNPARSEABLE_AMOUNT,6,amount,pending,
purchase_bills\SATTI_APTS_Bill_03_BILL_15_093.xlsx,UNPARSEABLE_AMOUNT,8,rate,Grand Total:,
purchase_bills\SATTI_APTS_Bill_03_BILL_15_093.xlsx,UNPARSEABLE_AMOUNT,9,rate,Payment Status:,
purchase_bills\SATTI_APTS_Bill_04_BILL08905.xlsx,UNPARSEABLE_AMOUNT,6,rate,Grand Total:,
purchase_bills\SATTI_APTS_Bill_04_BILL08905.xlsx,UNPARSEABLE_AMOUNT,7,rate,Payment Status:,
purchase_bills\SATTI_APTS_Bill_04_BILL08905.xlsx,UNPARSEABLE_AMOUNT,7,amount,Partial,
purchase_bills\SATTI_APTS_Bill_05_BILL-12-424.xlsx,UNPARSEABLE_AMOUNT,7,rate,Grand Total:,
purchase_bills\SATTI_APTS_Bill_05_BILL-12-424.xlsx,UNPARSEABLE_AMOUNT,8,rate,Payment Status:,
purchase_bills\SATTI_APTS_Bill_06_BILL17135.xlsx,UNPARSEABLE_AMOUNT,9,rate,Grand Total:,
purchase_bills\SATTI_APTS_Bill_06_BILL17135.xlsx,UNPARSEABLE_AMOUNT,10,rate,Payment Status:,
purchase_bills\SATTI_APTS_Bill_07_BILL08873.xlsx,UNPARSEABLE_AMOUNT,6,rate,Grand Total:,
purchase_bills\SATTI_APTS_Bill_07_BILL08873.xlsx,UNPARSEABLE_AMOUNT,7,rate,Payment Status:,
purchase_bills\SATTI_APTS_Bill_07_BILL08873.xlsx,UNPARSEABLE_AMOUNT,7,amount,PAID,
purchase_bills\SATTI_APTS_Bill_08_BILL 15 530.xlsx,UNPARSEABLE_AMOUNT,12,rate,TBD,
purchase_bills\SATTI_APTS_Bill_08_BILL 15 530.xlsx,UNPARSEABLE_AMOUNT,13,rate,Grand Total:,
purchase_bills\SATTI_APTS_Bill_08_BILL 15 530.xlsx,UNPARSEABLE_AMOUNT,14,rate,Payment Status:,
purchase_bills\SATTI_APTS_Bill_08_BILL 15 530.xlsx,UNPARSEABLE_AMOUNT,14,amount,PAID,
purchase_bills\SATTI_APTS_Bill_08_BILL 15 530.xlsx,UNPARSEABLE_AMOUNT,12,total,TBD,
purchase_bills\SATTI_APTS_Bill_09_BILL 14 709.xlsx,UNPARSEABLE_AMOUNT,7,rate,Grand Total:,
purchase_bills\SATTI_APTS_Bill_09_BILL 14 709.xlsx,UNPARSEABLE_AMOUNT,8,rate,Payment Status:,
purchase_bills\SATTI_APTS_Bill_09_BILL 14 709.xlsx,UNPARSEABLE_AMOUNT,8,amount,Partial,
purchase_bills\SATTI_APTS_Bill_10_BILL-18-449.xlsx,UNPARSEABLE_AMOUNT,14,amount,PAID,
purchase_bills\SATTI_APTS_Bill_11_BILL 12 215.xlsx,UNPARSEABLE_AMOUNT,13,rate,Grand Total:,
purchase_bills\SATTI_APTS_Bill_11_BILL 12 215.xlsx,UNPARSEABLE_AMOUNT,14,rate,Payment Status:,
purchase_bills\SATTI_APTS_Bill_11_BILL 12 215.xlsx,UNPARSEABLE_AMOUNT,14,amount,PAID,
purchase_bills\SATTI_APTS_Bill_12_BILL_11_329.xlsx,UNPARSEABLE_AMOUNT,6,rate,Grand Total:,
purchase_bills\SATTI_APTS_Bill_12_BILL_11_329.xlsx,UNPARSEABLE_AMOUNT,7,rate,Payment Status:,
purchase_bills\SATTI_APTS_Bill_12_BILL_11_329.xlsx,UNPARSEABLE_AMOUNT,7,amount,UNPAID,
purchase_bills\SATTI_APTS_Bill_13_BILL_08_244.xlsx,UNPARSEABLE_AMOUNT,9,rate,TBD,
purchase_bills\SATTI_APTS_Bill_13_BILL_08_244.xlsx,UNPARSEABLE_AMOUNT,10,rate,Grand Total:,
purchase_bills\SATTI_APTS_Bill_13_BILL_08_244.xlsx,UNPARSEABLE_AMOUNT,11,rate,Payment Status:,
purchase_bills\SATTI_APTS_Bill_14_BILL16758.xlsx,UNPARSEABLE_AMOUNT,11,rate,TBD,
purchase_bills\SATTI_APTS_Bill_14_BILL16758.xlsx,UNPARSEABLE_AMOUNT,13,rate,Grand Total:,
purchase_bills\SATTI_APTS_Bill_14_BILL16758.xlsx,UNPARSEABLE_AMOUNT,14,rate,Payment Status:,
purchase_bills\SATTI_APTS_Bill_14_BILL16758.xlsx,UNPARSEABLE_AMOUNT,14,amount,UNPAID,
purchase_bills\SATTI_APTS_Bill_15_BILL_16_005.xlsx,UNPARSEABLE_AMOUNT,11,rate,Grand Total:,
purchase_bills\SATTI_APTS_Bill_15_BILL_16_005.xlsx,UNPARSEABLE_AMOUNT,12,rate,Payment Status:,
purchase_bills\SATTI_APTS_Bill_15_BILL_16_005.xlsx,UNPARSEABLE_AMOUNT,12,amount,Partial,
purchase_bills\SATTI_APTS_Bill_16_BILL-18-350.xlsx,UNPARSEABLE_AMOUNT,6,rate,Grand Total:,
purchase_bills\SATTI_APTS_Bill_16_BILL-18-350.xlsx,UNPARSEABLE_AMOUNT,7,rate,Payment Status:,
purchase_bills\SATTI_APTS_Bill_16_BILL-18-350.xlsx,UNPARSEABLE_AMOUNT,7,amount,UNPAID,
purchase_bills\SATTI_APTS_Bill_17_BILL11677.xlsx,UNPARSEABLE_AMOUNT,8,rate,Grand Total:,
purchase_bills\SATTI_APTS_Bill_17_BILL11677.xlsx,UNPARSEABLE_AMOUNT,9,rate,Payment Status:,
purchase_bills\SATTI_APTS_Bill_17_BILL11677.xlsx,UNPARSEABLE_AMOUNT,9,amount,UNPAID,
purchase_bills\SATTI_APTS_Bill_18_BILL_13_487.xlsx,UNPARSEABLE_AMOUNT,8,rate,Grand Total:,
purchase_bills\SATTI_APTS_Bill_18_BILL_13_487.xlsx,UNPARSEABLE_AMOUNT,9,rate,Payment Status:,
purchase_bills\SATTI_APTS_Bill_18_BILL_13_487.xlsx,UNPARSEABLE_AMOUNT,9,amount,pending,
purchase_bills\SATTI_APTS_Bill_18_BILL_13_487.xlsx,UNPARSEABLE_AMOUNT,5,gst,TBD,
purchase_bills\SATTI_APTS_Bill_19_BILL-11-731.xlsx,UNPARSEABLE_AMOUNT,11,rate,Grand Total:,
purchase_bills\SATTI_APTS_Bill_19_BILL-11-731.xlsx,UNPARSEABLE_AMOUNT,12,rate,Payment Status:,
purchase_bills\SATTI_APTS_Bill_19_BILL-11-731.xlsx,UNPARSEABLE_AMOUNT,12,amount,Partial,
purchase_bills\SATTI_APTS_Bill_20_BILL 18 697.xlsx,UNPARSEABLE_AMOUNT,10,rate,TBD,
purchase_bills\SATTI_APTS_Bill_20_BILL 18 697.xlsx,UNPARSEABLE_AMOUNT,11,rate,Grand Total:,
purchase_bills\SATTI_APTS_Bill_20_BILL 18 697.xlsx,UNPARSEABLE_AMOUNT,12,rate,Payment Status:,
purchase_bills\SATTI_APTS_Bill_20_BILL 18 697.xlsx,UNPARSEABLE_AMOUNT,5,amount,TBD,
purchase_bills\SATTI_APTS_Bill_20_BILL 18 697.xlsx,UNPARSEABLE_AMOUNT,10,amount,TBD,
purchase_bills\SATTI_APTS_Bill_20_BILL 18 697.xlsx,UNPARSEABLE_AMOUNT,12,amount,PAID,
purchase_bills\SATTI_APTS_Bill_21_BILL-06-405.xlsx,UNPARSEABLE_AMOUNT,8,rate,Grand Total:,
purchase_bills\SATTI_APTS_Bill_21_BILL-06-405.xlsx,UNPARSEABLE_AMOUNT,9,rate,Payment Status:,
purchase_bills\SATTI_APTS_Bill_22_BILL 17 874.xlsx,UNPARSEABLE_AMOUNT,5,rate,Grand Total:,
purchase_bills\SATTI_APTS_Bill_22_BILL 17 874.xlsx,UNPARSEABLE_AMOUNT,6,rate,Payment Status:,
purchase_bills\SATTI_APTS_Bill_23_BILL_18_121.xlsx,UNPARSEABLE_AMOUNT,10,rate,Grand Total:,
purchase_bills\SATTI_APTS_Bill_23_BILL_18_121.xlsx,UNPARSEABLE_AMOUNT,11,rate,Payment Status:,
purchase_bills\SATTI_APTS_Bill_24_BILL13242.xlsx,UNPARSEABLE_AMOUNT,4,rate,TBD,
purchase_bills\SATTI_APTS_Bill_24_BILL13242.xlsx,UNPARSEABLE_AMOUNT,10,rate,Grand Total:,
purchase_bills\SATTI_APTS_Bill_24_BILL13242.xlsx,UNPARSEABLE_AMOUNT,11,rate,Payment Status:,
purchase_bills\SATTI_APTS_Bill_25_BILL17047.xlsx,UNPARSEABLE_AMOUNT,9,rate,Grand Total:,
purchase_bills\SATTI_APTS_Bill_25_BILL17047.xlsx,UNPARSEABLE_AMOUNT,10,rate,Payment Status:,
purchase_bills\SATTI_APTS_Bill_25_BILL17047.xlsx,UNPARSEABLE_AMOUNT,10,amount,Partial,
purchase_bills\SATTI_MALL_Bill_01_BILL 11 585.xlsx,UNPARSEABLE_AMOUNT,6,rate,Grand Total:,
purchase_bills\SATTI_MALL_Bill_01_BILL 11 585.xlsx,UNPARSEABLE_AMOUNT,7,rate,Payment Status:,
purchase_bills\SATTI_MALL_Bill_01_BILL 11 585.xlsx,UNPARSEABLE_AMOUNT,7,amount,pending,
purchase_bills\SATTI_MALL_Bill_02_BILL06130.xlsx,UNPARSEABLE_AMOUNT,9,rate,Grand Total:,
purchase_bills\SATTI_MALL_Bill_02_BILL06130.xlsx,UNPARSEABLE_AMOUNT,10,rate,Payment Status:,
purchase_bills\SATTI_MALL_Bill_02_BILL06130.xlsx,UNPARSEABLE_AMOUNT,10,amount,PAID,
purchase_bills\SATTI_MALL_Bill_02_BILL_06_147.xlsx,UNPARSEABLE_AMOUNT,9,rate,Grand Total:,
purchase_bills\SATTI_MALL_Bill_02_BILL_06_147.xlsx,UNPARSEABLE_AMOUNT,10,rate,Payment Status:,
purchase_bills\SATTI_MALL_Bill_02_BILL_06_147.xlsx,UNPARSEABLE_AMOUNT,10,amount,Partial,
purchase_bills\SATTI_MALL_Bill_03_BILL-16-657.xlsx,UNPARSEABLE_AMOUNT,9,rate,TBD,
purchase_bills\SATTI_MALL_Bill_03_BILL-16-657.xlsx,UNPARSEABLE_AMOUNT,10,rate,Grand Total:,
purchase_bills\SATTI_MALL_Bill_03_BILL-16-657.xlsx,UNPARSEABLE_AMOUNT,11,rate,Payment Status:,
purchase_bills\SATTI_MALL_Bill_03_BILL-16-657.xlsx,UNPARSEABLE_AMOUNT,11,amount,Partial,
purchase_bills\SATTI_MALL_Bill_03_BILL-18-790.xlsx,UNPARSEABLE_AMOUNT,6,rate,Grand Total:,
purchase_bills\SATTI_MALL_Bill_03_BILL-18-790.xlsx,UNPARSEABLE_AMOUNT,7,rate,Payment Status:,
purchase_bills\SATTI_MALL_Bill_03_BILL-18-790.xlsx,UNPARSEABLE_AMOUNT,7,amount,UNPAID,
purchase_bills\SATTI_MALL_Bill_03_BILL-18-790.xlsx,UNPARSEABLE_AMOUNT,4,gst,TBD,
purchase_bills\SATTI_MALL_Bill_04_BILL08621.xlsx,UNPARSEABLE_AMOUNT,5,amount,pending,
purchase_bills\SATTI_MALL_Bill_04_BILL16042.xlsx,UNPARSEABLE_AMOUNT,5,rate,Grand Total:,
purchase_bills\SATTI_MALL_Bill_04_BILL16042.xlsx,UNPARSEABLE_AMOUNT,6,rate,Payment Status:,
purchase_bills\SATTI_MALL_Bill_05_BILL-08-532.xlsx,UNPARSEABLE_AMOUNT,11,rate,Grand Total:,
purchase_bills\SATTI_MALL_Bill_05_BILL-08-532.xlsx,UNPARSEABLE_AMOUNT,12,rate,Payment Status:,
purchase_bills\SATTI_MALL_Bill_05_BILL-08-532.xlsx,UNPARSEABLE_AMOUNT,12,amount,Partial,
purchase_bills\SATTI_MALL_Bill_05_BILL-08-532.xlsx,UNPARSEABLE_AMOUNT,5,gst,TBD,
purchase_bills\SATTI_MALL_Bill_05_BILL-08-532.xlsx,UNPARSEABLE_AMOUNT,8,total,TBD,
purchase_bills\SATTI_MALL_Bill_05_BILL13980.xlsx,UNPARSEABLE_AMOUNT,5,rate,TBD,
purchase_bills\SATTI_MALL_Bill_05_BILL13980.xlsx,UNPARSEABLE_AMOUNT,6,rate,Grand Total:,
purchase_bills\SATTI_MALL_Bill_05_BILL13980.xlsx,UNPARSEABLE_AMOUNT,7,rate,Payment Status:,
purchase_bills\SATTI_MALL_Bill_05_BILL13980.xlsx,UNPARSEABLE_AMOUNT,7,amount,Partial,
purchase_bills\SATTI_MALL_Bill_06_BILL-13-292.xlsx,UNPARSEABLE_AMOUNT,10,rate,Grand Total:,
purchase_bills\SATTI_MALL_Bill_06_BILL-13-292.xlsx,UNPARSEABLE_AMOUNT,11,rate,Payment Status:,
purchase_bills\SATTI_MALL_Bill_06_BILL-13-292.xlsx,UNPARSEABLE_AMOUNT,11,amount,PAID,
purchase_bills\SATTI_MALL_Bill_06_BILL_11_981.xlsx,UNPARSEABLE_AMOUNT,9,rate,Grand Total:,
purchase_bills\SATTI_MALL_Bill_06_BILL_11_981.xlsx,UNPARSEABLE_AMOUNT,10,rate,Payment Status:,
purchase_bills\SATTI_MALL_Bill_06_BILL_11_981.xlsx,UNPARSEABLE_AMOUNT,5,total,TBD,
purchase_bills\SATTI_MALL_Bill_07_BILL06294.xlsx,UNPARSEABLE_AMOUNT,9,rate,Grand Total:,
purchase_bills\SATTI_MALL_Bill_07_BILL06294.xlsx,UNPARSEABLE_AMOUNT,10,rate,Payment Status:,
purchase_bills\SATTI_MALL_Bill_07_BILL06294.xlsx,UNPARSEABLE_AMOUNT,10,amount,pending,
purchase_bills\SATTI_MALL_Bill_07_BILL16508.xlsx,UNPARSEABLE_AMOUNT,6,rate,TBD,
purchase_bills\SATTI_MALL_Bill_07_BILL16508.xlsx,UNPARSEABLE_AMOUNT,8,rate,Grand Total:,
purchase_bills\SATTI_MALL_Bill_07_BILL16508.xlsx,UNPARSEABLE_AMOUNT,9,rate,Payment Status:,
purchase_bills\SATTI_MALL_Bill_07_BILL16508.xlsx,UNPARSEABLE_AMOUNT,9,amount,Partial,
purchase_bills\SATTI_MALL_Bill_08_BILL_14_249.xlsx,UNPARSEABLE_AMOUNT,6,rate,Grand Total:,
purchase_bills\SATTI_MALL_Bill_08_BILL_14_249.xlsx,UNPARSEABLE_AMOUNT,7,rate,Payment Status:,
purchase_bills\SATTI_MALL_Bill_08_BILL_14_249.xlsx,UNPARSEABLE_AMOUNT,7,amount,PAID,
purchase_bills\SATTI_MALL_Bill_08_BILL_16_501.xlsx,UNPARSEABLE_AMOUNT,10,rate,Grand Total:,
purchase_bills\SATTI_MALL_Bill_08_BILL_16_501.xlsx,UNPARSEABLE_AMOUNT,11,rate,Payment Status:,
purchase_bills\SATTI_MALL_Bill_08_BILL_16_501.xlsx,UNPARSEABLE_AMOUNT,11,amount,Partial,
purchase_bills\SATTI_MALL_Bill_08_BILL_16_501.xlsx,UNPARSEABLE_AMOUNT,8,gst,TBD,
purchase_bills\SATTI_MALL_Bill_09_BILL 12 105.xlsx,UNPARSEABLE_AMOUNT,7,rate,Grand Total:,
purchase_bills\SATTI_MALL_Bill_09_BILL 12 105.xlsx,UNPARSEABLE_AMOUNT,8,rate,Payment Status:,
purchase_bills\SATTI_MALL_Bill_10_BILL-07-448.xlsx,UNPARSEABLE_AMOUNT,6,rate,Grand Total:,
purchase_bills\SATTI_MALL_Bill_10_BILL-07-448.xlsx,UNPARSEABLE_AMOUNT,7,rate,Payment Status:,
purchase_bills\SATTI_MALL_Bill_10_BILL-07-448.xlsx,UNPARSEABLE_AMOUNT,7,amount,Partial,
purchase_bills\SATTI_MALL_Bill_10_BILL11449.xlsx,UNPARSEABLE_AMOUNT,10,rate,Grand Total:,
purchase_bills\SATTI_MALL_Bill_10_BILL11449.xlsx,UNPARSEABLE_AMOUNT,11,rate,Payment Status:,
purchase_bills\SATTI_MALL_Bill_10_BILL11449.xlsx,UNPARSEABLE_AMOUNT,10,amount,TBD,
purchase_bills\SATTI_MALL_Bill_10_BILL11449.xlsx,UNPARSEABLE_AMOUNT,11,amount,PAID,
purchase_bills\SATTI_MALL_Bill_11_BILL16990.xlsx,UNPARSEABLE_AMOUNT,6,rate,Grand Total:,
purchase_bills\SATTI_MALL_Bill_11_BILL16990.xlsx,UNPARSEABLE_AMOUNT,7,rate,Payment Status:,
purchase_bills\SATTI_MALL_Bill_11_BILL16990.xlsx,UNPARSEABLE_AMOUNT,1,amount,TBD,
purchase_bills\SATTI_MALL_Bill_11_BILL16990.xlsx,UNPARSEABLE_AMOUNT,7,amount,pending,
purchase_bills\SATTI_MALL_Bill_11_BILL_12_329.xlsx,UNPARSEABLE_AMOUNT,7,rate,Grand Total:,
purchase_bills\SATTI_MALL_Bill_11_BILL_12_329.xlsx,UNPARSEABLE_AMOUNT,8,rate,Payment Status:,
purchase_bills\SATTI_MALL_Bill_11_BILL_12_329.xlsx,UNPARSEABLE_AMOUNT,8,amount,Partial,
purchase_bills\SATTI_MALL_Bill_12_BILL07303.xlsx,UNPARSEABLE_AMOUNT,12,rate,Grand Total:,
purchase_bills\SATTI_MALL_Bill_12_BILL07303.xlsx,UNPARSEABLE_AMOUNT,13,rate,Payment Status:,
purchase_bills\SATTI_MALL_Bill_12_BILL_11_834.xlsx,UNPARSEABLE_AMOUNT,7,amount,pending,
purchase_bills\SATTI_MALL_Bill_13_BILL_13_721.xlsx,UNPARSEABLE_AMOUNT,8,rate,Grand Total:,
purchase_bills\SATTI_MALL_Bill_13_BILL_13_721.xlsx,UNPARSEABLE_AMOUNT,9,rate,Payment Status:,
purchase_bills\SATTI_MALL_Bill_14_BILL_15_360.xlsx,UNPARSEABLE_AMOUNT,5,rate,Grand Total:,
purchase_bills\SATTI_MALL_Bill_14_BILL_15_360.xlsx,UNPARSEABLE_AMOUNT,6,rate,Payment Status:,
purchase_bills\SATTI_MALL_Bill_14_BILL_15_360.xlsx,UNPARSEABLE_AMOUNT,6,amount,PAID,
purchase_bills\SATTI_MALL_Bill_15_BILL16294.xlsx,UNPARSEABLE_AMOUNT,5,rate,Grand Total:,
purchase_bills\SATTI_MALL_Bill_15_BILL16294.xlsx,UNPARSEABLE_AMOUNT,6,rate,Payment Status:,
purchase_bills\SATTI_MALL_Bill_15_BILL16294.xlsx,UNPARSEABLE_AMOUNT,6,amount,pending,
purchase_bills\SATTI_PLAZA_Bill_01_BILL_14_938.xlsx,UNPARSEABLE_AMOUNT,11,rate,Grand Total:,
purchase_bills\SATTI_PLAZA_Bill_01_BILL_14_938.xlsx,UNPARSEABLE_AMOUNT,12,rate,Payment Status:,
purchase_bills\SATTI_PLAZA_Bill_01_BILL_14_938.xlsx,UNPARSEABLE_AMOUNT,12,amount,pending,
purchase_bills\SATTI_PLAZA_Bill_02_BILL-14-700.xlsx,UNPARSEABLE_AMOUNT,13,rate,Grand Total:,
purchase_bills\SATTI_PLAZA_Bill_02_BILL-14-700.xlsx,UNPARSEABLE_AMOUNT,14,rate,Payment Status:,
purchase_bills\SATTI_PLAZA_Bill_02_BILL-14-700.xlsx,UNPARSEABLE_AMOUNT,14,amount,Partial,
purchase_bills\SATTI_PLAZA_Bill_03_BILL-12-215.xlsx,UNPARSEABLE_AMOUNT,8,rate,Grand Total:,
purchase_bills\SATTI_PLAZA_Bill_03_BILL-12-215.xlsx,UNPARSEABLE_AMOUNT,9,rate,Payment Status:,
purchase_bills\SATTI_PLAZA_Bill_03_BILL-12-215.xlsx,UNPARSEABLE_AMOUNT,6,total,TBD,
purchase_bills\SATTI_PLAZA_Bill_04_BILL_16_063.xlsx,UNPARSEABLE_AMOUNT,7,rate,Grand Total:,
purchase_bills\SATTI_PLAZA_Bill_04_BILL_16_063.xlsx,UNPARSEABLE_AMOUNT,8,rate,Payment Status:,
purchase_bills\SATTI_PLAZA_Bill_04_BILL_16_063.xlsx,UNPARSEABLE_AMOUNT,8,amount,PAID,
purchase_bills\SATTI_PLAZA_Bill_05_BILL_12_998.xlsx,UNPARSEABLE_AMOUNT,11,rate,Grand Total:,
purchase_bills\SATTI_PLAZA_Bill_05_BILL_12_998.xlsx,UNPARSEABLE_AMOUNT,12,rate,Payment Status:,
purchase_bills\SATTI_PLAZA_Bill_05_BILL_12_998.xlsx,UNPARSEABLE_AMOUNT,12,amount,UNPAID,
purchase_bills\SATTI_PLAZA_Bill_06_BILL_12_431.xlsx,UNPARSEABLE_AMOUNT,6,rate,Grand Total:,
purchase_bills\SATTI_PLAZA_Bill_06_BILL_12_431.xlsx,UNPARSEABLE_AMOUNT,7,rate,Payment Status:,
purchase_bills\SATTI_PLAZA_Bill_06_BILL_12_431.xlsx,UNPARSEABLE_AMOUNT,7,amount,UNPAID,
purchase_bills\SATTI_PLAZA_Bill_07_BILL13769.xlsx,UNPARSEABLE_AMOUNT,8,amount,PAID,
purchase_bills\SATTI_PLAZA_Bill_08_BILL_15_304.xlsx,UNPARSEABLE_AMOUNT,13,rate,Grand Total:,
purchase_bills\SATTI_PLAZA_Bill_08_BILL_15_304.xlsx,UNPARSEABLE_AMOUNT,14,rate,Payment Status:,
purchase_bills\SATTI_PLAZA_Bill_08_BILL_15_304.xlsx,UNPARSEABLE_AMOUNT,12,amount,TBD,
purchase_bills\SATTI_PLAZA_Bill_08_BILL_15_304.xlsx,UNPARSEABLE_AMOUNT,14,amount,UNPAID,
purchase_bills\SATTI_PLAZA_Bill_09_BILL-14-048.xlsx,UNPARSEABLE_AMOUNT,10,amount,pending,
purchase_bills\SATTI_PLAZA_Bill_10_BILL 17 560.xlsx,UNPARSEABLE_AMOUNT,10,amount,Partial,
purchase_bills\SATTI_PLAZA_Bill_11_BILL-07-056.xlsx,UNPARSEABLE_AMOUNT,6,amount,Partial,
purchase_bills\SATTI_PLAZA_Bill_12_BILL-08-688.xlsx,UNPARSEABLE_AMOUNT,11,rate,Grand Total:,
purchase_bills\SATTI_PLAZA_Bill_12_BILL-08-688.xlsx,UNPARSEABLE_AMOUNT,12,rate,Payment Status:,
purchase_bills\SATTI_PLAZA_Bill_12_BILL-08-688.xlsx,UNPARSEABLE_AMOUNT,12,amount,UNPAID,
purchase_bills\SATTI_PLAZA_Bill_12_BILL-08-688.xlsx,UNPARSEABLE_AMOUNT,2,gst,TBD,
purchase_bills\SATTI_PLAZA_Bill_13_BILL 07 494.xlsx,UNPARSEABLE_AMOUNT,8,rate,Grand Total:,
purchase_bills\SATTI_PLAZA_Bill_13_BILL 07 494.xlsx,UNPARSEABLE_AMOUNT,9,rate,Payment Status:,
purchase_bills\SATTI_PLAZA_Bill_13_BILL 07 494.xlsx,UNPARSEABLE_AMOUNT,9,amount,Partial,
purchase_bills\SATTI_PLAZA_Bill_14_BILL 07 159.xlsx,UNPARSEABLE_AMOUNT,6,rate,Grand Total:,
purchase_bills\SATTI_PLAZA_Bill_14_BILL 07 159.xlsx,UNPARSEABLE_AMOUNT,7,rate,Payment Status:,
purchase_bills\SATTI_PLAZA_Bill_14_BILL 07 159.xlsx,UNPARSEABLE_AMOUNT,4,amount,TBD,
purchase_bills\SATTI_PLAZA_Bill_14_BILL 07 159.xlsx,UNPARSEABLE_AMOUNT,7,amount,UNPAID,
purchase_bills\SATTI_PLAZA_Bill_15_BILL-07-942.xlsx,UNPARSEABLE_AMOUNT,10,rate,Grand Total:,
purchase_bills\SATTI_PLAZA_Bill_15_BILL-07-942.xlsx,UNPARSEABLE_AMOUNT,11,rate,Payment Status:,
purchase_bills\SATTI_PLAZA_Bill_15_BILL-07-942.xlsx,UNPARSEABLE_AMOUNT,3,amount,TBD,
purchase_bills\SATTI_PLAZA_Bill_15_BILL-07-942.xlsx,UNPARSEABLE_AMOUNT,11,amount,Partial,
purchase_bills\SATTI_PLAZA_Bill_16_BILL14201.xlsx,UNPARSEABLE_AMOUNT,11,rate,Grand Total:,
purchase_bills\SATTI_PLAZA_Bill_16_BILL14201.xlsx,UNPARSEABLE_AMOUNT,12,rate,Payment Status:,
purchase_bills\SATTI_PLAZA_Bill_16_BILL14201.xlsx,UNPARSEABLE_AMOUNT,12,amount,pending,
purchase_bills\SATTI_PLAZA_Bill_17_BILL 16 456.xlsx,UNPARSEABLE_AMOUNT,11,rate,Grand Total:,
purchase_bills\SATTI_PLAZA_Bill_17_BILL 16 456.xlsx,UNPARSEABLE_AMOUNT,12,rate,Payment Status:,
purchase_bills\SATTI_PLAZA_Bill_17_BILL 16 456.xlsx,UNPARSEABLE_AMOUNT,4,amount,TBD,
purchase_bills\SATTI_PLAZA_Bill_17_BILL 16 456.xlsx,UNPARSEABLE_AMOUNT,12,amount,PAID,
purchase_bills\SATTI_PLAZA_Bill_18_BILL 17 123.xlsx,UNPARSEABLE_AMOUNT,11,rate,Grand Total:,
purchase_bills\SATTI_PLAZA_Bill_18_BILL 17 123.xlsx,UNPARSEABLE_AMOUNT,12,rate,Payment Status:,
purchase_bills\SATTI_PLAZA_Bill_20_BILL_14_297.xlsx,UNPARSEABLE_AMOUNT,8,rate,Grand Total:,
purchase_bills\SATTI_PLAZA_Bill_20_BILL_14_297.xlsx,UNPARSEABLE_AMOUNT,9,rate,Payment Status:,
purchase_bills\SATTI_PLAZA_Bill_20_BILL_14_297.xlsx,UNPARSEABLE_AMOUNT,9,amount,pending,
quotation_comparisons\SATTI_APTS_Quotation_Comparison_02.xlsx,UNPARSEABLE_AMOUNT,11,rate,TBD,
quotation_comparisons\SATTI_APTS_Quotation_Comparison_05.xlsx,UNPARSEABLE_AMOUNT,8,rate_2,TBD,
quotation_comparisons\SATTI_MALL_Quotation_Comparison_02.xlsx,UNPARSEABLE_AMOUNT,6,rate_4,TBD,
quotation_comparisons\SATTI_PLAZA_Quotation_Comparison_01.xlsx,UNPARSEABLE_AMOUNT,11,rate_2,TBD,
quotation_comparisons\SATTI_PLAZA_Quotation_Comparison_04.xlsx,UNPARSEABLE_AMOUNT,7,rate,TBD,
quotation_comparisons\SATTI_PLAZA_Quotation_Comparison_05.xlsx,UNPARSEABLE_AMOUNT,4,rate_3,TBD,
quotation_comparisons\SATTI_PLAZA_Quotation_Comparison_07.xlsx,UNPARSEABLE_AMOUNT,8,rate,TBD,
quotation_comparisons\SATTI_PLAZA_Quotation_Comparison_07.xlsx,UNPARSEABLE_AMOUNT,4,rate_2,TBD,
utility_bills\SATTI_APTS_IESCO_Bills.xlsx,UNPARSEABLE_AMOUNT,12,amount,TBD,
utility_bills\SATTI_APTS_IESCO_Bills.xlsx,UNPARSEABLE_AMOUNT,13,amount,TBD,
utility_bills\SATTI_APTS_IESCO_Bills.xlsx,UNPARSEABLE_AMOUNT,31,amount,TBD,
utility_bills\SATTI_APTS_IESCO_Bills.xlsx,UNPARSEABLE_AMOUNT,7,total_paid,TBD,
utility_bills\SATTI_APTS_IESCO_Bills.xlsx,UNPARSEABLE_AMOUNT,40,total_paid,TBD,
utility_bills\SATTI_APTS_SNGPL_Bills.xlsx,UNPARSEABLE_AMOUNT,18,total_paid,TBD,
utility_bills\SATTI_APTS_WASA_Bills.xlsx,UNPARSEABLE_AMOUNT,24,total_paid,TBD,
utility_bills\SATTI_MALL_IESCO_Bills.xlsx,UNPARSEABLE_AMOUNT,8,amount,TBD,
utility_bills\SATTI_MALL_IESCO_Bills.xlsx,UNPARSEABLE_AMOUNT,0,total_paid,TBD,
utility_bills\SATTI_MALL_SNGPL_Bills.xlsx,UNPARSEABLE_AMOUNT,14,amount,TBD,
utility_bills\SATTI_PLAZA_IESCO_Bills.xlsx,UNPARSEABLE_AMOUNT,36,amount,TBD,
utility_bills\SATTI_PLAZA_SNGPL_Bills.xlsx,UNPARSEABLE_AMOUNT,3,amount,TBD,
utility_bills\SATTI_PLAZA_SNGPL_Bills.xlsx,UNPARSEABLE_AMOUNT,34,amount,TBD,
vendor_price_lists\V008_Siemens_Pakistan_(Electro)_PriceList.xlsx,UNPARSEABLE_AMOUNT,5,rate,TBD,
