row_no,item_code,description,qty,rate,amount,gst,total,_source_file,_folder,_project,unit,unit_2
"BILL 07 020   Metro Plumbing Supplies   April 30, 2017",,,,,,,,purchase_bills\SATTI_APTS_Bill_01_BILL 07 020.xlsx,purchase_bills,SATTI_APTS,,
1,REBAR-16MM,rebar 5/8 inch,330.2,123.0,40614.6,6904.48,47519.08,purchase_bills\SATTI_APTS_Bill_01_BILL 07 020.xlsx,purchase_bills,SATTI_APTS,,
2,WIRE-7/029,CopWire7,168.0,96.0,16128.0,2741.76,18869.76,purchase_bills\SATTI_APTS_Bill_01_BILL 07 020.xlsx,purchase_bills,SATTI_APTS,,
3,FLOOR_TILE_12,TIL-CER12,217.9,95.0,,,20700.0,purchase_bills\SATTI_APTS_Bill_01_BILL 07 020.xlsx,purchase_bills,SATTI_APTS,,
4,S.BAR 12MM,12mm Steel Rebar,PKR 96,143.0,13742.3,2336.19,16078.49,purchase_bills\SATTI_APTS_Bill_01_BILL 07 020.xlsx,purchase_bills,SATTI_APTS,,
5,MARBLE WHT,Marble Wht,TBD,737.0,103548.5,17603.25,121151.75,purchase_bills\SATTI_APTS_Bill_01_BILL 07 020.xlsx,purchase_bills,SATTI_APTS,,
6,BRK-A,BRK-A,345.3,13409.0,4630127.7,,4630127.7,purchase_bills\SATTI_APTS_Bill_01_BILL 07 020.xlsx,purchase_bills,SATTI_APTS,,
7,CEMENT BAG 50KG,Cement Bag 50Kg,239.6,854.0,204618.4,34785.13,239403.53,purchase_bills\SATTI_APTS_Bill_01_BILL 07 020.xlsx,purchase_bills,SATTI_APTS,,
,,,,,5093850.81,,,purchase_bills\SATTI_APTS_Bill_01_BILL 07 020.xlsx,purchase_bills,SATTI_APTS,,
,,,,,,,,purchase_bills\SATTI_APTS_Bill_01_BILL 07 020.xlsx,purchase_bills,SATTI_APTS,,
Prepared by:,ASIF,,,,,,,purchase_bills\SATTI_APTS_Bill_01_BILL 07 020.xlsx,purchase_bills,SATTI_APTS,,
Invoice #,BILL/15/888,Vendor:,,,,,,purchase_bills\SATTI_APTS_Bill_02_BILL_15_888.xlsx,purchase_bills,SATTI_APTS,Super Steel & Iron Works,
Project,SATTI_APTS,Date:,,,,,,purchase_bills\SATTI_APTS_Bill_02_BILL_15_888.xlsx,purchase_bills,SATTI_APTS,11-28-2017,
1,"G.I.PIPE 2""",GalvPipe-2,,,7320.0,,,purchase_bills\SATTI_APTS_Bill_02_BILL_15_888.xlsx,purchase_bills,SATTI_APTS,24.4,
2,GENSET-25,25KVA Genset,,891410.0,77909234.0,,,purchase_bills\SATTI_APTS_Bill_02_BILL_15_888.xlsx,purchase_bills,SATTI_APTS,87.4,
3,CBL-ARM-95,AC-95sq,,768.0,194150.4,,,purchase_bills\SATTI_APTS_Bill_02_BILL_15_888.xlsx,purchase_bills,SATTI_APTS,252.8,
,,,,,78143710.0,,,purchase_bills\SATTI_APTS_Bill_02_BILL_15_888.xlsx,purchase_bills,SATTI_APTS,,
,,,,,,,,purchase_bills\SATTI_APTS_Bill_02_BILL_15_888.xlsx,purchase_bills,SATTI_APTS,,
Prepared by:,,,,,,,,purchase_bills\SATTI_APTS_Bill_02_BILL_15_888.xlsx,purchase_bills,SATTI_APTS,,
"BILL/15/093   Metro Plumbing Supplies   December 23, 2016",,,,,,,,purchase_bills\SATTI_APTS_Bill_03_BILL_15_093.xlsx,purchase_bills,SATTI_APTS,,
1,SAND-RIVER,River Sand,PKR 232,39.0,9048.0,1538.16,10586.16,purchase_bills\SATTI_APTS_Bill_03_BILL_15_093.xlsx,purchase_bills,SATTI_APTS,,
2,BRK-CLS-A,Red Brick A-Grade,302.1,12928.0,3905548.8,663943.0,4569492.1,purchase_bills\SATTI_APTS_Bill_03_BILL_15_093.xlsx,purchase_bills,SATTI_APTS,,
3,AGG-CRS-34,AGG-CRS34,427.6,58.0,24801.0,,24800.8,purchase_bills\SATTI_APTS_Bill_03_BILL_15_093.xlsx,purchase_bills,SATTI_APTS,,
4,GALVPIPE-1,GI PIPE 1IN,307.5,,58425.0,9932.25,68357.25,purchase_bills\SATTI_APTS_Bill_03_BILL_15_093.xlsx,purchase_bills,SATTI_APTS,,
5,REBAR-12MM,REBAR-12MM,187.4,125.0,23425.0,3982.25,27407.25,purchase_bills\SATTI_APTS_Bill_03_BILL_15_093.xlsx,purchase_bills,SATTI_APTS,,
6,COPWIRE3,Copper Wire 3/.029,264.7,58.0,15352.6,,15352.6,purchase_bills\SATTI_APTS_Bill_03_BILL_15_093.xlsx,purchase_bills,SATTI_APTS,,
7,"TILE 12X12""",floor_tile_12,467.3,97.0,45328.1,7705.78,53033.88,purchase_bills\SATTI_APTS_Bill_03_BILL_15_093.xlsx,purchase_bills,SATTI_APTS,,
,,,,,4769030.04,,,purchase_bills\SATTI_APTS_Bill_03_BILL_15_093.xlsx,purchase_bills,SATTI_APTS,,
,,,,,,,,purchase_bills\SATTI_APTS_Bill_03_BILL_15_093.xlsx,purchase_bills,SATTI_APTS,,
Prepared by:,NASIR,,,,,,,purchase_bills\SATTI_APTS_Bill_03_BILL_15_093.xlsx,purchase_bills,SATTI_APTS,,
Bill No: BILL08905,,Date: 19/06/2016,,,,,,purchase_bills\SATTI_APTS_Bill_04_BILL08905.xlsx,purchase_bills,SATTI_APTS,,
Vendor: Super Steel & Iron Works,PROJECT: SATTI_APTS,,,,,,,purchase_bills\SATTI_APTS_Bill_04_BILL08905.xlsx,purchase_bills,SATTI_APTS,,
PO Ref: PO-APT-4859,,,,,,,,purchase_bills\SATTI_APTS_Bill_04_BILL08905.xlsx,purchase_bills,SATTI_APTS,,
1,SAND-RIVER,Sand (Fine),242.2,,8477.0,1441.09,9918.09,purchase_bills\SATTI_APTS_Bill_04_BILL08905.xlsx,purchase_bills,SATTI_APTS,,
2,"G.I.PIPE 1""",GalvPipe-1,32.7,181.0,5919.0,1006.18,6924.88,purchase_bills\SATTI_APTS_Bill_04_BILL08905.xlsx,purchase_bills,SATTI_APTS,,
3,PLYWD-12,12mm MR Plywood Sheet,485,2055.0,996675.0,169434.75,1166109.75,purchase_bills\SATTI_APTS_Bill_04_BILL08905.xlsx,purchase_bills,SATTI_APTS,,
,,,,,1182952.72,,,purchase_bills\SATTI_APTS_Bill_04_BILL08905.xlsx,purchase_bills,SATTI_APTS,,
,,,,,,,,purchase_bills\SATTI_APTS_Bill_04_BILL08905.xlsx,purchase_bills,SATTI_APTS,,
Prepared by:,TARIQ,,,,,,,purchase_bills\SATTI_APTS_Bill_04_BILL08905.xlsx,purchase_bills,SATTI_APTS,,
Invoice #,BILL-12-424,Vendor:,Al-Rehman Hardware,,,,,purchase_bills\SATTI_APTS_Bill_05_BILL-12-424.xlsx,purchase_bills,SATTI_APTS,,
Project,SATTI_APTS,Date:,12/12/17,,,,,purchase_bills\SATTI_APTS_Bill_05_BILL-12-424.xlsx,purchase_bills,SATTI_APTS,,
1,PIP-GI-1,GI PIPE 1IN,466/-,190.0,88635.0,15067.95,103702.95,purchase_bills\SATTI_APTS_Bill_05_BILL-12-424.xlsx,purchase_bills,SATTI_APTS,,
2,STEEL BAR 16,REBAR-16MM,321.2,128.0,41113.6,6989.31,48102.91,purchase_bills\SATTI_APTS_Bill_05_BILL-12-424.xlsx,purchase_bills,SATTI_APTS,,
3,GLS-CLR-6,6mm Clear Glass,479.4,224.0,107385.6,18255.55,125641.15,purchase_bills\SATTI_APTS_Bill_05_BILL-12-424.xlsx,purchase_bills,SATTI_APTS,,
4,TIL-CER12,Ceramic Floor Tile 12x12,159/-,95.0,15114.5,2569.0,17683.97,purchase_bills\SATTI_APTS_Bill_05_BILL-12-424.xlsx,purchase_bills,SATTI_APTS,,
5,CLASS A BRICK,BRK-A,353.8,15643.0,5534493.4,,5534493.4,purchase_bills\SATTI_APTS_Bill_05_BILL-12-424.xlsx,purchase_bills,SATTI_APTS,,
,,,,,5829624.38,,,purchase_bills\SATTI_APTS_Bill_05_BILL-12-424.xlsx,purchase_bills,SATTI_APTS,,
,,,,,,,,purchase_bills\SATTI_APTS_Bill_05_BILL-12-424.xlsx,purchase_bills,SATTI_APTS,,
Prepared by:,ASIF,,,,,,,purchase_bills\SATTI_APTS_Bill_05_BILL-12-424.xlsx,purchase_bills,SATTI_APTS,,
Invoice #,BILL17135,Vendor:,,,,,,purchase_bills\SATTI_APTS_Bill_06_BILL17135.xlsx,purchase_bills,SATTI_APTS,Al-Rehman Hardware,
Project,SATTI_APTS,Date:,,,,,,purchase_bills\SATTI_APTS_Bill_06_BILL17135.xlsx,purchase_bills,SATTI_APTS,"October 15, 2017",
1,ENAMEL WH.,Oil Paint (White) 4Ltr,,1881.0,312810.3,,,purchase_bills\SATTI_APTS_Bill_06_BILL17135.xlsx,purchase_bills,SATTI_APTS,166.3,
2,IMP_MARBLE_W,MRB-IMP,,656.0,319537.6,,,purchase_bills\SATTI_APTS_Bill_06_BILL17135.xlsx,purchase_bills,SATTI_APTS,487.1,
3,GRAVEL-3/4,coarse agg,,50.0,17430.0,,,purchase_bills\SATTI_APTS_Bill_06_BILL17135.xlsx,purchase_bills,SATTI_APTS,348.6,
4,GENERATOR 25KVA,25KVA Genset,,835331.0,138748479.1,,,purchase_bills\SATTI_APTS_Bill_06_BILL17135.xlsx,purchase_bills,SATTI_APTS,166.1,
5,RED BRICK A-GRADE,Class A Brick,,14609.0,2441163.9,,,purchase_bills\SATTI_APTS_Bill_06_BILL17135.xlsx,purchase_bills,SATTI_APTS,167.1,
6,PIP-GI-1,PIP-GI1,,177.0,58781.7,,,purchase_bills\SATTI_APTS_Bill_06_BILL17135.xlsx,purchase_bills,SATTI_APTS,332.1,
7,WC-STD,toilet_std,,13173.0,5245488.6,,,purchase_bills\SATTI_APTS_Bill_06_BILL17135.xlsx,purchase_bills,SATTI_APTS,398.2,
,,,,,171210244.79,,,purchase_bills\SATTI_APTS_Bill_06_BILL17135.xlsx,purchase_bills,SATTI_APTS,,
,,,,,,,,purchase_bills\SATTI_APTS_Bill_06_BILL17135.xlsx,purchase_bills,SATTI_APTS,,
Prepared by:,,,,,,,,purchase_bills\SATTI_APTS_Bill_06_BILL17135.xlsx,purchase_bills,SATTI_APTS,,
Bill No: BILL08873,,Date: 06/07/2015,,,,,,purchase_bills\SATTI_APTS_Bill_07_BILL08873.xlsx,purchase_bills,SATTI_APTS,,
Vendor: Metro Plumbing Supplies,PROJECT: SATTI_APTS,,,,,,,purchase_bills\SATTI_APTS_Bill_07_BILL08873.xlsx,purchase_bills,SATTI_APTS,,
PO Ref: PO-PLZ-9092,,,,,,,,purchase_bills\SATTI_APTS_Bill_07_BILL08873.xlsx,purchase_bills,SATTI_APTS,,
1,CEM_OPC_50,Cement Bag 50Kg,330.7,1085.0,358809.5,60997.62,419807.12,purchase_bills\SATTI_APTS_Bill_07_BILL08873.xlsx,purchase_bills,SATTI_APTS,,
2,STEEL BAR 12,STL-RB12,229.9,127.0,29197.3,,29197.0,purchase_bills\SATTI_APTS_Bill_07_BILL08873.xlsx,purchase_bills,SATTI_APTS,,
3,"C.AGG 3/4""",AGG-CRS34,357.5,51.0,18232.0,,18232.5,purchase_bills\SATTI_APTS_Bill_07_BILL08873.xlsx,purchase_bills,SATTI_APTS,,
,,,,,467236.92,,,purchase_bills\SATTI_APTS_Bill_07_BILL08873.xlsx,purchase_bills,SATTI_APTS,,
,,,,,,,,purchase_bills\SATTI_APTS_Bill_07_BILL08873.xlsx,purchase_bills,SATTI_APTS,,
Prepared by:,KAMRAN,,,,,,,purchase_bills\SATTI_APTS_Bill_07_BILL08873.xlsx,purchase_bills,SATTI_APTS,,
Bill No: BILL 15 530,,Date: 2018/02/04,,,,,,purchase_bills\SATTI_APTS_Bill_08_BILL 15 530.xlsx,purchase_bills,SATTI_APTS,,
Vendor: Al-Rehman Hardware,PROJECT: SATTI_APTS,,,,,,,purchase_bills\SATTI_APTS_Bill_08_BILL 15 530.xlsx,purchase_bills,SATTI_APTS,,
PO Ref: PO-APT-1549,,,,,,,,purchase_bills\SATTI_APTS_Bill_08_BILL 15 530.xlsx,purchase_bills,SATTI_APTS,,
1,MRB-IMP-W,MAR-W-IMP,129.8,704.0,91379.2,15534.46,106913.66,purchase_bills\SATTI_APTS_Bill_08_BILL 15 530.xlsx,purchase_bills,SATTI_APTS,,
2,SAND-RIVER,SND-RV,134.3,37.0,4969.1,845.0,5813.85,purchase_bills\SATTI_APTS_Bill_08_BILL 15 530.xlsx,purchase_bills,SATTI_APTS,,
3,STL-RB16,rebar 5/8 inch,377.6,136.0,,8730.11,60083.71,purchase_bills\SATTI_APTS_Bill_08_BILL 15 530.xlsx,purchase_bills,SATTI_APTS,,
4,WIRE-3/029,3/0.029 Copper Wire,31,54.0,1674.0,284.58,1958.58,purchase_bills\SATTI_APTS_Bill_08_BILL 15 530.xlsx,purchase_bills,SATTI_APTS,,
5,REBAR-12MM,STL-RB12,267.6,127.0,33985.2,5777.48,39762.68,purchase_bills\SATTI_APTS_Bill_08_BILL 15 530.xlsx,purchase_bills,SATTI_APTS,,
6,COARSE AGG,"C.Agg 3/4""",180.1,61.0,10986.1,,10986.1,purchase_bills\SATTI_APTS_Bill_08_BILL 15 530.xlsx,purchase_bills,SATTI_APTS,,
7,GI_PIPE_2INCH,"G.I.Pipe 2""",233.2,326.0,76023.2,12923.94,88947.14,purchase_bills\SATTI_APTS_Bill_08_BILL 15 530.xlsx,purchase_bills,SATTI_APTS,,
8,CBL-ARM-95,AC-95sq,9.2,740.0,6808.0,1157.36,7965.36,purchase_bills\SATTI_APTS_Bill_08_BILL 15 530.xlsx,purchase_bills,SATTI_APTS,,
9,OPC 50 KG,OPC Cement 50kg Bag,33.2,977.0,32436.4,,32436.4,purchase_bills\SATTI_APTS_Bill_08_BILL 15 530.xlsx,purchase_bills,SATTI_APTS,,
10,COPWIRE7,WIR-CP7,191.1,,19683.3,,,purchase_bills\SATTI_APTS_Bill_08_BILL 15 530.xlsx,purchase_bills,SATTI_APTS,,
,,,,,374550.78,,,purchase_bills\SATTI_APTS_Bill_08_BILL 15 530.xlsx,purchase_bills,SATTI_APTS,,
,,,,,,,,purchase_bills\SATTI_APTS_Bill_08_BILL 15 530.xlsx,purchase_bills,SATTI_APTS,,
Prepared by:,NASIR,,,,,,,purchase_bills\SATTI_APTS_Bill_08_BILL 15 530.xlsx,purchase_bills,SATTI_APTS,,
Bill No: BILL 14 709,,Date: 22-Dec-2016,,,,,,purchase_bills\SATTI_APTS_Bill_09_BILL 14 709.xlsx,purchase_bills,SATTI_APTS,,
Vendor: Allied Cables & Wires,PROJECT: SATTI_APTS,,,,,,,purchase_bills\SATTI_APTS_Bill_09_BILL 14 709.xlsx,purchase_bills,SATTI_APTS,,
PO Ref: PO-PLZ-2753,,,,,,,,purchase_bills\SATTI_APTS_Bill_09_BILL 14 709.xlsx,purchase_bills,SATTI_APTS,,
1,CEM-OPC-50,Cement Bag 50Kg,78.7,990.0,77913.0,,77913.0,purchase_bills\SATTI_APTS_Bill_09_BILL 14 709.xlsx,purchase_bills,SATTI_APTS,,
2,IMP_MARBLE_W,Marble Wht,470.3,678.0,318863.4,54206.78,373070.0,purchase_bills\SATTI_APTS_Bill_09_BILL 14 709.xlsx,purchase_bills,SATTI_APTS,,
3,COPPER WIRE 7/.029,7/0.029 Copper Wire,285.8,107.0,30580.6,5198.7,35779.0,purchase_bills\SATTI_APTS_Bill_09_BILL 14 709.xlsx,purchase_bills,SATTI_APTS,,
4,GLASS-6MM,6mm Clear Glass,421.4,237.0,99871.8,16978.21,116850.01,purchase_bills\SATTI_APTS_Bill_09_BILL 14 709.xlsx,purchase_bills,SATTI_APTS,,
,,,,,603612.49,,,purchase_bills\SATTI_APTS_Bill_09_BILL 14 709.xlsx,purchase_bills,SATTI_APTS,,
,,,,,,,,purchase_bills\SATTI_APTS_Bill_09_BILL 14 709.xlsx,purchase_bills,SATTI_APTS,,
Prepared by:,NASIR,,,,,,,purchase_bills\SATTI_APTS_Bill_09_BILL 14 709.xlsx,purchase_bills,SATTI_APTS,,
Bill No: BILL-18-449,,,Date: 23/03/2016,,,,,purchase_bills\SATTI_APTS_Bill_10_BILL-18-449.xlsx,purchase_bills,SATTI_APTS,,
Vendor: Karachi Sanitary Depot,,Project: SATTI_APTS,,,,,,purchase_bills\SATTI_APTS_Bill_10_BILL-18-449.xlsx,purchase_bills,SATTI_APTS,,
PO Ref: PO-MALL-684,,,,,,,,purchase_bills\SATTI_APTS_Bill_10_BILL-18-449.xlsx,purchase_bills,SATTI_APTS,,
1,,Armoured Cable 95,arm_cable_95,,24957.7,,,purchase_bills\SATTI_APTS_Bill_10_BILL-18-449.xlsx,purchase_bills,SATTI_APTS,,PKR 901
2,,Bajri 3/4,coarse agg,,5101.5,,,purchase_bills\SATTI_APTS_Bill_10_BILL-18-449.xlsx,purchase_bills,SATTI_APTS,89.5,57
3,,PIP-GI2,"G.I.Pipe 2""",,58652.0,,,purchase_bills\SATTI_APTS_Bill_10_BILL-18-449.xlsx,purchase_bills,SATTI_APTS,172,341.0
4,,CEMENT-50,CEM-OPC50,,374484.1,,,purchase_bills\SATTI_APTS_Bill_10_BILL-18-449.xlsx,purchase_bills,SATTI_APTS,383.3,977.0
5,,Steel Bar 16,STL-RB16,,35091.8,,,purchase_bills\SATTI_APTS_Bill_10_BILL-18-449.xlsx,purchase_bills,SATTI_APTS,222/-,158
6,,PAI-OIL-W,White Oil Paint 4L,,69030.0,,,purchase_bills\SATTI_APTS_Bill_10_BILL-18-449.xlsx,purchase_bills,SATTI_APTS,45,1534
7,,25KVA Genset,gen_25kva,,,,,purchase_bills\SATTI_APTS_Bill_10_BILL-18-449.xlsx,purchase_bills,SATTI_APTS,67.8,848280
8,,M20 Concrete,CNC-M20,,156240.0,,,purchase_bills\SATTI_APTS_Bill_10_BILL-18-449.xlsx,purchase_bills,SATTI_APTS,360,434
9,,PLY-MR12,12mm MR Plywood Sheet,,1240901.0,,,purchase_bills\SATTI_APTS_Bill_10_BILL-18-449.xlsx,purchase_bills,SATTI_APTS,493.4,2515
10,,S.Bar 12mm,S.Bar 12mm,,12204.0,,,purchase_bills\SATTI_APTS_Bill_10_BILL-18-449.xlsx,purchase_bills,SATTI_APTS,108.0,113
,,,,,,,,purchase_bills\SATTI_APTS_Bill_10_BILL-18-449.xlsx,purchase_bills,SATTI_APTS,,Grand Total:
,,,,,,,,purchase_bills\SATTI_APTS_Bill_10_BILL-18-449.xlsx,purchase_bills,SATTI_APTS,,Payment Status:
Prepared by:,,Asif,,,,,,purchase_bills\SATTI_APTS_Bill_10_BILL-18-449.xlsx,purchase_bills,SATTI_APTS,,
Bill No: BILL 12 215,,Date: 27/07/2016,,,,,,purchase_bills\SATTI_APTS_Bill_11_BILL 12 215.xlsx,purchase_bills,SATTI_APTS,,
Vendor: Fazal Bricks & Tiles,PROJECT: SATTI_APTS,,,,,,,purchase_bills\SATTI_APTS_Bill_11_BILL 12 215.xlsx,purchase_bills,SATTI_APTS,,
PO Ref: PO-PLZ-7524,,,,,,,,purchase_bills\SATTI_APTS_Bill_11_BILL 12 215.xlsx,purchase_bills,SATTI_APTS,,
1,S.BAR 16MM,STL-RB16,317.9,160.0,50864.0,8646.88,59510.88,purchase_bills\SATTI_APTS_Bill_11_BILL 12 215.xlsx,purchase_bills,SATTI_APTS,,
2,SAN-WC,WC-STD,113.8,11732.0,1335101.6,226967.27,1562068.87,purchase_bills\SATTI_APTS_Bill_11_BILL 12 215.xlsx,purchase_bills,SATTI_APTS,,
3,BAJRI 3/4,coarse agg,247.2,63.0,15573.6,2647.51,18221.11,purchase_bills\SATTI_APTS_Bill_11_BILL 12 215.xlsx,purchase_bills,SATTI_APTS,,
4,GI_PIPE_1INCH,PIP-GI1,446.5,185.0,82602.5,14042.0,96644.93,purchase_bills\SATTI_APTS_Bill_11_BILL 12 215.xlsx,purchase_bills,SATTI_APTS,,
5,GLS-CLR-6,Clear Glass 6,267.9,219.0,58670.1,,58670.1,purchase_bills\SATTI_APTS_Bill_11_BILL 12 215.xlsx,purchase_bills,SATTI_APTS,,
6,CEM_OPC_50,Cement Bag 50Kg,475.2,845.0,401544.0,68262.48,469806.48,purchase_bills\SATTI_APTS_Bill_11_BILL 12 215.xlsx,purchase_bills,SATTI_APTS,,
7,GEN_25KVA,Generator 25KVA,17.1,937130.0,16024923.0,,16024923.0,purchase_bills\SATTI_APTS_Bill_11_BILL 12 215.xlsx,purchase_bills,SATTI_APTS,,
8,SAND (FINE),River Sand,430.9,30.0,12927.0,,12927.0,purchase_bills\SATTI_APTS_Bill_11_BILL 12 215.xlsx,purchase_bills,SATTI_APTS,,
9,AL_WINDOW_4,al_window_4,398.3,15751.0,6273623.0,1066515.96,7340139.26,purchase_bills\SATTI_APTS_Bill_11_BILL 12 215.xlsx,purchase_bills,SATTI_APTS,,
10,PIP-GI-2,"G.I.Pipe 2""",,321.0,59706.0,10150.02,69856.02,purchase_bills\SATTI_APTS_Bill_11_BILL 12 215.xlsx,purchase_bills,SATTI_APTS,,
,,,,,25712767.65,,,purchase_bills\SATTI_APTS_Bill_11_BILL 12 215.xlsx,purchase_bills,SATTI_APTS,,
,,,,,,,,purchase_bills\SATTI_APTS_Bill_11_BILL 12 215.xlsx,purchase_bills,SATTI_APTS,,
Prepared by:,NASIR,,,,,,,purchase_bills\SATTI_APTS_Bill_11_BILL 12 215.xlsx,purchase_bills,SATTI_APTS,,
Invoice #,BILL/11/329,Vendor:,National Paint House,,,,,purchase_bills\SATTI_APTS_Bill_12_BILL_11_329.xlsx,purchase_bills,SATTI_APTS,,
Project,SATTI_APTS,Date:,29/08/2016,,,,,purchase_bills\SATTI_APTS_Bill_12_BILL_11_329.xlsx,purchase_bills,SATTI_APTS,,
1,BRICKS_A,BRK-A,250.7,15575.0,3904652.5,663790.93,4568443.43,purchase_bills\SATTI_APTS_Bill_12_BILL_11_329.xlsx,purchase_bills,SATTI_APTS,,
2,RETI (RIVER),Sand (Fine),324.1,33.0,10695.3,1818.2,12513.5,purchase_bills\SATTI_APTS_Bill_12_BILL_11_329.xlsx,purchase_bills,SATTI_APTS,,
3,WIRE_7029,WIRE-7/029,245.6,100.0,24560.0,4175.2,28735.2,purchase_bills\SATTI_APTS_Bill_12_BILL_11_329.xlsx,purchase_bills,SATTI_APTS,,
4,CNC-M20,Ready Mix M20,189.1,393.0,74316.3,,74316.3,purchase_bills\SATTI_APTS_Bill_12_BILL_11_329.xlsx,purchase_bills,SATTI_APTS,,
,,,,,4684008.43,,,purchase_bills\SATTI_APTS_Bill_12_BILL_11_329.xlsx,purchase_bills,SATTI_APTS,,
,,,,,,,,purchase_bills\SATTI_APTS_Bill_12_BILL_11_329.xlsx,purchase_bills,SATTI_APTS,,
Prepared by:,KAMRAN,,,,,,,purchase_bills\SATTI_APTS_Bill_12_BILL_11_329.xlsx,purchase_bills,SATTI_APTS,,
Bill No: BILL/08/244,,Date: 2015/05/24,,,,,,purchase_bills\SATTI_APTS_Bill_13_BILL_08_244.xlsx,purchase_bills,SATTI_APTS,,
Vendor: Al-Rehman Hardware,PROJECT: SATTI_APTS,,,,,,,purchase_bills\SATTI_APTS_Bill_13_BILL_08_244.xlsx,purchase_bills,SATTI_APTS,,
PO Ref: PO-PLZ-9513,,,,,,,,purchase_bills\SATTI_APTS_Bill_13_BILL_08_244.xlsx,purchase_bills,SATTI_APTS,,
1,"A.WIN 4""",Alum Window 4ft,450.6,12931.0,5826708.6,990540.46,6817249.0,purchase_bills\SATTI_APTS_Bill_13_BILL_08_244.xlsx,purchase_bills,SATTI_APTS,,
2,WIRE_3029,WIR-CP3,293.8,50.0,14690.0,,14690.0,purchase_bills\SATTI_APTS_Bill_13_BILL_08_244.xlsx,purchase_bills,SATTI_APTS,,
3,AGG-CRS-34,coarse agg,200.2,55.0,11011.0,,11011.0,purchase_bills\SATTI_APTS_Bill_13_BILL_08_244.xlsx,purchase_bills,SATTI_APTS,,
4,CLEAR GLASS 6,GLASS-6MM,196.1,188.0,36866.8,6267.36,43134.16,purchase_bills\SATTI_APTS_Bill_13_BILL_08_244.xlsx,purchase_bills,SATTI_APTS,,
5,PLYWOOD 12MM MR,Plywood 12mm MR,147.9,2402.0,355255.8,,355255.8,purchase_bills\SATTI_APTS_Bill_13_BILL_08_244.xlsx,purchase_bills,SATTI_APTS,,
6,PAI-OIL,OIL-PAINT-W,240/-,1998.0,479320.2,,479320.0,purchase_bills\SATTI_APTS_Bill_13_BILL_08_244.xlsx,purchase_bills,SATTI_APTS,,
7,REBAR-16MM,rebar 5/8 inch,91.6,,12640.8,2148.94,14789.74,purchase_bills\SATTI_APTS_Bill_13_BILL_08_244.xlsx,purchase_bills,SATTI_APTS,,
,,,,,7735449.96,,,purchase_bills\SATTI_APTS_Bill_13_BILL_08_244.xlsx,purchase_bills,SATTI_APTS,,
,,,,,,,,purchase_bills\SATTI_APTS_Bill_13_BILL_08_244.xlsx,purchase_bills,SATTI_APTS,,
Prepared by:,TARIQ,,,,,,,purchase_bills\SATTI_APTS_Bill_13_BILL_08_244.xlsx,purchase_bills,SATTI_APTS,,
Bill No: BILL16758,,Date: 02-Jun-2016,,,,,,purchase_bills\SATTI_APTS_Bill_14_BILL16758.xlsx,purchase_bills,SATTI_APTS,,
Vendor: Siemens Pakistan (Electro),PROJECT: SATTI_APTS,,,,,,,purchase_bills\SATTI_APTS_Bill_14_BILL16758.xlsx,purchase_bills,SATTI_APTS,,
PO Ref: PO-MALL-140,,,,,,,,purchase_bills\SATTI_APTS_Bill_14_BILL16758.xlsx,purchase_bills,SATTI_APTS,,
1,CLASS A BRICK,bricks_a,72.1,12586.0,907450.6,154266.6,1061717.2,purchase_bills\SATTI_APTS_Bill_14_BILL16758.xlsx,purchase_bills,SATTI_APTS,,
2,PAINT_OIL_W,PAI-OIL,384.4,1629.0,626187.6,106451.89,732639.49,purchase_bills\SATTI_APTS_Bill_14_BILL16758.xlsx,purchase_bills,SATTI_APTS,,
3,GEN_25KVA,gen_25kva,345.7,834813.0,288594854.1,49061125.2,337655979.3,purchase_bills\SATTI_APTS_Bill_14_BILL16758.xlsx,purchase_bills,SATTI_APTS,,
4,STL-RB12,12mm Steel Rebar,112.8,130.0,14664.0,,14664.0,purchase_bills\SATTI_APTS_Bill_14_BILL16758.xlsx,purchase_bills,SATTI_APTS,,
5,WIRE_7029,CopWire7,352.6,104.0,36670.4,6234.0,42904.37,purchase_bills\SATTI_APTS_Bill_14_BILL16758.xlsx,purchase_bills,SATTI_APTS,,
6,CEM-OPC50,Cement Bag 50Kg,445.4,978.0,435601.0,,435601.2,purchase_bills\SATTI_APTS_Bill_14_BILL16758.xlsx,purchase_bills,SATTI_APTS,,
7,WIRE_3029,WIR-CP3,345.6,52.0,17971.2,3055.1,21026.0,purchase_bills\SATTI_APTS_Bill_14_BILL16758.xlsx,purchase_bills,SATTI_APTS,,
8,ARMOURED CABLE 95,95mm² Armoured Cable,102.2,731.0,74708.2,,74708.0,purchase_bills\SATTI_APTS_Bill_14_BILL16758.xlsx,purchase_bills,SATTI_APTS,,
9,GLS-CLR-6,6mm Clear Glass,392.3,,97290.4,16539.0,113829.77,purchase_bills\SATTI_APTS_Bill_14_BILL16758.xlsx,purchase_bills,SATTI_APTS,,
10,RIVER_SAND,SAND-RIVER,179.3,39.0,6993.0,,6992.7,purchase_bills\SATTI_APTS_Bill_14_BILL16758.xlsx,purchase_bills,SATTI_APTS,,
,,,,,340160062.53,,,purchase_bills\SATTI_APTS_Bill_14_BILL16758.xlsx,purchase_bills,SATTI_APTS,,
,,,,,,,,purchase_bills\SATTI_APTS_Bill_14_BILL16758.xlsx,purchase_bills,SATTI_APTS,,
Prepared by:,TARIQ,,,,,,,purchase_bills\SATTI_APTS_Bill_14_BILL16758.xlsx,purchase_bills,SATTI_APTS,,
BILL/16/005   Karachi Sanitary Depot   2015/09/19,,,,,,,,purchase_bills\SATTI_APTS_Bill_15_BILL_16_005.xlsx,purchase_bills,SATTI_APTS,,
1,CLASS A BRICK,BRICK-CLA,492.6,13697.0,6747142.2,,6747142.2,purchase_bills\SATTI_APTS_Bill_15_BILL_16_005.xlsx,purchase_bills,SATTI_APTS,,
2,"TILE 12X12""","Cer.Tile 12""",337.7,82.0,27691.4,4707.54,32398.94,purchase_bills\SATTI_APTS_Bill_15_BILL_16_005.xlsx,purchase_bills,SATTI_APTS,,
3,WIR-CP3,3/0.029 Copper Wire,185,50.0,9250.0,1572.5,10822.5,purchase_bills\SATTI_APTS_Bill_15_BILL_16_005.xlsx,purchase_bills,SATTI_APTS,,
4,6MM_GLASS,6mm_glass,140.1,239.0,33483.9,,33483.9,purchase_bills\SATTI_APTS_Bill_15_BILL_16_005.xlsx,purchase_bills,SATTI_APTS,,
5,ARMD-CBL-95,CBL-ARM95,385.2,750.0,288900.0,49113.0,338013.0,purchase_bills\SATTI_APTS_Bill_15_BILL_16_005.xlsx,purchase_bills,SATTI_APTS,,
6,PLY_MR_12MM,12mm MR Plywood Sheet,,2123.0,1032203.0,,1032203.0,purchase_bills\SATTI_APTS_Bill_15_BILL_16_005.xlsx,purchase_bills,SATTI_APTS,,
7,COMMODE STANDARD,Commode Standard,105,13108.0,1376340.0,233977.8,1610317.8,purchase_bills\SATTI_APTS_Bill_15_BILL_16_005.xlsx,purchase_bills,SATTI_APTS,,
8,"G.I.PIPE 2""","2"" GI Pipe",194.9,293.0,57105.7,9707.97,66813.67,purchase_bills\SATTI_APTS_Bill_15_BILL_16_005.xlsx,purchase_bills,SATTI_APTS,,
9,READY MIX M20,Ready Mix M20,71.6,447.0,32005.2,5440.88,37446.08,purchase_bills\SATTI_APTS_Bill_15_BILL_16_005.xlsx,purchase_bills,SATTI_APTS,,
10,WIR-CP7,CopWire7,32.6,88.0,2868.8,487.7,3356.0,purchase_bills\SATTI_APTS_Bill_15_BILL_16_005.xlsx,purchase_bills,SATTI_APTS,,
,,,,,9911997.19,,,purchase_bills\SATTI_APTS_Bill_15_BILL_16_005.xlsx,purchase_bills,SATTI_APTS,,
,,,,,,,,purchase_bills\SATTI_APTS_Bill_15_BILL_16_005.xlsx,purchase_bills,SATTI_APTS,,
Prepared by:,TARIQ,,,,,,,purchase_bills\SATTI_APTS_Bill_15_BILL_16_005.xlsx,purchase_bills,SATTI_APTS,,
Invoice #,BILL-18-350,Vendor:,Fazal Bricks & Tiles,,,,,purchase_bills\SATTI_APTS_Bill_16_BILL-18-350.xlsx,purchase_bills,SATTI_APTS,,
Project,SATTI_APTS,Date:,2015/09/16,,,,,purchase_bills\SATTI_APTS_Bill_16_BILL-18-350.xlsx,purchase_bills,SATTI_APTS,,
1,ALUM WINDOW 4FT,al_window_4,406.7,15228.0,6193227.6,1052848.69,7246076.29,purchase_bills\SATTI_APTS_Bill_16_BILL-18-350.xlsx,purchase_bills,SATTI_APTS,,
2,RED BRICK A-GRADE,BRK-A,147.2,12100.0,1781120.0,,1781120.0,purchase_bills\SATTI_APTS_Bill_16_BILL-18-350.xlsx,purchase_bills,SATTI_APTS,,
3,PIP-GI-1,gi_pipe_1inch,171.7,157.0,26956.9,,26956.9,purchase_bills\SATTI_APTS_Bill_16_BILL-18-350.xlsx,purchase_bills,SATTI_APTS,,
4,PLYWD-12,Plywood 12mm MR,333.4,2077.0,692471.8,117720.21,810192.01,purchase_bills\SATTI_APTS_Bill_16_BILL-18-350.xlsx,purchase_bills,SATTI_APTS,,
,,,,,9864345.2,,,purchase_bills\SATTI_APTS_Bill_16_BILL-18-350.xlsx,purchase_bills,SATTI_APTS,,
,,,,,,,,purchase_bills\SATTI_APTS_Bill_16_BILL-18-350.xlsx,purchase_bills,SATTI_APTS,,
Prepared by:,,,,,,,,purchase_bills\SATTI_APTS_Bill_16_BILL-18-350.xlsx,purchase_bills,SATTI_APTS,,
BILL11677   Pioneer Generators Ltd   13/10/17,,,,,,,,purchase_bills\SATTI_APTS_Bill_17_BILL11677.xlsx,purchase_bills,SATTI_APTS,,
1,WIR-CP3,WIR-CP3,,60.0,1122.0,,,purchase_bills\SATTI_APTS_Bill_17_BILL11677.xlsx,purchase_bills,SATTI_APTS,18.7,
2,SND-RV,SND-RV,,30.0,4200.0,,,purchase_bills\SATTI_APTS_Bill_17_BILL11677.xlsx,purchase_bills,SATTI_APTS,140,
3,WIRE_7029,Copper Wire 7/.029,,82.0,32160.0,,,purchase_bills\SATTI_APTS_Bill_17_BILL11677.xlsx,purchase_bills,SATTI_APTS,392.2,
4,GI PIPE 2IN,GalvPipe-2,,272.0,89868.8,,,purchase_bills\SATTI_APTS_Bill_17_BILL11677.xlsx,purchase_bills,SATTI_APTS,330.4,
5,TIL-CER-12,floor_tile_12,,87.0,29041.0,,,purchase_bills\SATTI_APTS_Bill_17_BILL11677.xlsx,purchase_bills,SATTI_APTS,333.8,
6,BRICK-CLA,BRICK-CLA,,14996.0,6253332.0,,,purchase_bills\SATTI_APTS_Bill_17_BILL11677.xlsx,purchase_bills,SATTI_APTS,417,
7,STL-RB16,REBAR-16MM,,130.0,28925.0,,,purchase_bills\SATTI_APTS_Bill_17_BILL11677.xlsx,purchase_bills,SATTI_APTS,222.5,
,,,,,6443756.79,,,purchase_bills\SATTI_APTS_Bill_17_BILL11677.xlsx,purchase_bills,SATTI_APTS,,
,,,,,,,,purchase_bills\SATTI_APTS_Bill_17_BILL11677.xlsx,purchase_bills,SATTI_APTS,,
Prepared by:,TARIQ,,,,,,,purchase_bills\SATTI_APTS_Bill_17_BILL11677.xlsx,purchase_bills,SATTI_APTS,,
BILL/13/487   Karachi Sanitary Depot   23.03.2017,,,,,,,,purchase_bills\SATTI_APTS_Bill_18_BILL_13_487.xlsx,purchase_bills,SATTI_APTS,,
1,COPPER WIRE 3/.029,wire_3029,162,60.0,9720.0,,9720.0,purchase_bills\SATTI_APTS_Bill_18_BILL_13_487.xlsx,purchase_bills,SATTI_APTS,,
2,CEM_OPC_50,Cement Bag 50Kg,463.6,902.0,,71088.42,489256.0,purchase_bills\SATTI_APTS_Bill_18_BILL_13_487.xlsx,purchase_bills,SATTI_APTS,,
3,GALVPIPE-2,gi_pipe_2inch,370/-,306.0,113281.2,19257.8,132539.0,purchase_bills\SATTI_APTS_Bill_18_BILL_13_487.xlsx,purchase_bills,SATTI_APTS,,
4,RMC_M20,RMC-M20,160.3,367.0,58830.1,10001.12,68831.22,purchase_bills\SATTI_APTS_Bill_18_BILL_13_487.xlsx,purchase_bills,SATTI_APTS,,
5,GI PIPE 1IN,"G.I.Pipe 1""",241.8,193.0,46667.4,,54600.86,purchase_bills\SATTI_APTS_Bill_18_BILL_13_487.xlsx,purchase_bills,SATTI_APTS,,
6,COMMODE STANDARD,toilet_std,116.1,14180.0,1646298.0,,1646298.0,purchase_bills\SATTI_APTS_Bill_18_BILL_13_487.xlsx,purchase_bills,SATTI_APTS,,
7,MARBLE WHT,MRB-IMP,29.6,704.0,,,20838.4,purchase_bills\SATTI_APTS_Bill_18_BILL_13_487.xlsx,purchase_bills,SATTI_APTS,,
,,,,,2422083.1,,,purchase_bills\SATTI_APTS_Bill_18_BILL_13_487.xlsx,purchase_bills,SATTI_APTS,,
,,,,,,,,purchase_bills\SATTI_APTS_Bill_18_BILL_13_487.xlsx,purchase_bills,SATTI_APTS,,
Prepared by:,NASIR,,,,,,,purchase_bills\SATTI_APTS_Bill_18_BILL_13_487.xlsx,purchase_bills,SATTI_APTS,,
BILL-11-731   Tariq & Sons Electricals   2016/03/25,,,,,,,,purchase_bills\SATTI_APTS_Bill_19_BILL-11-731.xlsx,purchase_bills,SATTI_APTS,,
1,CEM_OPC_50,Cement Bag 50Kg,,881.0,325441.4,,,purchase_bills\SATTI_APTS_Bill_19_BILL-11-731.xlsx,purchase_bills,SATTI_APTS,369/-,
2,STEEL BAR 12,S.Bar 12mm,,134.0,64829.2,,,purchase_bills\SATTI_APTS_Bill_19_BILL-11-731.xlsx,purchase_bills,SATTI_APTS,PKR 484,
3,ALUM WINDOW 4FT,"A.Win 4""",,16536.0,3118689.6,,,purchase_bills\SATTI_APTS_Bill_19_BILL-11-731.xlsx,purchase_bills,SATTI_APTS,188.6,
4,BAJRI 3/4,AGG-CRS34,,58.0,2865.2,,,purchase_bills\SATTI_APTS_Bill_19_BILL-11-731.xlsx,purchase_bills,SATTI_APTS,49.4,
5,PLYWD-12,ply_mr_12mm,,2154.0,395259.0,,,purchase_bills\SATTI_APTS_Bill_19_BILL-11-731.xlsx,purchase_bills,SATTI_APTS,183.5,
6,WHITE OIL PAINT 4L,PAI-OIL,,2067.0,333200.4,,,purchase_bills\SATTI_APTS_Bill_19_BILL-11-731.xlsx,purchase_bills,SATTI_APTS,,
7,PIP-GI-1,PIP-GI1,,165.0,12969.0,,,purchase_bills\SATTI_APTS_Bill_19_BILL-11-731.xlsx,purchase_bills,SATTI_APTS,78.6,
8,ARMOURED CABLE 95,95mm² Armoured Cable,,975.0,218010.0,,,purchase_bills\SATTI_APTS_Bill_19_BILL-11-731.xlsx,purchase_bills,SATTI_APTS,223.6,
9,BRICK-CLA,Class-A Red Brick,,13093.0,1385239.4,,,purchase_bills\SATTI_APTS_Bill_19_BILL-11-731.xlsx,purchase_bills,SATTI_APTS,105.8,
10,SAN-WC,toilet_std,,10640.0,5309360.0,,,purchase_bills\SATTI_APTS_Bill_19_BILL-11-731.xlsx,purchase_bills,SATTI_APTS,TBD,
,,,,,11791119.0,,,purchase_bills\SATTI_APTS_Bill_19_BILL-11-731.xlsx,purchase_bills,SATTI_APTS,,
,,,,,,,,purchase_bills\SATTI_APTS_Bill_19_BILL-11-731.xlsx,purchase_bills,SATTI_APTS,,
Prepared by:,ASIF,,,,,,,purchase_bills\SATTI_APTS_Bill_19_BILL-11-731.xlsx,purchase_bills,SATTI_APTS,,
Bill No: BILL 18 697,,Date: 16/05/17,,,,,,purchase_bills\SATTI_APTS_Bill_20_BILL 18 697.xlsx,purchase_bills,SATTI_APTS,,
Vendor: Al-Rehman Hardware,PROJECT: SATTI_APTS,,,,,,,purchase_bills\SATTI_APTS_Bill_20_BILL 18 697.xlsx,purchase_bills,SATTI_APTS,,
PO Ref: PO-PLZ-9772,,,,,,,,purchase_bills\SATTI_APTS_Bill_20_BILL 18 697.xlsx,purchase_bills,SATTI_APTS,,
1,STL-RB16,rebar 5/8 inch,49.1,155.0,7610.5,1293.79,8904.29,purchase_bills\SATTI_APTS_Bill_20_BILL 18 697.xlsx,purchase_bills,SATTI_APTS,,
2,CEMENT BAG 50KG,cem_opc_50,404.1,896.0,362073.6,,362073.6,purchase_bills\SATTI_APTS_Bill_20_BILL 18 697.xlsx,purchase_bills,SATTI_APTS,,
3,ARMOURED CABLE 95,Armoured Cable 95,137.9,876.0,,20536.07,141336.0,purchase_bills\SATTI_APTS_Bill_20_BILL 18 697.xlsx,purchase_bills,SATTI_APTS,,
4,"CER.TILE 12""","Tile 12x12""",116,90.0,10440.0,1774.8,12214.8,purchase_bills\SATTI_APTS_Bill_20_BILL 18 697.xlsx,purchase_bills,SATTI_APTS,,
5,WHITE MARBLE IMP.,MAR-W-IMP,78.6,604.0,47474.4,,47474.0,purchase_bills\SATTI_APTS_Bill_20_BILL 18 697.xlsx,purchase_bills,SATTI_APTS,,
6,PIP-GI-1,gi_pipe_1inch,58.3,176.0,10260.8,1744.34,12005.0,purchase_bills\SATTI_APTS_Bill_20_BILL 18 697.xlsx,purchase_bills,SATTI_APTS,,
7,AGG-CRS-34,"C.Agg 3/4""",332.5,50.0,16625.0,2826.25,19451.25,purchase_bills\SATTI_APTS_Bill_20_BILL 18 697.xlsx,purchase_bills,SATTI_APTS,,
8,"A.WIN 4""",Alum Window 4ft,313.8,,,,4229396.4,purchase_bills\SATTI_APTS_Bill_20_BILL 18 697.xlsx,purchase_bills,SATTI_APTS,,
,,,,,4832856.35,,,purchase_bills\SATTI_APTS_Bill_20_BILL 18 697.xlsx,purchase_bills,SATTI_APTS,,
,,,,,,,,purchase_bills\SATTI_APTS_Bill_20_BILL 18 697.xlsx,purchase_bills,SATTI_APTS,,
Prepared by:,NASIR,,,,,,,purchase_bills\SATTI_APTS_Bill_20_BILL 18 697.xlsx,purchase_bills,SATTI_APTS,,
Invoice #,BILL-06-405,Vendor:,,,,,,purchase_bills\SATTI_APTS_Bill_21_BILL-06-405.xlsx,purchase_bills,SATTI_APTS,Al-Rehman Hardware,
Project,SATTI_APTS,Date:,,,,,,purchase_bills\SATTI_APTS_Bill_21_BILL-06-405.xlsx,purchase_bills,SATTI_APTS,"March 28, 2015",
1,S.BAR 12MM,Steel Bar 12,,122.0,,,,purchase_bills\SATTI_APTS_Bill_21_BILL-06-405.xlsx,purchase_bills,SATTI_APTS,99.5,
2,GALVPIPE-1,"G.I.Pipe 1""",,178.0,85813.8,,,purchase_bills\SATTI_APTS_Bill_21_BILL-06-405.xlsx,purchase_bills,SATTI_APTS,482.1,
3,ALM-WIN-4,ALU-WIN4,,15067.0,134096.3,,,purchase_bills\SATTI_APTS_Bill_21_BILL-06-405.xlsx,purchase_bills,SATTI_APTS,8.9,
4,COARSE AGG,GRAVEL-3/4,,53.0,1234.9,,,purchase_bills\SATTI_APTS_Bill_21_BILL-06-405.xlsx,purchase_bills,SATTI_APTS,23.3,
5,PIP-GI2,GalvPipe-2,,265.0,9275.0,,,purchase_bills\SATTI_APTS_Bill_21_BILL-06-405.xlsx,purchase_bills,SATTI_APTS,35,
6,MRB-IMP-W,White Marble Imp.,,,222372.0,,,purchase_bills\SATTI_APTS_Bill_21_BILL-06-405.xlsx,purchase_bills,SATTI_APTS,313.2,
,,,,,506584.55,,,purchase_bills\SATTI_APTS_Bill_21_BILL-06-405.xlsx,purchase_bills,SATTI_APTS,,
,,,,,,,,purchase_bills\SATTI_APTS_Bill_21_BILL-06-405.xlsx,purchase_bills,SATTI_APTS,,
Prepared by:,KAMRAN,,,,,,,purchase_bills\SATTI_APTS_Bill_21_BILL-06-405.xlsx,purchase_bills,SATTI_APTS,,
"BILL 17 874   Pioneer Generators Ltd   October 15, 2017",,,,,,,,purchase_bills\SATTI_APTS_Bill_22_BILL 17 874.xlsx,purchase_bills,SATTI_APTS,,
1,SAN-WC,toilet_std,,,302611.9,,,purchase_bills\SATTI_APTS_Bill_22_BILL 17 874.xlsx,purchase_bills,SATTI_APTS,28.3,
2,ALM-WIN-4,4ft Aluminum Window,,12821.0,2207776.2,,,purchase_bills\SATTI_APTS_Bill_22_BILL 17 874.xlsx,purchase_bills,SATTI_APTS,172.2,
3,WIR-COP-3,CopWire3,,49.0,6732.6,,,purchase_bills\SATTI_APTS_Bill_22_BILL 17 874.xlsx,purchase_bills,SATTI_APTS,137.4,
4,"G.I.PIPE 2""","G.I.Pipe 2""",,334.0,160821.0,,,purchase_bills\SATTI_APTS_Bill_22_BILL 17 874.xlsx,purchase_bills,SATTI_APTS,481.5,
,,,,,3053263.65,,,purchase_bills\SATTI_APTS_Bill_22_BILL 17 874.xlsx,purchase_bills,SATTI_APTS,,
,,,,,,,,purchase_bills\SATTI_APTS_Bill_22_BILL 17 874.xlsx,purchase_bills,SATTI_APTS,,
Prepared by:,ASIF,,,,,,,purchase_bills\SATTI_APTS_Bill_22_BILL 17 874.xlsx,purchase_bills,SATTI_APTS,,
BILL/18/121   Pioneer Generators Ltd   24-Apr-2016,,,,,,,,purchase_bills\SATTI_APTS_Bill_23_BILL_18_121.xlsx,purchase_bills,SATTI_APTS,,
1,WHITE OIL PAINT 4L,White Oil Paint 4L,,2044.0,918778.0,,,purchase_bills\SATTI_APTS_Bill_23_BILL_18_121.xlsx,purchase_bills,SATTI_APTS,449.5,
2,GALVPIPE-2,gi_pipe_2inch,,,127939.0,,,purchase_bills\SATTI_APTS_Bill_23_BILL_18_121.xlsx,purchase_bills,SATTI_APTS,472.1,
3,"C.AGG 3/4""","C.Agg 3/4""",,56.0,4463.2,,,purchase_bills\SATTI_APTS_Bill_23_BILL_18_121.xlsx,purchase_bills,SATTI_APTS,79.7,
4,25KVA GENSET,25KVA Genset,,1007225.0,446704287.5,,,purchase_bills\SATTI_APTS_Bill_23_BILL_18_121.xlsx,purchase_bills,SATTI_APTS,443.5,
5,TOILET_STD,toilet_std,,13251.0,6103410.6,,,purchase_bills\SATTI_APTS_Bill_23_BILL_18_121.xlsx,purchase_bills,SATTI_APTS,460.6,
6,"TILE 12X12""",TILE-12X12,,92.0,40885.0,,,purchase_bills\SATTI_APTS_Bill_23_BILL_18_121.xlsx,purchase_bills,SATTI_APTS,TBD,
7,BRICKS_A,bricks_a,,12429.0,4614887.7,,,purchase_bills\SATTI_APTS_Bill_23_BILL_18_121.xlsx,purchase_bills,SATTI_APTS,371.3,
8,CEM_OPC_50,CEM-OPC50,,1061.0,17612.6,,,purchase_bills\SATTI_APTS_Bill_23_BILL_18_121.xlsx,purchase_bills,SATTI_APTS,16.6,
9,GI_PIPE_1INCH,"1"" GI Pipe",,198.0,72725.4,,,purchase_bills\SATTI_APTS_Bill_23_BILL_18_121.xlsx,purchase_bills,SATTI_APTS,367.3,
,,,,,459842818.49,,,purchase_bills\SATTI_APTS_Bill_23_BILL_18_121.xlsx,purchase_bills,SATTI_APTS,,
,,,,,,,,purchase_bills\SATTI_APTS_Bill_23_BILL_18_121.xlsx,purchase_bills,SATTI_APTS,,
Prepared by:,ASIF,,,,,,,purchase_bills\SATTI_APTS_Bill_23_BILL_18_121.xlsx,purchase_bills,SATTI_APTS,,
BILL13242   Hafiz Glass & Aluminum   06-04-2018,,,,,,,,purchase_bills\SATTI_APTS_Bill_24_BILL13242.xlsx,purchase_bills,SATTI_APTS,,
1,WHITE MARBLE IMP.,Marble Wht,465.9,678.0,315880.2,,315880.2,purchase_bills\SATTI_APTS_Bill_24_BILL13242.xlsx,purchase_bills,SATTI_APTS,,
2,AC-95SQ,arm_cable_95,432.3,753.0,325521.9,55338.72,380860.62,purchase_bills\SATTI_APTS_Bill_24_BILL13242.xlsx,purchase_bills,SATTI_APTS,,
3,25KVA GENSET,25 KVA Generator,,970453.0,62885354.4,10690510.25,73575864.65,purchase_bills\SATTI_APTS_Bill_24_BILL13242.xlsx,purchase_bills,SATTI_APTS,,
4,TIL-CER12,floor_tile_12,213.8,,20524.8,3489.0,24014.02,purchase_bills\SATTI_APTS_Bill_24_BILL13242.xlsx,purchase_bills,SATTI_APTS,,
5,WIR-COP-7,Copper Wire 7/.029,243.2,90.0,21888.0,3720.96,25608.96,purchase_bills\SATTI_APTS_Bill_24_BILL13242.xlsx,purchase_bills,SATTI_APTS,,
6,WIRE_3029,Copper Wire 3/.029,382,58.0,22156.0,3766.52,25922.52,purchase_bills\SATTI_APTS_Bill_24_BILL13242.xlsx,purchase_bills,SATTI_APTS,,
7,GI PIPE 2IN,gi_pipe_2inch,27.7,326.0,,1535.0,10565.33,purchase_bills\SATTI_APTS_Bill_24_BILL13242.xlsx,purchase_bills,SATTI_APTS,,
8,PLYWD-12,MR Ply 12,324.4,2295.0,744498.0,126564.66,871062.66,purchase_bills\SATTI_APTS_Bill_24_BILL13242.xlsx,purchase_bills,SATTI_APTS,,
9,GI_PIPE_1INCH,"1"" GI Pipe",PKR 64,204.0,13158.0,2236.86,15394.86,purchase_bills\SATTI_APTS_Bill_24_BILL13242.xlsx,purchase_bills,SATTI_APTS,,
,,,,,75245173.82,,,purchase_bills\SATTI_APTS_Bill_24_BILL13242.xlsx,purchase_bills,SATTI_APTS,,
,,,,,,,,purchase_bills\SATTI_APTS_Bill_24_BILL13242.xlsx,purchase_bills,SATTI_APTS,,
Prepared by:,TARIQ,,,,,,,purchase_bills\SATTI_APTS_Bill_24_BILL13242.xlsx,purchase_bills,SATTI_APTS,,
Bill No: BILL17047,,Date: 2015/04/17,,,,,,purchase_bills\SATTI_APTS_Bill_25_BILL17047.xlsx,purchase_bills,SATTI_APTS,,
Vendor: Siemens Pakistan (Electro),PROJECT: SATTI_APTS,,,,,,,purchase_bills\SATTI_APTS_Bill_25_BILL17047.xlsx,purchase_bills,SATTI_APTS,,
PO Ref: PO-PLZ-7260,,,,,,,,purchase_bills\SATTI_APTS_Bill_25_BILL17047.xlsx,purchase_bills,SATTI_APTS,,
1,GI PIPE 2IN,"2"" GI Pipe",PKR 163,315.0,51219.0,8707.0,59926.23,purchase_bills\SATTI_APTS_Bill_25_BILL17047.xlsx,purchase_bills,SATTI_APTS,,
2,MRB-IMP-W,MRB-IMP,382.7,711.0,272099.7,46256.95,318356.65,purchase_bills\SATTI_APTS_Bill_25_BILL17047.xlsx,purchase_bills,SATTI_APTS,,
3,M20 CONCRETE,CNC-M20,392.1,425.0,166642.0,28329.23,194971.73,purchase_bills\SATTI_APTS_Bill_25_BILL17047.xlsx,purchase_bills,SATTI_APTS,,
4,ALM-W4,4ft Aluminum Window,34.8,16335.0,568458.0,96637.86,665095.86,purchase_bills\SATTI_APTS_Bill_25_BILL17047.xlsx,purchase_bills,SATTI_APTS,,
5,TILE-12X12,Ceramic Floor Tile 12x12,85/-,86.0,7301.4,1241.24,8542.64,purchase_bills\SATTI_APTS_Bill_25_BILL17047.xlsx,purchase_bills,SATTI_APTS,,
6,STL-RB16,Steel Bar 16,254.9,153.0,38999.7,,38999.7,purchase_bills\SATTI_APTS_Bill_25_BILL17047.xlsx,purchase_bills,SATTI_APTS,,
,,,,,1285892.81,,,purchase_bills\SATTI_APTS_Bill_25_BILL17047.xlsx,purchase_bills,SATTI_APTS,,
,,,,,,,,purchase_bills\SATTI_APTS_Bill_25_BILL17047.xlsx,purchase_bills,SATTI_APTS,,
Prepared by:,TARIQ,,,,,,,purchase_bills\SATTI_APTS_Bill_25_BILL17047.xlsx,purchase_bills,SATTI_APTS,,
BILL 11 585   Fazal Bricks & Tiles   08-Nov-2006,,,,,,,,purchase_bills\SATTI_MALL_Bill_01_BILL 11 585.xlsx,purchase_bills,SATTI_MALL,,
1,SHEESHA 6MM,Clear Glass 6,23.3,200.0,4660.0,,4660.0,purchase_bills\SATTI_MALL_Bill_01_BILL 11 585.xlsx,purchase_bills,SATTI_MALL,,
2,ALUM WINDOW 4FT,ALU-WIN4,23.1,15139.0,349710.9,59450.85,409161.75,purchase_bills\SATTI_MALL_Bill_01_BILL 11 585.xlsx,purchase_bills,SATTI_MALL,,
3,RETI (RIVER),Sand (Fine),TBD,40.0,8908.0,1514.36,10422.36,purchase_bills\SATTI_MALL_Bill_01_BILL 11 585.xlsx,purchase_bills,SATTI_MALL,,
4,BAJRI 3/4,Coarse Aggregate 3/4 inch,218.2,63.0,13746.6,2336.92,16083.52,purchase_bills\SATTI_MALL_Bill_01_BILL 11 585.xlsx,purchase_bills,SATTI_MALL,,
5,CEM-OPC50,cem_opc_50,224.7,935.0,210094.5,,210094.5,purchase_bills\SATTI_MALL_Bill_01_BILL 11 585.xlsx,purchase_bills,SATTI_MALL,,
,,,,,650422.0,,,purchase_bills\SATTI_MALL_Bill_01_BILL 11 585.xlsx,purchase_bills,SATTI_MALL,,
,,,,,,,,purchase_bills\SATTI_MALL_Bill_01_BILL 11 585.xlsx,purchase_bills,SATTI_MALL,,
Prepared by:,TARIQ,,,,,,,purchase_bills\SATTI_MALL_Bill_01_BILL 11 585.xlsx,purchase_bills,SATTI_MALL,,
Invoice #,BILL06130,Vendor:,Al-Rehman Hardware,,,,,purchase_bills\SATTI_MALL_Bill_02_BILL06130.xlsx,purchase_bills,SATTI_MALL,,
Project,SATTI_MALL,Date:,2006/12/28,,,,,purchase_bills\SATTI_MALL_Bill_02_BILL06130.xlsx,purchase_bills,SATTI_MALL,,
1,"A.WIN 4""",Alum Window 4ft,498.6,15851.0,7903308.6,,7903308.6,purchase_bills\SATTI_MALL_Bill_02_BILL06130.xlsx,purchase_bills,SATTI_MALL,,
2,PIP-GI1,GalvPipe-1,356.2,191.0,68034.2,11565.81,79600.01,purchase_bills\SATTI_MALL_Bill_02_BILL06130.xlsx,purchase_bills,SATTI_MALL,,
3,BRICK-CLA,Red Brick A-Grade,288.3,13863.0,3996703.0,,3996702.9,purchase_bills\SATTI_MALL_Bill_02_BILL06130.xlsx,purchase_bills,SATTI_MALL,,
4,BAJRI 3/4,Bajri 3/4,412.6,48.0,19804.8,,19804.8,purchase_bills\SATTI_MALL_Bill_02_BILL06130.xlsx,purchase_bills,SATTI_MALL,,
5,CEM_OPC_50,OPC 50 KG,95.1,1083.0,102993.3,,,purchase_bills\SATTI_MALL_Bill_02_BILL06130.xlsx,purchase_bills,SATTI_MALL,,
6,GALVPIPE-2,PIP-GI2,176.3,351.0,61881.3,,61881.3,purchase_bills\SATTI_MALL_Bill_02_BILL06130.xlsx,purchase_bills,SATTI_MALL,,
7,M20 CONCRETE,M20 Ready Mix Concrete,,378.0,95936.4,,95936.4,purchase_bills\SATTI_MALL_Bill_02_BILL06130.xlsx,purchase_bills,SATTI_MALL,,
,,,,,12277736.17,,,purchase_bills\SATTI_MALL_Bill_02_BILL06130.xlsx,purchase_bills,SATTI_MALL,,
,,,,,,,,purchase_bills\SATTI_MALL_Bill_02_BILL06130.xlsx,purchase_bills,SATTI_MALL,,
Prepared by:,ASIF,,,,,,,purchase_bills\SATTI_MALL_Bill_02_BILL06130.xlsx,purchase_bills,SATTI_MALL,,
Bill No: BILL/06/147,,Date: 01-13-2008,,,,,,purchase_bills\SATTI_MALL_Bill_02_BILL_06_147.xlsx,purchase_bills,SATTI_MALL,,
Vendor: Pioneer Generators Ltd,PROJECT: SATTI_MALL,,,,,,,purchase_bills\SATTI_MALL_Bill_02_BILL_06_147.xlsx,purchase_bills,SATTI_MALL,,
PO Ref: PO-APT-7279,,,,,,,,purchase_bills\SATTI_MALL_Bill_02_BILL_06_147.xlsx,purchase_bills,SATTI_MALL,,
1,CNC-RDY-M20,Ready Mix M20,90.5,447.0,40453.5,,40453.5,purchase_bills\SATTI_MALL_Bill_02_BILL_06_147.xlsx,purchase_bills,SATTI_MALL,,
2,COPWIRE3,CopWire3,148.7,52.0,,1314.51,9046.91,purchase_bills\SATTI_MALL_Bill_02_BILL_06_147.xlsx,purchase_bills,SATTI_MALL,,
3,ALM-W4,ALM-W4,396.2,12439.0,4928331.8,837816.41,5766148.0,purchase_bills\SATTI_MALL_Bill_02_BILL_06_147.xlsx,purchase_bills,SATTI_MALL,,
4,GALVPIPE-1,GalvPipe-1,241.9,175.0,42332.5,7197.0,49529.03,purchase_bills\SATTI_MALL_Bill_02_BILL_06_147.xlsx,purchase_bills,SATTI_MALL,,
5,BRK-A,Red Brick A-Grade,321.7,12664.0,4074009.0,,4074008.8,purchase_bills\SATTI_MALL_Bill_02_BILL_06_147.xlsx,purchase_bills,SATTI_MALL,,
6,CEM-OPC50,CEM-OPC50,164.7,1010.0,166347.0,28278.99,194625.99,purchase_bills\SATTI_MALL_Bill_02_BILL_06_147.xlsx,purchase_bills,SATTI_MALL,,
,,,,,10133812.44,,,purchase_bills\SATTI_MALL_Bill_02_BILL_06_147.xlsx,purchase_bills,SATTI_MALL,,
,,,,,,,,purchase_bills\SATTI_MALL_Bill_02_BILL_06_147.xlsx,purchase_bills,SATTI_MALL,,
Prepared by:,,,,,,,,purchase_bills\SATTI_MALL_Bill_02_BILL_06_147.xlsx,purchase_bills,SATTI_MALL,,
Bill No: BILL-16-657,,"Date: December 28, 2007",,,,,,purchase_bills\SATTI_MALL_Bill_03_BILL-16-657.xlsx,purchase_bills,SATTI_MALL,,
Vendor: Crown Cement Pvt Ltd,PROJECT: SATTI_MALL,,,,,,,purchase_bills\SATTI_MALL_Bill_03_BILL-16-657.xlsx,purchase_bills,SATTI_MALL,,
PO Ref: PO-APT-2626,,,,,,,,purchase_bills\SATTI_MALL_Bill_03_BILL-16-657.xlsx,purchase_bills,SATTI_MALL,,
1,CLEAR GLASS 6,GLS-CLR6,173.4,196.0,33986.4,,33986.4,purchase_bills\SATTI_MALL_Bill_03_BILL-16-657.xlsx,purchase_bills,SATTI_MALL,,
2,OPC 50 KG,OPC 50 KG,57.6,876.0,50458.0,8577.79,59035.39,purchase_bills\SATTI_MALL_Bill_03_BILL-16-657.xlsx,purchase_bills,SATTI_MALL,,
3,STL-RB16,REBAR-16MM,,149.0,69612.8,11834.18,81446.98,purchase_bills\SATTI_MALL_Bill_03_BILL-16-657.xlsx,purchase_bills,SATTI_MALL,,
4,RETI (RIVER),river_sand,PKR 231,32.0,7401.6,1258.27,8659.87,purchase_bills\SATTI_MALL_Bill_03_BILL-16-657.xlsx,purchase_bills,SATTI_MALL,,
5,CNC-RDY-M20,M20 Ready Mix Concrete,218.3,468.0,102164.4,,102164.4,purchase_bills\SATTI_MALL_Bill_03_BILL-16-657.xlsx,purchase_bills,SATTI_MALL,,
6,GI_PIPE_1INCH,GI PIPE 1IN,41.4,180.0,7452.0,,7452.0,purchase_bills\SATTI_MALL_Bill_03_BILL-16-657.xlsx,purchase_bills,SATTI_MALL,,
7,"G.I.PIPE 2""",GI PIPE 2IN,398.5,,117557.5,,117557.5,purchase_bills\SATTI_MALL_Bill_03_BILL-16-657.xlsx,purchase_bills,SATTI_MALL,,
,,,,,410302.54,,,purchase_bills\SATTI_MALL_Bill_03_BILL-16-657.xlsx,purchase_bills,SATTI_MALL,,
,,,,,,,,purchase_bills\SATTI_MALL_Bill_03_BILL-16-657.xlsx,purchase_bills,SATTI_MALL,,
Prepared by:,NASIR,,,,,,,purchase_bills\SATTI_MALL_Bill_03_BILL-16-657.xlsx,purchase_bills,SATTI_MALL,,
BILL-18-790   Super Steel & Iron Works   2007/01/27,,,,,,,,purchase_bills\SATTI_MALL_Bill_03_BILL-18-790.xlsx,purchase_bills,SATTI_MALL,,
1,PAI-OIL,White Oil Paint 4L,66/-,1773.0,116308.8,19772.5,136081.3,purchase_bills\SATTI_MALL_Bill_03_BILL-18-790.xlsx,purchase_bills,SATTI_MALL,,
2,GENSET-25,Generator 25KVA,362,861603.0,311900286.0,53023048.62,364923335.0,purchase_bills\SATTI_MALL_Bill_03_BILL-18-790.xlsx,purchase_bills,SATTI_MALL,,
3,ARMOURED CABLE 95,CBL-ARM95,111.5,812.0,90538.0,15391.46,105929.46,purchase_bills\SATTI_MALL_Bill_03_BILL-18-790.xlsx,purchase_bills,SATTI_MALL,,
4,CLASS A BRICK,BRK-A,441.8,14956.0,6607560.8,,6607560.8,purchase_bills\SATTI_MALL_Bill_03_BILL-18-790.xlsx,purchase_bills,SATTI_MALL,,
5,MR PLY 12,Plywood 12mm MR,383.4,2055.0,787887.0,,787887.0,purchase_bills\SATTI_MALL_Bill_03_BILL-18-790.xlsx,purchase_bills,SATTI_MALL,,
,,,,,372560793.18,,,purchase_bills\SATTI_MALL_Bill_03_BILL-18-790.xlsx,purchase_bills,SATTI_MALL,,
,,,,,,,,purchase_bills\SATTI_MALL_Bill_03_BILL-18-790.xlsx,purchase_bills,SATTI_MALL,,
Prepared by:,KAMRAN,,,,,,,purchase_bills\SATTI_MALL_Bill_03_BILL-18-790.xlsx,purchase_bills,SATTI_MALL,,
BILL08621   Allied Cables & Wires   10-Oct-2007,,,,,,,,purchase_bills\SATTI_MALL_Bill_04_BILL08621.xlsx,purchase_bills,SATTI_MALL,,
1,,rmc_m20,M20 Concrete,,130323.2,,,purchase_bills\SATTI_MALL_Bill_04_BILL08621.xlsx,purchase_bills,SATTI_MALL,,448
2,,ALM-W4,"A.Win 4""",,1850518.4,,,purchase_bills\SATTI_MALL_Bill_04_BILL08621.xlsx,purchase_bills,SATTI_MALL,TBD,14816
3,,WIR-CP7,Copper Wire 7/.029,,24833.2,,,purchase_bills\SATTI_MALL_Bill_04_BILL08621.xlsx,purchase_bills,SATTI_MALL,253.4,98
,,,,,2032051.38,,,purchase_bills\SATTI_MALL_Bill_04_BILL08621.xlsx,purchase_bills,SATTI_MALL,,Grand Total:
,,,,,,,,purchase_bills\SATTI_MALL_Bill_04_BILL08621.xlsx,purchase_bills,SATTI_MALL,,Payment Status:
Prepared by:,,,,,,,,purchase_bills\SATTI_MALL_Bill_04_BILL08621.xlsx,purchase_bills,SATTI_MALL,,
Invoice #,BILL16042,Vendor:,,,,,,purchase_bills\SATTI_MALL_Bill_04_BILL16042.xlsx,purchase_bills,SATTI_MALL,Pak Steel Traders,
Project,SATTI_MALL,Date:,,,,,,purchase_bills\SATTI_MALL_Bill_04_BILL16042.xlsx,purchase_bills,SATTI_MALL,09.06.2006,
1,WHITE OIL PAINT 4L,paint_oil_w,,2015.0,316959.5,,,purchase_bills\SATTI_MALL_Bill_04_BILL16042.xlsx,purchase_bills,SATTI_MALL,157.3,
2,MR PLY 12,MR Ply 12,,1904.0,223910.4,,,purchase_bills\SATTI_MALL_Bill_04_BILL16042.xlsx,purchase_bills,SATTI_MALL,117.6,
3,BRICKS_A,BRK-A,,15882.0,,,,purchase_bills\SATTI_MALL_Bill_04_BILL16042.xlsx,purchase_bills,SATTI_MALL,PKR 21,
,,,,,961722.63,,,purchase_bills\SATTI_MALL_Bill_04_BILL16042.xlsx,purchase_bills,SATTI_MALL,,
,,,,,,,,purchase_bills\SATTI_MALL_Bill_04_BILL16042.xlsx,purchase_bills,SATTI_MALL,,
Prepared by:,NASIR,,,,,,,purchase_bills\SATTI_MALL_Bill_04_BILL16042.xlsx,purchase_bills,SATTI_MALL,,
BILL-08-532   Tariq & Sons Electricals   2007/11/26,,,,,,,,purchase_bills\SATTI_MALL_Bill_05_BILL-08-532.xlsx,purchase_bills,SATTI_MALL,,
1,PLYWOOD 12MM MR,PLYWD-12,477.5,2401.0,1146477.5,194901.18,1341378.68,purchase_bills\SATTI_MALL_Bill_05_BILL-08-532.xlsx,purchase_bills,SATTI_MALL,,
2,ALM-W4,al_window_4,139.2,14770.0,2055984.0,349517.0,2405501.28,purchase_bills\SATTI_MALL_Bill_05_BILL-08-532.xlsx,purchase_bills,SATTI_MALL,,
3,PAI-OIL,Oil Paint (White) 4Ltr,54.6,1708.0,93256.8,15853.66,,purchase_bills\SATTI_MALL_Bill_05_BILL-08-532.xlsx,purchase_bills,SATTI_MALL,,
4,COPPER WIRE 7/.029,Copper Wire 7/.029,327,102.0,33354.0,5670.18,39024.18,purchase_bills\SATTI_MALL_Bill_05_BILL-08-532.xlsx,purchase_bills,SATTI_MALL,,
5,WIR-COP-3,WIR-CP3,PKR 212,61.0,12925.9,,12925.9,purchase_bills\SATTI_MALL_Bill_05_BILL-08-532.xlsx,purchase_bills,SATTI_MALL,,
6,REBAR-16MM,16mm Steel Rebar,9.6,143.0,1372.8,233.38,1606.18,purchase_bills\SATTI_MALL_Bill_05_BILL-08-532.xlsx,purchase_bills,SATTI_MALL,,
7,IMP_MARBLE_W,White Marble Imp.,140.1,743.0,104094.3,17696.0,121790.33,purchase_bills\SATTI_MALL_Bill_05_BILL-08-532.xlsx,purchase_bills,SATTI_MALL,,
8,RMC_M20,CNC-M20,91.9,465.0,42734.0,,,purchase_bills\SATTI_MALL_Bill_05_BILL-08-532.xlsx,purchase_bills,SATTI_MALL,,
9,GENSET-25,GEN-25K,8.4,916819.0,7701279.6,1309217.53,9010497.13,purchase_bills\SATTI_MALL_Bill_05_BILL-08-532.xlsx,purchase_bills,SATTI_MALL,,
10,PIP-GI1,"1"" GI Pipe",335.6,178.0,59736.8,10155.26,69892.06,purchase_bills\SATTI_MALL_Bill_05_BILL-08-532.xlsx,purchase_bills,SATTI_MALL,,
,,,,,13154459.7,,,purchase_bills\SATTI_MALL_Bill_05_BILL-08-532.xlsx,purchase_bills,SATTI_MALL,,
,,,,,,,,purchase_bills\SATTI_MALL_Bill_05_BILL-08-532.xlsx,purchase_bills,SATTI_MALL,,
Prepared by:,,,,,,,,purchase_bills\SATTI_MALL_Bill_05_BILL-08-532.xlsx,purchase_bills,SATTI_MALL,,
BILL13980   Crown Cement Pvt Ltd   14-Aug-2007,,,,,,,,purchase_bills\SATTI_MALL_Bill_05_BILL13980.xlsx,purchase_bills,SATTI_MALL,,
1,COPPER WIRE 3/.029,wire_3029,131.9,55.0,7254.5,1233.27,8487.77,purchase_bills\SATTI_MALL_Bill_05_BILL13980.xlsx,purchase_bills,SATTI_MALL,,
2,STL-RB16,16mm Steel Rebar,337/-,141.0,47460.6,,47460.6,purchase_bills\SATTI_MALL_Bill_05_BILL13980.xlsx,purchase_bills,SATTI_MALL,,
3,CNC-RDY-M20,M20 Concrete,489.1,377.0,184390.7,,184390.7,purchase_bills\SATTI_MALL_Bill_05_BILL13980.xlsx,purchase_bills,SATTI_MALL,,
4,CEMENT-50,cem_opc_50,34.3,1027.0,35226.1,,35226.0,purchase_bills\SATTI_MALL_Bill_05_BILL13980.xlsx,purchase_bills,SATTI_MALL,,
5,WHITE OIL PAINT 4L,PAI-OIL,467.3,,724315.0,,724315.0,purchase_bills\SATTI_MALL_Bill_05_BILL13980.xlsx,purchase_bills,SATTI_MALL,,
,,,,,999880.0,,,purchase_bills\SATTI_MALL_Bill_05_BILL13980.xlsx,purchase_bills,SATTI_MALL,,
,,,,,,,,purchase_bills\SATTI_MALL_Bill_05_BILL13980.xlsx,purchase_bills,SATTI_MALL,,
Prepared by:,,,,,,,,purchase_bills\SATTI_MALL_Bill_05_BILL13980.xlsx,purchase_bills,SATTI_MALL,,
Invoice #,BILL-13-292,Vendor:,,,,,,purchase_bills\SATTI_MALL_Bill_06_BILL-13-292.xlsx,purchase_bills,SATTI_MALL,Siemens Pakistan (Electro),
Project,SATTI_MALL,Date:,,,,,,purchase_bills\SATTI_MALL_Bill_06_BILL-13-292.xlsx,purchase_bills,SATTI_MALL,02-16-2008,
1,CEM-OPC-50,CEMENT-50,,935.0,182231.5,,,purchase_bills\SATTI_MALL_Bill_06_BILL-13-292.xlsx,purchase_bills,SATTI_MALL,194.9,
2,TILE-12X12,"Tile 12x12""",,89.0,10858.0,,,purchase_bills\SATTI_MALL_Bill_06_BILL-13-292.xlsx,purchase_bills,SATTI_MALL,,
3,BRICK-CLA,bricks_a,,15748.0,993698.8,,,purchase_bills\SATTI_MALL_Bill_06_BILL-13-292.xlsx,purchase_bills,SATTI_MALL,63.1,
4,SAND (FINE),river_sand,,37.0,7026.3,,,purchase_bills\SATTI_MALL_Bill_06_BILL-13-292.xlsx,purchase_bills,SATTI_MALL,189.9,
5,"C.AGG 3/4""",coarse agg,,48.0,20985.6,,,purchase_bills\SATTI_MALL_Bill_06_BILL-13-292.xlsx,purchase_bills,SATTI_MALL,437.2,
6,GI_PIPE_2INCH,gi_pipe_2inch,,313.0,32896.3,,,purchase_bills\SATTI_MALL_Bill_06_BILL-13-292.xlsx,purchase_bills,SATTI_MALL,105.1,
7,25KVA GENSET,25 KVA Generator,,934463.0,420508350.0,,,purchase_bills\SATTI_MALL_Bill_06_BILL-13-292.xlsx,purchase_bills,SATTI_MALL,450.0,
8,AC-95SQ,ARMD-CBL-95,,823.0,298749.0,,,purchase_bills\SATTI_MALL_Bill_06_BILL-13-292.xlsx,purchase_bills,SATTI_MALL,363,
,,,,,493752129.0,,,purchase_bills\SATTI_MALL_Bill_06_BILL-13-292.xlsx,purchase_bills,SATTI_MALL,,
,,,,,,,,purchase_bills\SATTI_MALL_Bill_06_BILL-13-292.xlsx,purchase_bills,SATTI_MALL,,
Prepared by:,ASIF,,,,,,,purchase_bills\SATTI_MALL_Bill_06_BILL-13-292.xlsx,purchase_bills,SATTI_MALL,,
BILL/11/981   Crown Cement Pvt Ltd   02.09.2007,,,,,,,,purchase_bills\SATTI_MALL_Bill_06_BILL_11_981.xlsx,purchase_bills,SATTI_MALL,,
1,GEN-25KVA,25KVA Genset,70.3,925896.0,65090488.8,11065383.0,76155871.9,purchase_bills\SATTI_MALL_Bill_06_BILL_11_981.xlsx,purchase_bills,SATTI_MALL,,
2,GLS-CLR6,6mm_glass,41.1,215.0,8836.5,,8836.5,purchase_bills\SATTI_MALL_Bill_06_BILL_11_981.xlsx,purchase_bills,SATTI_MALL,,
3,BRK-A,BRK-A,384.1,16009.0,6149056.9,,6149056.9,purchase_bills\SATTI_MALL_Bill_06_BILL_11_981.xlsx,purchase_bills,SATTI_MALL,,
4,GALVPIPE-1,GalvPipe-1,437.9,160.0,70064.0,,70064.0,purchase_bills\SATTI_MALL_Bill_06_BILL_11_981.xlsx,purchase_bills,SATTI_MALL,,
5,ALM-WIN-4,ALU-WIN4,234.2,15453.0,3619092.6,,,purchase_bills\SATTI_MALL_Bill_06_BILL_11_981.xlsx,purchase_bills,SATTI_MALL,,
6,STL-RB-16,16mm Steel Rebar,405.7,137.0,55580.9,,55581.0,purchase_bills\SATTI_MALL_Bill_06_BILL_11_981.xlsx,purchase_bills,SATTI_MALL,,
7,WIRE_7029,7/0.029 Copper Wire,126.1,82.0,10340.2,1757.83,12098.03,purchase_bills\SATTI_MALL_Bill_06_BILL_11_981.xlsx,purchase_bills,SATTI_MALL,,
8,GALVPIPE-2,gi_pipe_2inch,162.9,319.0,51965.1,,51965.1,purchase_bills\SATTI_MALL_Bill_06_BILL_11_981.xlsx,purchase_bills,SATTI_MALL,,
,,,,,86737812.0,,,purchase_bills\SATTI_MALL_Bill_06_BILL_11_981.xlsx,purchase_bills,SATTI_MALL,,
,,,,,,,,purchase_bills\SATTI_MALL_Bill_06_BILL_11_981.xlsx,purchase_bills,SATTI_MALL,,
Prepared by:,KAMRAN,,,,,,,purchase_bills\SATTI_MALL_Bill_06_BILL_11_981.xlsx,purchase_bills,SATTI_MALL,,
Invoice #,BILL06294,Vendor:,,,,,,purchase_bills\SATTI_MALL_Bill_07_BILL06294.xlsx,purchase_bills,SATTI_MALL,Fazal Bricks & Tiles,
Project,SATTI_MALL,Date:,,,,,,purchase_bills\SATTI_MALL_Bill_07_BILL06294.xlsx,purchase_bills,SATTI_MALL,2006/11/01,
1,GLASS-6MM,GLS-CLR6,,249.0,35208.6,,,purchase_bills\SATTI_MALL_Bill_07_BILL06294.xlsx,purchase_bills,SATTI_MALL,141.4,
2,CBL-ARM-95,CBL-ARM95,,748.0,80036.0,,,purchase_bills\SATTI_MALL_Bill_07_BILL06294.xlsx,purchase_bills,SATTI_MALL,107,
3,COMMODE STANDARD,Commode Standard,,11440.0,1384240.0,,,purchase_bills\SATTI_MALL_Bill_07_BILL06294.xlsx,purchase_bills,SATTI_MALL,121/-,
4,"TILE 12X12""",floor_tile_12,,87.0,14172.3,,,purchase_bills\SATTI_MALL_Bill_07_BILL06294.xlsx,purchase_bills,SATTI_MALL,162.9,
5,PIP-GI2,"G.I.Pipe 2""",,269.0,41345.3,,,purchase_bills\SATTI_MALL_Bill_07_BILL06294.xlsx,purchase_bills,SATTI_MALL,153.7,
6,CLASS A BRICK,Class-A Red Brick,,15855.0,7710286.5,,,purchase_bills\SATTI_MALL_Bill_07_BILL06294.xlsx,purchase_bills,SATTI_MALL,486.3,
7,ALUM WINDOW 4FT,ALM-W4,,14385.0,5443284.0,,,purchase_bills\SATTI_MALL_Bill_07_BILL06294.xlsx,purchase_bills,SATTI_MALL,378.4,
,,,,,14722178.82,,,purchase_bills\SATTI_MALL_Bill_07_BILL06294.xlsx,purchase_bills,SATTI_MALL,,
,,,,,,,,purchase_bills\SATTI_MALL_Bill_07_BILL06294.xlsx,purchase_bills,SATTI_MALL,,
Prepared by:,,,,,,,,purchase_bills\SATTI_MALL_Bill_07_BILL06294.xlsx,purchase_bills,SATTI_MALL,,
BILL16508   Pak Steel Traders   18-Apr-2007,,,,,,,,purchase_bills\SATTI_MALL_Bill_07_BILL16508.xlsx,purchase_bills,SATTI_MALL,,
1,GALVPIPE-1,PIP-GI1,,173.0,5276.5,,,purchase_bills\SATTI_MALL_Bill_07_BILL16508.xlsx,purchase_bills,SATTI_MALL,PKR 30,
2,PLY_MR_12MM,MR Ply 12,,2008.0,225699.2,,,purchase_bills\SATTI_MALL_Bill_07_BILL16508.xlsx,purchase_bills,SATTI_MALL,112.4,
3,CEM_OPC_50,OPC Cement 50kg Bag,,1022.0,382943.4,,,purchase_bills\SATTI_MALL_Bill_07_BILL16508.xlsx,purchase_bills,SATTI_MALL,374.7,
4,GLASS-6MM,GLASS-6MM,,222.0,42934.8,,,purchase_bills\SATTI_MALL_Bill_07_BILL16508.xlsx,purchase_bills,SATTI_MALL,193.4,
5,ENAMEL WH.,White Oil Paint 4L,,1703.0,650546.0,,,purchase_bills\SATTI_MALL_Bill_07_BILL16508.xlsx,purchase_bills,SATTI_MALL,382,
6,STL-RB-16,REBAR-16MM,,,40161.6,,,purchase_bills\SATTI_MALL_Bill_07_BILL16508.xlsx,purchase_bills,SATTI_MALL,278.9,
7,WIR-CP7,Copper Wire 7/.029,,108.0,29980.8,,,purchase_bills\SATTI_MALL_Bill_07_BILL16508.xlsx,purchase_bills,SATTI_MALL,277.6,
,,,,,1500530.78,,,purchase_bills\SATTI_MALL_Bill_07_BILL16508.xlsx,purchase_bills,SATTI_MALL,,
,,,,,,,,purchase_bills\SATTI_MALL_Bill_07_BILL16508.xlsx,purchase_bills,SATTI_MALL,,
Prepared by:,KAMRAN,,,,,,,purchase_bills\SATTI_MALL_Bill_07_BILL16508.xlsx,purchase_bills,SATTI_MALL,,
Invoice #,BILL/14/249,Vendor:,Metro Plumbing Supplies,,,,,purchase_bills\SATTI_MALL_Bill_08_BILL_14_249.xlsx,purchase_bills,SATTI_MALL,,
Project,SATTI_MALL,Date:,25/11/06,,,,,purchase_bills\SATTI_MALL_Bill_08_BILL_14_249.xlsx,purchase_bills,SATTI_MALL,,
1,ALM-W4,al_window_4,164.2,13556.0,2225895.2,378402.18,2604297.38,purchase_bills\SATTI_MALL_Bill_08_BILL_14_249.xlsx,purchase_bills,SATTI_MALL,,
2,GALVPIPE-2,"G.I.Pipe 2""",382,293.0,111926.0,19027.42,130953.0,purchase_bills\SATTI_MALL_Bill_08_BILL_14_249.xlsx,purchase_bills,SATTI_MALL,,
3,GI_PIPE_1INCH,gi_pipe_1inch,361.4,169.0,61076.6,10383.02,71459.62,purchase_bills\SATTI_MALL_Bill_08_BILL_14_249.xlsx,purchase_bills,SATTI_MALL,,
4,"CER.TILE 12""","Tile 12x12""",322.6,,27421.0,4661.57,32082.57,purchase_bills\SATTI_MALL_Bill_08_BILL_14_249.xlsx,purchase_bills,SATTI_MALL,,
,,,,,2838792.99,,,purchase_bills\SATTI_MALL_Bill_08_BILL_14_249.xlsx,purchase_bills,SATTI_MALL,,
,,,,,,,,purchase_bills\SATTI_MALL_Bill_08_BILL_14_249.xlsx,purchase_bills,SATTI_MALL,,
Prepared by:,,,,,,,,purchase_bills\SATTI_MALL_Bill_08_BILL_14_249.xlsx,purchase_bills,SATTI_MALL,,
BILL/16/501   Crown Cement Pvt Ltd   07/11/2007,,,,,,,,purchase_bills\SATTI_MALL_Bill_08_BILL_16_501.xlsx,purchase_bills,SATTI_MALL,,
1,REBAR 1/2 INCH,STL-RB12,TBD,114.0,6612.0,1124.04,7736.04,purchase_bills\SATTI_MALL_Bill_08_BILL_16_501.xlsx,purchase_bills,SATTI_MALL,,
2,READY MIX M20,Ready Mix M20,284.7,482.0,137225.4,23328.32,160553.72,purchase_bills\SATTI_MALL_Bill_08_BILL_16_501.xlsx,purchase_bills,SATTI_MALL,,
3,25KVA GENSET,25KVA Genset,,823493.0,229425149.8,39002275.47,268427425.27,purchase_bills\SATTI_MALL_Bill_08_BILL_16_501.xlsx,purchase_bills,SATTI_MALL,,
4,WIR-COP-7,CopWire7,460,87.0,40020.0,,40020.0,purchase_bills\SATTI_MALL_Bill_08_BILL_16_501.xlsx,purchase_bills,SATTI_MALL,,
5,COPWIRE3,CopWire3,PKR 331,50.0,16540.0,,16540.0,purchase_bills\SATTI_MALL_Bill_08_BILL_16_501.xlsx,purchase_bills,SATTI_MALL,,
6,MAR-W-IMP,MRB-IMP,284.2,694.0,197234.8,,197234.8,purchase_bills\SATTI_MALL_Bill_08_BILL_16_501.xlsx,purchase_bills,SATTI_MALL,,
7,CBL-ARM-95,arm_cable_95,374,811.0,303314.0,51563.38,354877.38,purchase_bills\SATTI_MALL_Bill_08_BILL_16_501.xlsx,purchase_bills,SATTI_MALL,,
8,OIL-PAINT-W,Oil Paint (White) 4Ltr,318.9,1953.0,622811.7,,728689.69,purchase_bills\SATTI_MALL_Bill_08_BILL_16_501.xlsx,purchase_bills,SATTI_MALL,,
9,MR PLY 12,PLYWD-12,,2341.0,936400.0,159188.0,1095588.0,purchase_bills\SATTI_MALL_Bill_08_BILL_16_501.xlsx,purchase_bills,SATTI_MALL,,
,,,,,271028665.0,,,purchase_bills\SATTI_MALL_Bill_08_BILL_16_501.xlsx,purchase_bills,SATTI_MALL,,
,,,,,,,,purchase_bills\SATTI_MALL_Bill_08_BILL_16_501.xlsx,purchase_bills,SATTI_MALL,,
Prepared by:,NASIR,,,,,,,purchase_bills\SATTI_MALL_Bill_08_BILL_16_501.xlsx,purchase_bills,SATTI_MALL,,
Invoice #,BILL 12 105,Vendor:,,,,,,purchase_bills\SATTI_MALL_Bill_09_BILL 12 105.xlsx,purchase_bills,SATTI_MALL,Crown Cement Pvt Ltd,
Project,SATTI_MALL,Date:,,,,,,purchase_bills\SATTI_MALL_Bill_09_BILL 12 105.xlsx,purchase_bills,SATTI_MALL,29.07.2006,
1,TILE-12X12,"Cer.Tile 12""",,77.0,5944.4,,,purchase_bills\SATTI_MALL_Bill_09_BILL 12 105.xlsx,purchase_bills,SATTI_MALL,77.2,
2,SAND (FINE),Sand (Fine),,36.0,9014.4,,,purchase_bills\SATTI_MALL_Bill_09_BILL 12 105.xlsx,purchase_bills,SATTI_MALL,250.4,
3,BAJRI 3/4,GRAVEL-3/4,,54.0,12036.6,,,purchase_bills\SATTI_MALL_Bill_09_BILL 12 105.xlsx,purchase_bills,SATTI_MALL,222.9,
4,WIRE_7029,WIR-CP7,,86.0,20820.6,,,purchase_bills\SATTI_MALL_Bill_09_BILL 12 105.xlsx,purchase_bills,SATTI_MALL,242.1,
5,WIR-CP3,WIRE-3/029,,60.0,11466.0,,,purchase_bills\SATTI_MALL_Bill_09_BILL 12 105.xlsx,purchase_bills,SATTI_MALL,191.1,
,,,,,67313.72,,,purchase_bills\SATTI_MALL_Bill_09_BILL 12 105.xlsx,purchase_bills,SATTI_MALL,,
,,,,,,,,purchase_bills\SATTI_MALL_Bill_09_BILL 12 105.xlsx,purchase_bills,SATTI_MALL,,
Prepared by:,ASIF,,,,,,,purchase_bills\SATTI_MALL_Bill_09_BILL 12 105.xlsx,purchase_bills,SATTI_MALL,,
Bill No: BILL-07-968,,,Date: 19/06/06,,,,,purchase_bills\SATTI_MALL_Bill_09_BILL-07-968.xlsx,purchase_bills,SATTI_MALL,,
Vendor: Pioneer Generators Ltd,,Project: SATTI_MALL,,,,,,purchase_bills\SATTI_MALL_Bill_09_BILL-07-968.xlsx,purchase_bills,SATTI_MALL,,
PO Ref: PO-MALL-6856,,,,,,,,purchase_bills\SATTI_MALL_Bill_09_BILL-07-968.xlsx,purchase_bills,SATTI_MALL,,
1,,Steel Bar 12,STL-RB12,,16780.0,,,purchase_bills\SATTI_MALL_Bill_09_BILL-07-968.xlsx,purchase_bills,SATTI_MALL,124.3,135
2,,25KVA Genset,Generator 25KVA,,126178984.8,,,purchase_bills\SATTI_MALL_Bill_09_BILL-07-968.xlsx,purchase_bills,SATTI_MALL,125.4,"1,006,212/-"
3,,SAN-WC-STD,Standard WC/Commode,,2475218.0,,,purchase_bills\SATTI_MALL_Bill_09_BILL-07-968.xlsx,purchase_bills,SATTI_MALL,205.6,12039
4,,Sand (Fine),SAND-RIVER,,11118.9,,,purchase_bills\SATTI_MALL_Bill_09_BILL-07-968.xlsx,purchase_bills,SATTI_MALL,285.1,PKR 39
5,,Red Brick A-Grade,Class A Brick,,2196715.2,,,purchase_bills\SATTI_MALL_Bill_09_BILL-07-968.xlsx,purchase_bills,SATTI_MALL,139.2,15781
6,,GLASS-6MM,6mm Clear Glass,,108683.0,,,purchase_bills\SATTI_MALL_Bill_09_BILL-07-968.xlsx,purchase_bills,SATTI_MALL,480.9,226
7,,STL-RB16,Steel Bar 16,,56457.0,,,purchase_bills\SATTI_MALL_Bill_09_BILL-07-968.xlsx,purchase_bills,SATTI_MALL,418.2,135
,,,,,152919915.65,,,purchase_bills\SATTI_MALL_Bill_09_BILL-07-968.xlsx,purchase_bills,SATTI_MALL,,Grand Total:
,,,,,,,,purchase_bills\SATTI_MALL_Bill_09_BILL-07-968.xlsx,purchase_bills,SATTI_MALL,,Payment Status:
Prepared by:,,Tariq,,,,,,purchase_bills\SATTI_MALL_Bill_09_BILL-07-968.xlsx,purchase_bills,SATTI_MALL,,
Invoice #,BILL-07-448,Vendor:,Tariq & Sons Electricals,,,,,purchase_bills\SATTI_MALL_Bill_10_BILL-07-448.xlsx,purchase_bills,SATTI_MALL,,
Project,SATTI_MALL,Date:,17/07/06,,,,,purchase_bills\SATTI_MALL_Bill_10_BILL-07-448.xlsx,purchase_bills,SATTI_MALL,,
1,CEMENT-50,CEMENT-50,55.6,832.0,46259.2,7864.0,54123.26,purchase_bills\SATTI_MALL_Bill_10_BILL-07-448.xlsx,purchase_bills,SATTI_MALL,,
2,REBAR-12MM,rebar 1/2 inch,11.1,127.0,1409.7,,1409.7,purchase_bills\SATTI_MALL_Bill_10_BILL-07-448.xlsx,purchase_bills,SATTI_MALL,,
3,WIRE_3029,Copper Wire 3/.029,88.9,,4533.9,770.76,5304.66,purchase_bills\SATTI_MALL_Bill_10_BILL-07-448.xlsx,purchase_bills,SATTI_MALL,,
4,GLS-CLR6,Sheesha 6mm,314.4,226.0,71054.4,12079.25,83133.65,purchase_bills\SATTI_MALL_Bill_10_BILL-07-448.xlsx,purchase_bills,SATTI_MALL,,
,,,,,143971.27,,,purchase_bills\SATTI_MALL_Bill_10_BILL-07-448.xlsx,purchase_bills,SATTI_MALL,,
,,,,,,,,purchase_bills\SATTI_MALL_Bill_10_BILL-07-448.xlsx,purchase_bills,SATTI_MALL,,
Prepared by:,NASIR,,,,,,,purchase_bills\SATTI_MALL_Bill_10_BILL-07-448.xlsx,purchase_bills,SATTI_MALL,,
Invoice #,BILL11449,Vendor:,,,,,,purchase_bills\SATTI_MALL_Bill_10_BILL11449.xlsx,purchase_bills,SATTI_MALL,Hafiz Glass & Aluminum,
Project,SATTI_MALL,Date:,,,,,,purchase_bills\SATTI_MALL_Bill_10_BILL11449.xlsx,purchase_bills,SATTI_MALL,"February 23, 2007",
1,CBL-ARM-95,arm_cable_95,,895.0,440250.5,,,purchase_bills\SATTI_MALL_Bill_10_BILL11449.xlsx,purchase_bills,SATTI_MALL,491.9,
2,CEMENT-50,CEM-OPC50,,955.0,246199.0,,,purchase_bills\SATTI_MALL_Bill_10_BILL11449.xlsx,purchase_bills,SATTI_MALL,257.8,
3,RED BRICK A-GRADE,bricks_a,,13349.0,3373292.3,,,purchase_bills\SATTI_MALL_Bill_10_BILL11449.xlsx,purchase_bills,SATTI_MALL,252.7,
4,GALVPIPE-2,PIP-GI2,,295.0,52333.0,,,purchase_bills\SATTI_MALL_Bill_10_BILL11449.xlsx,purchase_bills,SATTI_MALL,177.4,
5,WHITE OIL PAINT 4L,OIL-PAINT-W,,1554.0,59518.2,,,purchase_bills\SATTI_MALL_Bill_10_BILL11449.xlsx,purchase_bills,SATTI_MALL,PKR 38,
6,MARBLE WHT,MRB-IMP,,691.0,179936.4,,,purchase_bills\SATTI_MALL_Bill_10_BILL11449.xlsx,purchase_bills,SATTI_MALL,260.4,
7,PLY-MR12,ply_mr_12mm,,2131.0,704082.4,,,purchase_bills\SATTI_MALL_Bill_10_BILL11449.xlsx,purchase_bills,SATTI_MALL,330.4,
8,WIR-CP3,WIR-CP3,,58.0,8282.4,,,purchase_bills\SATTI_MALL_Bill_10_BILL11449.xlsx,purchase_bills,SATTI_MALL,142.8,
,,,,,,,,purchase_bills\SATTI_MALL_Bill_10_BILL11449.xlsx,purchase_bills,SATTI_MALL,,
,,,,,,,,purchase_bills\SATTI_MALL_Bill_10_BILL11449.xlsx,purchase_bills,SATTI_MALL,,
Prepared by:,TARIQ,,,,,,,purchase_bills\SATTI_MALL_Bill_10_BILL11449.xlsx,purchase_bills,SATTI_MALL,,
BILL16990   Green Marble & Granite   2007/03/17,,,,,,,,purchase_bills\SATTI_MALL_Bill_11_BILL16990.xlsx,purchase_bills,SATTI_MALL,,
1,CBL-ARM95,ARMD-CBL-95,421.8,880.0,,,371184.0,purchase_bills\SATTI_MALL_Bill_11_BILL16990.xlsx,purchase_bills,SATTI_MALL,,
2,RETI (RIVER),Sand (Fine),,37.0,9190.8,1562.44,10753.0,purchase_bills\SATTI_MALL_Bill_11_BILL16990.xlsx,purchase_bills,SATTI_MALL,,
3,ALU-WIN4,ALM-W4,391.5,14786.0,5788719.0,,5788719.0,purchase_bills\SATTI_MALL_Bill_11_BILL16990.xlsx,purchase_bills,SATTI_MALL,,
4,COPWIRE3,3/0.029 Copper Wire,381.2,54.0,20584.8,3499.42,24084.22,purchase_bills\SATTI_MALL_Bill_11_BILL16990.xlsx,purchase_bills,SATTI_MALL,,
5,GRAVEL-3/4,GRAVEL-3/4,431.8,48.0,20726.4,,20726.4,purchase_bills\SATTI_MALL_Bill_11_BILL16990.xlsx,purchase_bills,SATTI_MALL,,
,,,,,6215466.86,,,purchase_bills\SATTI_MALL_Bill_11_BILL16990.xlsx,purchase_bills,SATTI_MALL,,
,,,,,,,,purchase_bills\SATTI_MALL_Bill_11_BILL16990.xlsx,purchase_bills,SATTI_MALL,,
Prepared by:,KAMRAN,,,,,,,purchase_bills\SATTI_MALL_Bill_11_BILL16990.xlsx,purchase_bills,SATTI_MALL,,
Bill No: BILL/12/329,,Date: 2006/11/22,,,,,,purchase_bills\SATTI_MALL_Bill_11_BILL_12_329.xlsx,purchase_bills,SATTI_MALL,,
Vendor: Super Steel & Iron Works,PROJECT: SATTI_MALL,,,,,,,purchase_bills\SATTI_MALL_Bill_11_BILL_12_329.xlsx,purchase_bills,SATTI_MALL,,
PO Ref: PO-PLZ-5247,,,,,,,,purchase_bills\SATTI_MALL_Bill_11_BILL_12_329.xlsx,purchase_bills,SATTI_MALL,,
1,SAN-WC,WC-STD,331/-,13307.0,4404617.0,,4404617.0,purchase_bills\SATTI_MALL_Bill_11_BILL_12_329.xlsx,purchase_bills,SATTI_MALL,,
2,"A.WIN 4""",Alum Window 4ft,274.1,15765.0,4321186.5,734602.0,5055788.21,purchase_bills\SATTI_MALL_Bill_11_BILL_12_329.xlsx,purchase_bills,SATTI_MALL,,
3,GRAVEL-3/4,AGG-CRS34,325.3,47.0,15289.1,,15289.1,purchase_bills\SATTI_MALL_Bill_11_BILL_12_329.xlsx,purchase_bills,SATTI_MALL,,
4,WIR-COP-3,3/0.029 Copper Wire,133.1,55.0,7320.5,1244.49,8564.99,purchase_bills\SATTI_MALL_Bill_11_BILL_12_329.xlsx,purchase_bills,SATTI_MALL,,
,,,,,9484259.3,,,purchase_bills\SATTI_MALL_Bill_11_BILL_12_329.xlsx,purchase_bills,SATTI_MALL,,
,,,,,,,,purchase_bills\SATTI_MALL_Bill_11_BILL_12_329.xlsx,purchase_bills,SATTI_MALL,,
Prepared by:,ASIF,,,,,,,purchase_bills\SATTI_MALL_Bill_11_BILL_12_329.xlsx,purchase_bills,SATTI_MALL,,
Invoice #,BILL07303,Vendor:,Fazal Bricks & Tiles,,,,,purchase_bills\SATTI_MALL_Bill_12_BILL07303.xlsx,purchase_bills,SATTI_MALL,,
Project,SATTI_MALL,Date:,27-Jul-2006,,,,,purchase_bills\SATTI_MALL_Bill_12_BILL07303.xlsx,purchase_bills,SATTI_MALL,,
1,"G.I.PIPE 2""",gi_pipe_2inch,217.6,264.0,57446.4,9765.89,67212.29,purchase_bills\SATTI_MALL_Bill_12_BILL07303.xlsx,purchase_bills,SATTI_MALL,,
2,TILE-12X12,TILE-12X12,102.6,75.0,7695.0,,7695.0,purchase_bills\SATTI_MALL_Bill_12_BILL07303.xlsx,purchase_bills,SATTI_MALL,,
3,SND-RVR,SAND-RIVER,179.2,35.0,6272.0,1066.24,7338.24,purchase_bills\SATTI_MALL_Bill_12_BILL07303.xlsx,purchase_bills,SATTI_MALL,,
4,CBL-ARM95,ARMD-CBL-95,62.9,818.0,51452.2,8746.87,60199.07,purchase_bills\SATTI_MALL_Bill_12_BILL07303.xlsx,purchase_bills,SATTI_MALL,,
5,W.C. STD.,SAN-WC,279.7,12461.0,3485342.0,592508.09,4077850.0,purchase_bills\SATTI_MALL_Bill_12_BILL07303.xlsx,purchase_bills,SATTI_MALL,,
6,"G.I.PIPE 1""",gi_pipe_1inch,255.2,180.0,45936.0,,45936.0,purchase_bills\SATTI_MALL_Bill_12_BILL07303.xlsx,purchase_bills,SATTI_MALL,,
7,STL-RB12,REBAR-12MM,21.2,119.0,2522.8,428.88,2951.68,purchase_bills\SATTI_MALL_Bill_12_BILL07303.xlsx,purchase_bills,SATTI_MALL,,
8,OIL-PAINT-W,paint_oil_w,PKR 412,1728.0,712800.0,,712800.0,purchase_bills\SATTI_MALL_Bill_12_BILL07303.xlsx,purchase_bills,SATTI_MALL,,
9,WIRE_3029,WIR-CP3,152.4,63.0,9601.2,1632.2,11233.4,purchase_bills\SATTI_MALL_Bill_12_BILL07303.xlsx,purchase_bills,SATTI_MALL,,
10,BRICKS_A,Red Brick A-Grade,346.1,15516.0,5370087.6,,5370087.6,purchase_bills\SATTI_MALL_Bill_12_BILL07303.xlsx,purchase_bills,SATTI_MALL,,
,,,,,10363303.07,,,purchase_bills\SATTI_MALL_Bill_12_BILL07303.xlsx,purchase_bills,SATTI_MALL,,
,,,,,,,,purchase_bills\SATTI_MALL_Bill_12_BILL07303.xlsx,purchase_bills,SATTI_MALL,,
Prepared by:,TARIQ,,,,,,,purchase_bills\SATTI_MALL_Bill_12_BILL07303.xlsx,purchase_bills,SATTI_MALL,,
BILL/11/834   Tariq & Sons Electricals   30-Jun-2006,,,,,,,,purchase_bills\SATTI_MALL_Bill_12_BILL_11_834.xlsx,purchase_bills,SATTI_MALL,,
1,,"G.I.Pipe 2""",PIP-GI2,,83750.4,,,purchase_bills\SATTI_MALL_Bill_12_BILL_11_834.xlsx,purchase_bills,SATTI_MALL,290.8,288
2,,coarse agg,"C.Agg 3/4""",,8847.0,,,purchase_bills\SATTI_MALL_Bill_12_BILL_11_834.xlsx,purchase_bills,SATTI_MALL,142.7,62
3,,ply_mr_12mm,12mm MR Plywood Sheet,,797056.4,,,purchase_bills\SATTI_MALL_Bill_12_BILL_11_834.xlsx,purchase_bills,SATTI_MALL,366.8,"2,173/-"
4,,Ready Mix M20,CNC-M20,,99460.2,,,purchase_bills\SATTI_MALL_Bill_12_BILL_11_834.xlsx,purchase_bills,SATTI_MALL,249.9,398.0
5,,"Tile 12x12""",Ceramic Floor Tile 12x12,,,,,purchase_bills\SATTI_MALL_Bill_12_BILL_11_834.xlsx,purchase_bills,SATTI_MALL,PKR 28,88
,,,,,1024201.86,,,purchase_bills\SATTI_MALL_Bill_12_BILL_11_834.xlsx,purchase_bills,SATTI_MALL,,Grand Total:
,,,,,,,,purchase_bills\SATTI_MALL_Bill_12_BILL_11_834.xlsx,purchase_bills,SATTI_MALL,,Payment Status:
Prepared by:,,Kamran,,,,,,purchase_bills\SATTI_MALL_Bill_12_BILL_11_834.xlsx,purchase_bills,SATTI_MALL,,
"BILL/13/721   Metro Plumbing Supplies   February 21, 2007",,,,,,,,purchase_bills\SATTI_MALL_Bill_13_BILL_13_721.xlsx,purchase_bills,SATTI_MALL,,
1,ENAMEL WH.,Oil Paint (White) 4Ltr,366.8,1778.0,652170.4,,652170.4,purchase_bills\SATTI_MALL_Bill_13_BILL_13_721.xlsx,purchase_bills,SATTI_MALL,,
2,GLS-CLR6,Clear Glass 6,137.9,242.0,33371.8,5673.21,39045.01,purchase_bills\SATTI_MALL_Bill_13_BILL_13_721.xlsx,purchase_bills,SATTI_MALL,,
3,ALM-WIN-4,"A.Win 4""",393,14324.0,5629332.0,956986.44,6586318.44,purchase_bills\SATTI_MALL_Bill_13_BILL_13_721.xlsx,purchase_bills,SATTI_MALL,,
4,PLY-MR12,ply_mr_12mm,154/-,2447.0,377817.0,,377816.8,purchase_bills\SATTI_MALL_Bill_13_BILL_13_721.xlsx,purchase_bills,SATTI_MALL,,
5,STL-RB-12,rebar 1/2 inch,314.7,139.0,43743.0,,43743.3,purchase_bills\SATTI_MALL_Bill_13_BILL_13_721.xlsx,purchase_bills,SATTI_MALL,,
6,TOILET_STD,SAN-WC,262.1,12294.0,3222257.4,547783.76,3770041.16,purchase_bills\SATTI_MALL_Bill_13_BILL_13_721.xlsx,purchase_bills,SATTI_MALL,,
7,TIL-CER-12,"Tile 12x12""",403.9,75.0,30292.5,5149.73,35442.23,purchase_bills\SATTI_MALL_Bill_13_BILL_13_721.xlsx,purchase_bills,SATTI_MALL,,
,,,,,11504577.0,,,purchase_bills\SATTI_MALL_Bill_13_BILL_13_721.xlsx,purchase_bills,SATTI_MALL,,
,,,,,,,,purchase_bills\SATTI_MALL_Bill_13_BILL_13_721.xlsx,purchase_bills,SATTI_MALL,,
Prepared by:,ASIF,,,,,,,purchase_bills\SATTI_MALL_Bill_13_BILL_13_721.xlsx,purchase_bills,SATTI_MALL,,
Invoice #,BILL/15/360,Vendor:,,,,,,purchase_bills\SATTI_MALL_Bill_14_BILL_15_360.xlsx,purchase_bills,SATTI_MALL,Karachi Sanitary Depot,
Project,SATTI_MALL,Date:,,,,,,purchase_bills\SATTI_MALL_Bill_14_BILL_15_360.xlsx,purchase_bills,SATTI_MALL,05.12.2006,
1,COPWIRE3,CopWire3,,53.0,5215.2,,,purchase_bills\SATTI_MALL_Bill_14_BILL_15_360.xlsx,purchase_bills,SATTI_MALL,98.4,
2,PIP-GI1,"G.I.Pipe 1""",,157.0,50381.3,,,purchase_bills\SATTI_MALL_Bill_14_BILL_15_360.xlsx,purchase_bills,SATTI_MALL,PKR 321,
3,GENERATOR 25KVA,25KVA Genset,,1002138.0,186297454.0,,,purchase_bills\SATTI_MALL_Bill_14_BILL_15_360.xlsx,purchase_bills,SATTI_MALL,185.9,
,,,,,186353050.7,,,purchase_bills\SATTI_MALL_Bill_14_BILL_15_360.xlsx,purchase_bills,SATTI_MALL,,
,,,,,,,,purchase_bills\SATTI_MALL_Bill_14_BILL_15_360.xlsx,purchase_bills,SATTI_MALL,,
Prepared by:,ASIF,,,,,,,purchase_bills\SATTI_MALL_Bill_14_BILL_15_360.xlsx,purchase_bills,SATTI_MALL,,
BILL16294   Green Marble & Granite   2007/09/26,,,,,,,,purchase_bills\SATTI_MALL_Bill_15_BILL16294.xlsx,purchase_bills,SATTI_MALL,,
1,GLS-CLR-6,6mm Clear Glass,355.4,233.0,82808.2,14077.39,,purchase_bills\SATTI_MALL_Bill_15_BILL16294.xlsx,purchase_bills,SATTI_MALL,,
2,REBAR-16MM,S.Bar 16mm,443.8,151.0,67014.0,11392.35,78406.15,purchase_bills\SATTI_MALL_Bill_15_BILL16294.xlsx,purchase_bills,SATTI_MALL,,
3,COPPER WIRE 3/.029,CopWire3,183.3,55.0,10081.5,1713.86,11795.36,purchase_bills\SATTI_MALL_Bill_15_BILL16294.xlsx,purchase_bills,SATTI_MALL,,
4,RIVER_SAND,River Sand,26.8,39.0,,177.68,1222.88,purchase_bills\SATTI_MALL_Bill_15_BILL16294.xlsx,purchase_bills,SATTI_MALL,,
,,,,,188309.98,,,purchase_bills\SATTI_MALL_Bill_15_BILL16294.xlsx,purchase_bills,SATTI_MALL,,
,,,,,,,,purchase_bills\SATTI_MALL_Bill_15_BILL16294.xlsx,purchase_bills,SATTI_MALL,,
Prepared by:,KAMRAN,,,,,,,purchase_bills\SATTI_MALL_Bill_15_BILL16294.xlsx,purchase_bills,SATTI_MALL,,
BILL/14/938   Karachi Sanitary Depot   15-Jan-2013,,,,,,,,purchase_bills\SATTI_PLAZA_Bill_01_BILL_14_938.xlsx,purchase_bills,SATTI_PLAZA,,
1,GI PIPE 1IN,GalvPipe-1,PKR 421,200.0,84120.0,,84120.0,purchase_bills\SATTI_PLAZA_Bill_01_BILL_14_938.xlsx,purchase_bills,SATTI_PLAZA,,
2,ARM_CABLE_95,CBL-ARM95,212.8,968.0,205990.0,,205990.4,purchase_bills\SATTI_PLAZA_Bill_01_BILL_14_938.xlsx,purchase_bills,SATTI_PLAZA,,
3,"G.I.PIPE 2""",GalvPipe-2,448.3,306.0,137179.8,,137179.8,purchase_bills\SATTI_PLAZA_Bill_01_BILL_14_938.xlsx,purchase_bills,SATTI_PLAZA,,
4,AGG-CRS-34,Bajri 3/4,332.9,49.0,16312.1,2773.06,19085.16,purchase_bills\SATTI_PLAZA_Bill_01_BILL_14_938.xlsx,purchase_bills,SATTI_PLAZA,,
5,STL-RB12,12mm Steel Rebar,472.1,116.0,54763.6,,54763.6,purchase_bills\SATTI_PLAZA_Bill_01_BILL_14_938.xlsx,purchase_bills,SATTI_PLAZA,,
6,GLASS-6MM,GLS-CLR6,229/-,218.0,49856.6,,49856.6,purchase_bills\SATTI_PLAZA_Bill_01_BILL_14_938.xlsx,purchase_bills,SATTI_PLAZA,,
7,CNC-M20,RMC-M20,78.4,447.0,35044.8,,35044.8,purchase_bills\SATTI_PLAZA_Bill_01_BILL_14_938.xlsx,purchase_bills,SATTI_PLAZA,,
8,ALUM WINDOW 4FT,Alum Window 4ft,280.2,14718.0,4123983.6,701077.0,4825060.81,purchase_bills\SATTI_PLAZA_Bill_01_BILL_14_938.xlsx,purchase_bills,SATTI_PLAZA,,
9,BRK-A,Class A Brick,189.3,14547.0,2753747.1,,2753747.0,purchase_bills\SATTI_PLAZA_Bill_01_BILL_14_938.xlsx,purchase_bills,SATTI_PLAZA,,
10,WIRE_7029,Copper Wire 7/.029,405.6,83.0,33664.8,,33665.0,purchase_bills\SATTI_PLAZA_Bill_01_BILL_14_938.xlsx,purchase_bills,SATTI_PLAZA,,
,,,,,8198513.07,,,purchase_bills\SATTI_PLAZA_Bill_01_BILL_14_938.xlsx,purchase_bills,SATTI_PLAZA,,
,,,,,,,,purchase_bills\SATTI_PLAZA_Bill_01_BILL_14_938.xlsx,purchase_bills,SATTI_PLAZA,,
Prepared by:,NASIR,,,,,,,purchase_bills\SATTI_PLAZA_Bill_01_BILL_14_938.xlsx,purchase_bills,SATTI_PLAZA,,
Bill No: BILL-14-700,,Date: 19-Mar-2012,,,,,,purchase_bills\SATTI_PLAZA_Bill_02_BILL-14-700.xlsx,purchase_bills,SATTI_PLAZA,,
Vendor: Fazal Bricks & Tiles,PROJECT: SATTI_PLAZA,,,,,,,purchase_bills\SATTI_PLAZA_Bill_02_BILL-14-700.xlsx,purchase_bills,SATTI_PLAZA,,
PO Ref: PO-PLZ-3617,,,,,,,,purchase_bills\SATTI_PLAZA_Bill_02_BILL-14-700.xlsx,purchase_bills,SATTI_PLAZA,,
1,ARM_CABLE_95,CBL-ARM95,19.5,929.0,18115.5,3079.64,21195.14,purchase_bills\SATTI_PLAZA_Bill_02_BILL-14-700.xlsx,purchase_bills,SATTI_PLAZA,,
2,ALM-W4,"A.Win 4""",124.4,14647.0,1822086.8,,1822086.8,purchase_bills\SATTI_PLAZA_Bill_02_BILL-14-700.xlsx,purchase_bills,SATTI_PLAZA,,
3,WHITE OIL PAINT 4L,OIL-PAINT-W,467.9,2065.0,966213.5,164256.3,1130469.8,purchase_bills\SATTI_PLAZA_Bill_02_BILL-14-700.xlsx,purchase_bills,SATTI_PLAZA,,
4,GENSET-25,Generator 25KVA,284,967986.0,274908024.0,46734364.08,321642388.08,purchase_bills\SATTI_PLAZA_Bill_02_BILL-14-700.xlsx,purchase_bills,SATTI_PLAZA,,
5,PLY-MR12,MR Ply 12,113.3,2217.0,251186.1,42701.64,293887.74,purchase_bills\SATTI_PLAZA_Bill_02_BILL-14-700.xlsx,purchase_bills,SATTI_PLAZA,,
6,GI PIPE 1IN,"1"" GI Pipe",15.8,185.0,2923.0,,2923.0,purchase_bills\SATTI_PLAZA_Bill_02_BILL-14-700.xlsx,purchase_bills,SATTI_PLAZA,,
7,"C.AGG 3/4""",Bajri 3/4,295.1,52.0,15345.2,2608.68,17953.88,purchase_bills\SATTI_PLAZA_Bill_02_BILL-14-700.xlsx,purchase_bills,SATTI_PLAZA,,
8,CEM_OPC_50,OPC 50 KG,348.3,1072.0,,,373377.6,purchase_bills\SATTI_PLAZA_Bill_02_BILL-14-700.xlsx,purchase_bills,SATTI_PLAZA,,
9,STL-RB12,STL-RB12,365.8,148.0,54138.4,,54138.0,purchase_bills\SATTI_PLAZA_Bill_02_BILL-14-700.xlsx,purchase_bills,SATTI_PLAZA,,
10,RIVER_SAND,SND-RV,321.6,31.0,9969.6,1694.83,11664.43,purchase_bills\SATTI_PLAZA_Bill_02_BILL-14-700.xlsx,purchase_bills,SATTI_PLAZA,,
,,,,,325370084.87,,,purchase_bills\SATTI_PLAZA_Bill_02_BILL-14-700.xlsx,purchase_bills,SATTI_PLAZA,,
,,,,,,,,purchase_bills\SATTI_PLAZA_Bill_02_BILL-14-700.xlsx,purchase_bills,SATTI_PLAZA,,
Prepared by:,NASIR,,,,,,,purchase_bills\SATTI_PLAZA_Bill_02_BILL-14-700.xlsx,purchase_bills,SATTI_PLAZA,,
Bill No: BILL-12-215,,"Date: August 17, 2011",,,,,,purchase_bills\SATTI_PLAZA_Bill_03_BILL-12-215.xlsx,purchase_bills,SATTI_PLAZA,,
Vendor: Tariq & Sons Electricals,PROJECT: SATTI_PLAZA,,,,,,,purchase_bills\SATTI_PLAZA_Bill_03_BILL-12-215.xlsx,purchase_bills,SATTI_PLAZA,,
PO Ref: PO-PLZ-4305,,,,,,,,purchase_bills\SATTI_PLAZA_Bill_03_BILL-12-215.xlsx,purchase_bills,SATTI_PLAZA,,
1,CEM_OPC_50,OPC Cement 50kg Bag,218.5,994.0,217189.0,,217189.0,purchase_bills\SATTI_PLAZA_Bill_03_BILL-12-215.xlsx,purchase_bills,SATTI_PLAZA,,
2,ARM_CABLE_95,AC-95sq,463.2,860.0,398352.0,,398352.0,purchase_bills\SATTI_PLAZA_Bill_03_BILL-12-215.xlsx,purchase_bills,SATTI_PLAZA,,
3,CNC-RDY-M20,RMC-M20,6.9,368.0,2539.0,,2539.2,purchase_bills\SATTI_PLAZA_Bill_03_BILL-12-215.xlsx,purchase_bills,SATTI_PLAZA,,
4,PLY-MR-12,Plywood 12mm MR,422.7,2074.0,876680.0,149035.57,,purchase_bills\SATTI_PLAZA_Bill_03_BILL-12-215.xlsx,purchase_bills,SATTI_PLAZA,,
5,ALU-WIN4,ALM-W4,225.7,13470.0,3040179.0,516830.43,3557009.43,purchase_bills\SATTI_PLAZA_Bill_03_BILL-12-215.xlsx,purchase_bills,SATTI_PLAZA,,
,,,,,5200805.0,,,purchase_bills\SATTI_PLAZA_Bill_03_BILL-12-215.xlsx,purchase_bills,SATTI_PLAZA,,
,,,,,,,,purchase_bills\SATTI_PLAZA_Bill_03_BILL-12-215.xlsx,purchase_bills,SATTI_PLAZA,,
Prepared by:,NASIR,,,,,,,purchase_bills\SATTI_PLAZA_Bill_03_BILL-12-215.xlsx,purchase_bills,SATTI_PLAZA,,
"BILL/16/063   Pioneer Generators Ltd   June 01, 2013",,,,,,,,purchase_bills\SATTI_PLAZA_Bill_04_BILL_16_063.xlsx,purchase_bills,SATTI_PLAZA,,
1,"G.I.PIPE 1""",PIP-GI1,,187.0,93238.2,,,purchase_bills\SATTI_PLAZA_Bill_04_BILL_16_063.xlsx,purchase_bills,SATTI_PLAZA,498.6,
2,BAJRI 3/4,coarse agg,,52.0,10488.4,,,purchase_bills\SATTI_PLAZA_Bill_04_BILL_16_063.xlsx,purchase_bills,SATTI_PLAZA,201.7,
3,STEEL BAR 16,rebar 5/8 inch,,125.0,7587.5,,,purchase_bills\SATTI_PLAZA_Bill_04_BILL_16_063.xlsx,purchase_bills,SATTI_PLAZA,60.7,
4,SAN-WC-STD,WC-STD,,13926.0,6049454.4,,,purchase_bills\SATTI_PLAZA_Bill_04_BILL_16_063.xlsx,purchase_bills,SATTI_PLAZA,434.4,
5,CEM-OPC50,CEMENT-50,,984.0,201228.0,,,purchase_bills\SATTI_PLAZA_Bill_04_BILL_16_063.xlsx,purchase_bills,SATTI_PLAZA,204.5,
6,PLY-MR-12,ply_mr_12mm,,2047.0,491689.4,,,purchase_bills\SATTI_PLAZA_Bill_04_BILL_16_063.xlsx,purchase_bills,SATTI_PLAZA,240.2,
,,,,,6940346.01,,,purchase_bills\SATTI_PLAZA_Bill_04_BILL_16_063.xlsx,purchase_bills,SATTI_PLAZA,,
,,,,,,,,purchase_bills\SATTI_PLAZA_Bill_04_BILL_16_063.xlsx,purchase_bills,SATTI_PLAZA,,
Prepared by:,KAMRAN,,,,,,,purchase_bills\SATTI_PLAZA_Bill_04_BILL_16_063.xlsx,purchase_bills,SATTI_PLAZA,,
BILL/12/998   Karachi Sanitary Depot   2013/09/24,,,,,,,,purchase_bills\SATTI_PLAZA_Bill_05_BILL_12_998.xlsx,purchase_bills,SATTI_PLAZA,,
1,STL-RB-16,S.Bar 16mm,,135.0,2713.5,461.3,,purchase_bills\SATTI_PLAZA_Bill_05_BILL_12_998.xlsx,purchase_bills,SATTI_PLAZA,,
2,ENAMEL WH.,Enamel Wh.,49.7,1545.0,76786.5,13053.71,89840.21,purchase_bills\SATTI_PLAZA_Bill_05_BILL_12_998.xlsx,purchase_bills,SATTI_PLAZA,,
3,GALVPIPE-1,"G.I.Pipe 1""",259.1,200.0,51820.0,,,purchase_bills\SATTI_PLAZA_Bill_05_BILL_12_998.xlsx,purchase_bills,SATTI_PLAZA,,
4,WIR-CP7,WIRE-7/029,306.1,108.0,33058.8,,33058.8,purchase_bills\SATTI_PLAZA_Bill_05_BILL_12_998.xlsx,purchase_bills,SATTI_PLAZA,,
5,MRB-IMP,White Marble Imp.,154.6,684.0,105746.4,,105746.4,purchase_bills\SATTI_PLAZA_Bill_05_BILL_12_998.xlsx,purchase_bills,SATTI_PLAZA,,
6,TOILET_STD,W.C. Std.,298.9,11685.0,3492646.5,,3492646.5,purchase_bills\SATTI_PLAZA_Bill_05_BILL_12_998.xlsx,purchase_bills,SATTI_PLAZA,,
7,GALVPIPE-2,GalvPipe-2,476.3,324.0,154321.0,26234.6,180555.8,purchase_bills\SATTI_PLAZA_Bill_05_BILL_12_998.xlsx,purchase_bills,SATTI_PLAZA,,
8,GENSET-25,gen_25kva,74.3,814755.0,60536296.5,10291170.41,70827466.91,purchase_bills\SATTI_PLAZA_Bill_05_BILL_12_998.xlsx,purchase_bills,SATTI_PLAZA,,
9,CBL-ARM95,ARMD-CBL-95,364.6,779.0,284023.4,48283.98,332307.38,purchase_bills\SATTI_PLAZA_Bill_05_BILL_12_998.xlsx,purchase_bills,SATTI_PLAZA,,
10,MR PLY 12,PLY-MR12,150.4,2181.0,328022.4,,328022.4,purchase_bills\SATTI_PLAZA_Bill_05_BILL_12_998.xlsx,purchase_bills,SATTI_PLAZA,,
,,,,,75444639.2,,,purchase_bills\SATTI_PLAZA_Bill_05_BILL_12_998.xlsx,purchase_bills,SATTI_PLAZA,,
,,,,,,,,purchase_bills\SATTI_PLAZA_Bill_05_BILL_12_998.xlsx,purchase_bills,SATTI_PLAZA,,
Prepared by:,TARIQ,,,,,,,purchase_bills\SATTI_PLAZA_Bill_05_BILL_12_998.xlsx,purchase_bills,SATTI_PLAZA,,
BILL/12/431   Hafiz Glass & Aluminum   07-Feb-2013,,,,,,,,purchase_bills\SATTI_PLAZA_Bill_06_BILL_12_431.xlsx,purchase_bills,SATTI_PLAZA,,
1,GI PIPE 1IN,GalvPipe-1,,157.0,14805.0,,,purchase_bills\SATTI_PLAZA_Bill_06_BILL_12_431.xlsx,purchase_bills,SATTI_PLAZA,94.3,
2,PLY-MR12,PLY-MR12,,1975.0,573342.5,,,purchase_bills\SATTI_PLAZA_Bill_06_BILL_12_431.xlsx,purchase_bills,SATTI_PLAZA,290.3,
3,COMMODE STANDARD,Commode Standard,,10766.0,2096140.2,,,purchase_bills\SATTI_PLAZA_Bill_06_BILL_12_431.xlsx,purchase_bills,SATTI_PLAZA,194.7,
4,GLS-CLR6,6mm Clear Glass,,228.0,77520.0,,,purchase_bills\SATTI_PLAZA_Bill_06_BILL_12_431.xlsx,purchase_bills,SATTI_PLAZA,340,
5,COARSE AGG,GRAVEL-3/4,,60.0,5262.0,,,purchase_bills\SATTI_PLAZA_Bill_06_BILL_12_431.xlsx,purchase_bills,SATTI_PLAZA,87.7,
,,,,,3140003.44,,,purchase_bills\SATTI_PLAZA_Bill_06_BILL_12_431.xlsx,purchase_bills,SATTI_PLAZA,,
,,,,,,,,purchase_bills\SATTI_PLAZA_Bill_06_BILL_12_431.xlsx,purchase_bills,SATTI_PLAZA,,
Prepared by:,TARIQ,,,,,,,purchase_bills\SATTI_PLAZA_Bill_06_BILL_12_431.xlsx,purchase_bills,SATTI_PLAZA,,
Bill No: BILL13769,,,Date: 03-03-2012,,,,,purchase_bills\SATTI_PLAZA_Bill_07_BILL13769.xlsx,purchase_bills,SATTI_PLAZA,,
Vendor: Tariq & Sons Electricals,,Project: SATTI_PLAZA,,,,,,purchase_bills\SATTI_PLAZA_Bill_07_BILL13769.xlsx,purchase_bills,SATTI_PLAZA,,
PO Ref: PO-PLZ-413,,,,,,,,purchase_bills\SATTI_PLAZA_Bill_07_BILL13769.xlsx,purchase_bills,SATTI_PLAZA,,
1,,CBL-ARM95,AC-95sq,,249690.0,,,purchase_bills\SATTI_PLAZA_Bill_07_BILL13769.xlsx,purchase_bills,SATTI_PLAZA,344.4,725
2,,Copper Wire 7/.029,7/0.029 Copper Wire,,25303.6,,,purchase_bills\SATTI_PLAZA_Bill_07_BILL13769.xlsx,purchase_bills,SATTI_PLAZA,258.2,98
3,,al_window_4,ALM-W4,,2570295.4,,,purchase_bills\SATTI_PLAZA_Bill_07_BILL13769.xlsx,purchase_bills,SATTI_PLAZA,182.2,14107
4,,AGG-CRS34,Coarse Aggregate 3/4 inch,,542.4,,,purchase_bills\SATTI_PLAZA_Bill_07_BILL13769.xlsx,purchase_bills,SATTI_PLAZA,11.3,48
,,,,,3329623.0,,,purchase_bills\SATTI_PLAZA_Bill_07_BILL13769.xlsx,purchase_bills,SATTI_PLAZA,,Grand Total:
,,,,,,,,purchase_bills\SATTI_PLAZA_Bill_07_BILL13769.xlsx,purchase_bills,SATTI_PLAZA,,Payment Status:
Prepared by:,,Tariq,,,,,,purchase_bills\SATTI_PLAZA_Bill_07_BILL13769.xlsx,purchase_bills,SATTI_PLAZA,,
Bill No: BILL/15/304,,Date: 06/11/13,,,,,,purchase_bills\SATTI_PLAZA_Bill_08_BILL_15_304.xlsx,purchase_bills,SATTI_PLAZA,,
Vendor: Metro Plumbing Supplies,PROJECT: SATTI_PLAZA,,,,,,,purchase_bills\SATTI_PLAZA_Bill_08_BILL_15_304.xlsx,purchase_bills,SATTI_PLAZA,,
PO Ref: PO-MALL-1735,,,,,,,,purchase_bills\SATTI_PLAZA_Bill_08_BILL_15_304.xlsx,purchase_bills,SATTI_PLAZA,,
1,COMMODE STANDARD,toilet_std,340.8,11305.0,3852744.0,654966.48,4507710.48,purchase_bills\SATTI_PLAZA_Bill_08_BILL_15_304.xlsx,purchase_bills,SATTI_PLAZA,,
2,RETI (RIVER),River Sand,444.4,34.0,15109.6,2568.63,17678.23,purchase_bills\SATTI_PLAZA_Bill_08_BILL_15_304.xlsx,purchase_bills,SATTI_PLAZA,,
3,BRK-A,bricks_a,437.2,14080.0,6155776.0,,6155776.0,purchase_bills\SATTI_PLAZA_Bill_08_BILL_15_304.xlsx,purchase_bills,SATTI_PLAZA,,
4,"C.AGG 3/4""",Bajri 3/4,78.6,60.0,4716.0,,4716.0,purchase_bills\SATTI_PLAZA_Bill_08_BILL_15_304.xlsx,purchase_bills,SATTI_PLAZA,,
5,REBAR 5/8 INCH,STL-RB16,42.1,140.0,5894.0,1001.98,6895.98,purchase_bills\SATTI_PLAZA_Bill_08_BILL_15_304.xlsx,purchase_bills,SATTI_PLAZA,,
6,READY MIX M20,Ready Mix M20,401.6,413.0,165860.8,,165860.8,purchase_bills\SATTI_PLAZA_Bill_08_BILL_15_304.xlsx,purchase_bills,SATTI_PLAZA,,
7,CEMENT BAG 50KG,OPC Cement 50kg Bag,280.8,808.0,226886.4,38570.69,265457.09,purchase_bills\SATTI_PLAZA_Bill_08_BILL_15_304.xlsx,purchase_bills,SATTI_PLAZA,,
8,ALU-WIN4,ALU-WIN4,413.5,15877.0,6565139.5,,6565139.5,purchase_bills\SATTI_PLAZA_Bill_08_BILL_15_304.xlsx,purchase_bills,SATTI_PLAZA,,
9,"G.I.PIPE 1""","1"" GI Pipe",53.2,189.0,10054.8,1709.32,11764.12,purchase_bills\SATTI_PLAZA_Bill_08_BILL_15_304.xlsx,purchase_bills,SATTI_PLAZA,,
10,WIR-CP3,Copper Wire 3/.029,74.5,59.0,,,4395.5,purchase_bills\SATTI_PLAZA_Bill_08_BILL_15_304.xlsx,purchase_bills,SATTI_PLAZA,,
,,,,,17705393.7,,,purchase_bills\SATTI_PLAZA_Bill_08_BILL_15_304.xlsx,purchase_bills,SATTI_PLAZA,,
,,,,,,,,purchase_bills\SATTI_PLAZA_Bill_08_BILL_15_304.xlsx,purchase_bills,SATTI_PLAZA,,
Prepared by:,TARIQ,,,,,,,purchase_bills\SATTI_PLAZA_Bill_08_BILL_15_304.xlsx,purchase_bills,SATTI_PLAZA,,
BILL-14-048   Allied Cables & Wires   09.12.2011,,,,,,,,purchase_bills\SATTI_PLAZA_Bill_09_BILL-14-048.xlsx,purchase_bills,SATTI_PLAZA,,
1,,25KVA Genset,GEN-25K,,71874674.6,,,purchase_bills\SATTI_PLAZA_Bill_09_BILL-14-048.xlsx,purchase_bills,SATTI_PLAZA,73.4,979219
2,,"Tile 12x12""",floor_tile_12,,24493.7,,,purchase_bills\SATTI_PLAZA_Bill_09_BILL-14-048.xlsx,purchase_bills,SATTI_PLAZA,318.1,77
3,,W.C. Std.,SAN-WC,,3365457.6,,,purchase_bills\SATTI_PLAZA_Bill_09_BILL-14-048.xlsx,purchase_bills,SATTI_PLAZA,254.4,13229
4,,GalvPipe-2,GalvPipe-2,,70496.1,,,purchase_bills\SATTI_PLAZA_Bill_09_BILL-14-048.xlsx,purchase_bills,SATTI_PLAZA,211.7,333
5,,WIR-COP-7,Copper Wire 7/.029,,7690.0,,,purchase_bills\SATTI_PLAZA_Bill_09_BILL-14-048.xlsx,purchase_bills,SATTI_PLAZA,76.9,
6,,PIP-GI-1,GalvPipe-1,,64501.2,,,purchase_bills\SATTI_PLAZA_Bill_09_BILL-14-048.xlsx,purchase_bills,SATTI_PLAZA,393.3,164
7,,river_sand,SND-RV,,13410.0,,,purchase_bills\SATTI_PLAZA_Bill_09_BILL-14-048.xlsx,purchase_bills,SATTI_PLAZA,372.5,36
8,,Bajri 3/4,Bajri 3/4,,12672.0,,,purchase_bills\SATTI_PLAZA_Bill_09_BILL-14-048.xlsx,purchase_bills,SATTI_PLAZA,211.2,60/-
,,,,,76020075.19,,,purchase_bills\SATTI_PLAZA_Bill_09_BILL-14-048.xlsx,purchase_bills,SATTI_PLAZA,,Grand Total:
,,,,,,,,purchase_bills\SATTI_PLAZA_Bill_09_BILL-14-048.xlsx,purchase_bills,SATTI_PLAZA,,Payment Status:
Prepared by:,,Kamran,,,,,,purchase_bills\SATTI_PLAZA_Bill_09_BILL-14-048.xlsx,purchase_bills,SATTI_PLAZA,,
Invoice #,,BILL 17 560,Vendor:,,,,,purchase_bills\SATTI_PLAZA_Bill_10_BILL 17 560.xlsx,purchase_bills,SATTI_PLAZA,Karachi Sanitary Depot,
Project,,SATTI_PLAZA,Date:,,,,,purchase_bills\SATTI_PLAZA_Bill_10_BILL 17 560.xlsx,purchase_bills,SATTI_PLAZA,2012/05/07,
1,,ALU-WIN4,al_window_4,,1494937.5,,,purchase_bills\SATTI_PLAZA_Bill_10_BILL 17 560.xlsx,purchase_bills,SATTI_PLAZA,113.9,13125
2,,MRB-IMP,MRB-IMP,,215376.4,,,purchase_bills\SATTI_PLAZA_Bill_10_BILL 17 560.xlsx,purchase_bills,SATTI_PLAZA,333.4,646
3,,AC-95sq,95mm² Armoured Cable,,50119.8,,,purchase_bills\SATTI_PLAZA_Bill_10_BILL 17 560.xlsx,purchase_bills,SATTI_PLAZA,61.8,811
4,,OIL-PAINT-W,White Oil Paint 4L,,935136.0,,,purchase_bills\SATTI_PLAZA_Bill_10_BILL 17 560.xlsx,purchase_bills,SATTI_PLAZA,458.4,2040
5,,CEMENT-50,OPC 50 KG,,375841.6,,,purchase_bills\SATTI_PLAZA_Bill_10_BILL 17 560.xlsx,purchase_bills,SATTI_PLAZA,402.4,TBD
6,,TIL-CER12,floor_tile_12,,23663.2,,,purchase_bills\SATTI_PLAZA_Bill_10_BILL 17 560.xlsx,purchase_bills,SATTI_PLAZA,268.9,88
7,,GEN-25K,Generator 25KVA,,439245062.0,,,purchase_bills\SATTI_PLAZA_Bill_10_BILL 17 560.xlsx,purchase_bills,SATTI_PLAZA,415.2,1057912
,,,,,442866300.0,,,purchase_bills\SATTI_PLAZA_Bill_10_BILL 17 560.xlsx,purchase_bills,SATTI_PLAZA,,Grand Total:
,,,,,,,,purchase_bills\SATTI_PLAZA_Bill_10_BILL 17 560.xlsx,purchase_bills,SATTI_PLAZA,,Payment Status:
Prepared by:,,Asif,,,,,,purchase_bills\SATTI_PLAZA_Bill_10_BILL 17 560.xlsx,purchase_bills,SATTI_PLAZA,,
BILL-07-056   Crown Cement Pvt Ltd   28/08/12,,,,,,,,purchase_bills\SATTI_PLAZA_Bill_11_BILL-07-056.xlsx,purchase_bills,SATTI_PLAZA,,
1,,Copper Wire 3/.029,Copper Wire 3/.029,,11634.8,,,purchase_bills\SATTI_PLAZA_Bill_11_BILL-07-056.xlsx,purchase_bills,SATTI_PLAZA,200.6,58.0
2,,M20 Concrete,RMC-M20,,180112.5,,,purchase_bills\SATTI_PLAZA_Bill_11_BILL-07-056.xlsx,purchase_bills,SATTI_PLAZA,480.3,375
3,,CEM-OPC-50,OPC 50 KG,,371424.0,,,purchase_bills\SATTI_PLAZA_Bill_11_BILL-07-056.xlsx,purchase_bills,SATTI_PLAZA,438,848
4,,MRB-IMP,Marble Wht,,270072.0,,,purchase_bills\SATTI_PLAZA_Bill_11_BILL-07-056.xlsx,purchase_bills,SATTI_PLAZA,372,726
,,,,,944275.54,,,purchase_bills\SATTI_PLAZA_Bill_11_BILL-07-056.xlsx,purchase_bills,SATTI_PLAZA,,Grand Total:
,,,,,,,,purchase_bills\SATTI_PLAZA_Bill_11_BILL-07-056.xlsx,purchase_bills,SATTI_PLAZA,,Payment Status:
Prepared by:,,Kamran,,,,,,purchase_bills\SATTI_PLAZA_Bill_11_BILL-07-056.xlsx,purchase_bills,SATTI_PLAZA,,
Invoice #,BILL-08-688,Vendor:,Hafiz Glass & Aluminum,,,,,purchase_bills\SATTI_PLAZA_Bill_12_BILL-08-688.xlsx,purchase_bills,SATTI_PLAZA,,
Project,SATTI_PLAZA,Date:,"June 05, 2014",,,,,purchase_bills\SATTI_PLAZA_Bill_12_BILL-08-688.xlsx,purchase_bills,SATTI_PLAZA,,
1,COPPER WIRE 7/.029,CopWire7,58.9,99.0,5831.1,,6822.39,purchase_bills\SATTI_PLAZA_Bill_12_BILL-08-688.xlsx,purchase_bills,SATTI_PLAZA,,
2,ENAMEL WH.,Oil Paint (White) 4Ltr,446.6,1989.0,888287.4,,888287.4,purchase_bills\SATTI_PLAZA_Bill_12_BILL-08-688.xlsx,purchase_bills,SATTI_PLAZA,,
3,GRAVEL-3/4,coarse agg,447.5,56.0,25060.0,,25060.0,purchase_bills\SATTI_PLAZA_Bill_12_BILL-08-688.xlsx,purchase_bills,SATTI_PLAZA,,
4,PLY-MR12,Plywood 12mm MR,PKR 253,1930.0,488483.0,83042.11,571525.11,purchase_bills\SATTI_PLAZA_Bill_12_BILL-08-688.xlsx,purchase_bills,SATTI_PLAZA,,
5,ALM-W4,Alum Window 4ft,83.8,14789.0,1239318.2,210684.09,1450002.0,purchase_bills\SATTI_PLAZA_Bill_12_BILL-08-688.xlsx,purchase_bills,SATTI_PLAZA,,
6,PIP-GI2,"2"" GI Pipe",135.9,285.0,38731.5,,38731.5,purchase_bills\SATTI_PLAZA_Bill_12_BILL-08-688.xlsx,purchase_bills,SATTI_PLAZA,,
7,GLS-CLR-6,Sheesha 6mm,165.4,233.0,38538.2,6551.49,,purchase_bills\SATTI_PLAZA_Bill_12_BILL-08-688.xlsx,purchase_bills,SATTI_PLAZA,,
8,SAND-RIVER,river_sand,328.4,39.0,12807.6,2177.29,14984.89,purchase_bills\SATTI_PLAZA_Bill_12_BILL-08-688.xlsx,purchase_bills,SATTI_PLAZA,,
9,ARMOURED CABLE 95,arm_cable_95,8.3,947.0,7860.1,,,purchase_bills\SATTI_PLAZA_Bill_12_BILL-08-688.xlsx,purchase_bills,SATTI_PLAZA,,
,,,,,3049699.59,,,purchase_bills\SATTI_PLAZA_Bill_12_BILL-08-688.xlsx,purchase_bills,SATTI_PLAZA,,
,,,,,,,,purchase_bills\SATTI_PLAZA_Bill_12_BILL-08-688.xlsx,purchase_bills,SATTI_PLAZA,,
Prepared by:,NASIR,,,,,,,purchase_bills\SATTI_PLAZA_Bill_12_BILL-08-688.xlsx,purchase_bills,SATTI_PLAZA,,
BILL 07 494   Green Marble & Granite   12-06-2013,,,,,,,,purchase_bills\SATTI_PLAZA_Bill_13_BILL 07 494.xlsx,purchase_bills,SATTI_PLAZA,,
1,CEMENT BAG 50KG,OPC 50 KG,,974.0,,,,purchase_bills\SATTI_PLAZA_Bill_13_BILL 07 494.xlsx,purchase_bills,SATTI_PLAZA,75.6,
2,"G.I.PIPE 1""",gi_pipe_1inch,,165.0,49054.5,,,purchase_bills\SATTI_PLAZA_Bill_13_BILL 07 494.xlsx,purchase_bills,SATTI_PLAZA,297.3,
3,CLEAR GLASS 6,GLS-CLR6,,199.0,60635.3,,,purchase_bills\SATTI_PLAZA_Bill_13_BILL 07 494.xlsx,purchase_bills,SATTI_PLAZA,304.7,
4,ALM-WIN-4,Alum Window 4ft,,16249.0,5384918.6,,,purchase_bills\SATTI_PLAZA_Bill_13_BILL 07 494.xlsx,purchase_bills,SATTI_PLAZA,PKR 331,
5,25KVA GENSET,GENSET-25,,1006328.0,440771664.0,,,purchase_bills\SATTI_PLAZA_Bill_13_BILL 07 494.xlsx,purchase_bills,SATTI_PLAZA,438,
6,RMC_M20,rmc_m20,,411.0,119272.0,,,purchase_bills\SATTI_PLAZA_Bill_13_BILL 07 494.xlsx,purchase_bills,SATTI_PLAZA,290.2,
7,RED BRICK A-GRADE,Class A Brick,,11923.0,1580989.8,,,purchase_bills\SATTI_PLAZA_Bill_13_BILL 07 494.xlsx,purchase_bills,SATTI_PLAZA,PKR 133,
,,,,,523915403.38,,,purchase_bills\SATTI_PLAZA_Bill_13_BILL 07 494.xlsx,purchase_bills,SATTI_PLAZA,,
,,,,,,,,purchase_bills\SATTI_PLAZA_Bill_13_BILL 07 494.xlsx,purchase_bills,SATTI_PLAZA,,
Prepared by:,NASIR,,,,,,,purchase_bills\SATTI_PLAZA_Bill_13_BILL 07 494.xlsx,purchase_bills,SATTI_PLAZA,,
Invoice #,BILL 07 159,Vendor:,Fazal Bricks & Tiles,,,,,purchase_bills\SATTI_PLAZA_Bill_14_BILL 07 159.xlsx,purchase_bills,SATTI_PLAZA,,
Project,SATTI_PLAZA,Date:,01.09.2012,,,,,purchase_bills\SATTI_PLAZA_Bill_14_BILL 07 159.xlsx,purchase_bills,SATTI_PLAZA,,
1,GI_PIPE_1INCH,gi_pipe_1inch,350,191.0,66850.0,11364.5,78214.5,purchase_bills\SATTI_PLAZA_Bill_14_BILL 07 159.xlsx,purchase_bills,SATTI_PLAZA,,
2,GEN-25KVA,GENSET-25,114.8,830311.0,95319702.8,16204349.48,111524052.28,purchase_bills\SATTI_PLAZA_Bill_14_BILL 07 159.xlsx,purchase_bills,SATTI_PLAZA,,
3,TIL-CER12,"Tile 12x12""",249.7,73.0,,,18228.1,purchase_bills\SATTI_PLAZA_Bill_14_BILL 07 159.xlsx,purchase_bills,SATTI_PLAZA,,
4,PLY_MR_12MM,PLY-MR12,309.5,2315.0,716492.0,121803.73,838296.23,purchase_bills\SATTI_PLAZA_Bill_14_BILL 07 159.xlsx,purchase_bills,SATTI_PLAZA,,
,,,,,112458791.11,,,purchase_bills\SATTI_PLAZA_Bill_14_BILL 07 159.xlsx,purchase_bills,SATTI_PLAZA,,
,,,,,,,,purchase_bills\SATTI_PLAZA_Bill_14_BILL 07 159.xlsx,purchase_bills,SATTI_PLAZA,,
Prepared by:,,,,,,,,purchase_bills\SATTI_PLAZA_Bill_14_BILL 07 159.xlsx,purchase_bills,SATTI_PLAZA,,
BILL-07-942   Al-Rehman Hardware   30-Apr-2014,,,,,,,,purchase_bills\SATTI_PLAZA_Bill_15_BILL-07-942.xlsx,purchase_bills,SATTI_PLAZA,,
1,WHITE MARBLE IMP.,Imported White Marble,132.6,656.0,86985.6,,86985.6,purchase_bills\SATTI_PLAZA_Bill_15_BILL-07-942.xlsx,purchase_bills,SATTI_PLAZA,,
2,AL_WINDOW_4,4ft Aluminum Window,351.9,13471.0,4740444.9,805875.63,,purchase_bills\SATTI_PLAZA_Bill_15_BILL-07-942.xlsx,purchase_bills,SATTI_PLAZA,,
3,PIP-GI2,gi_pipe_2inch,138.2,352.0,,,48646.4,purchase_bills\SATTI_PLAZA_Bill_15_BILL-07-942.xlsx,purchase_bills,SATTI_PLAZA,,
4,PLY-MR12,PLY-MR12,,2035.0,214489.0,,214489.0,purchase_bills\SATTI_PLAZA_Bill_15_BILL-07-942.xlsx,purchase_bills,SATTI_PLAZA,,
5,6MM_GLASS,6mm Clear Glass,383.3,223.0,85475.9,14530.9,100006.8,purchase_bills\SATTI_PLAZA_Bill_15_BILL-07-942.xlsx,purchase_bills,SATTI_PLAZA,,
6,25KVA GENSET,GEN-25K,492.3,1068562.0,526053073.0,89429022.34,615482094.94,purchase_bills\SATTI_PLAZA_Bill_15_BILL-07-942.xlsx,purchase_bills,SATTI_PLAZA,,
7,ARM_CABLE_95,ARMD-CBL-95,199.9,898.0,179510.2,30516.73,210027.0,purchase_bills\SATTI_PLAZA_Bill_15_BILL-07-942.xlsx,purchase_bills,SATTI_PLAZA,,
8,COPWIRE3,3/0.029 Copper Wire,166.1,57.0,9467.7,1609.51,11077.21,purchase_bills\SATTI_PLAZA_Bill_15_BILL-07-942.xlsx,purchase_bills,SATTI_PLAZA,,
9,STL-RB12,rebar 1/2 inch,351.9,,43987.5,,43987.5,purchase_bills\SATTI_PLAZA_Bill_15_BILL-07-942.xlsx,purchase_bills,SATTI_PLAZA,,
,,,,,621743635.0,,,purchase_bills\SATTI_PLAZA_Bill_15_BILL-07-942.xlsx,purchase_bills,SATTI_PLAZA,,
,,,,,,,,purchase_bills\SATTI_PLAZA_Bill_15_BILL-07-942.xlsx,purchase_bills,SATTI_PLAZA,,
Prepared by:,KAMRAN,,,,,,,purchase_bills\SATTI_PLAZA_Bill_15_BILL-07-942.xlsx,purchase_bills,SATTI_PLAZA,,
Bill No: BILL14201,,Date: 2012/02/01,,,,,,purchase_bills\SATTI_PLAZA_Bill_16_BILL14201.xlsx,purchase_bills,SATTI_PLAZA,,
Vendor: Crown Cement Pvt Ltd,PROJECT: SATTI_PLAZA,,,,,,,purchase_bills\SATTI_PLAZA_Bill_16_BILL14201.xlsx,purchase_bills,SATTI_PLAZA,,
PO Ref: PO-PLZ-259,,,,,,,,purchase_bills\SATTI_PLAZA_Bill_16_BILL14201.xlsx,purchase_bills,SATTI_PLAZA,,
1,WIRE-7/029,wire_7029,,,41426.2,,,purchase_bills\SATTI_PLAZA_Bill_16_BILL14201.xlsx,purchase_bills,SATTI_PLAZA,481.7,
2,ENAMEL WH.,paint_oil_w,,1928.0,474866.4,,,purchase_bills\SATTI_PLAZA_Bill_16_BILL14201.xlsx,purchase_bills,SATTI_PLAZA,246.3,
3,MRB-IMP,Marble Wht,,647.0,261906.0,,,purchase_bills\SATTI_PLAZA_Bill_16_BILL14201.xlsx,purchase_bills,SATTI_PLAZA,404.8,
4,CNC-M20,RMC-M20,,394.0,63788.6,,,purchase_bills\SATTI_PLAZA_Bill_16_BILL14201.xlsx,purchase_bills,SATTI_PLAZA,161.9,
5,ARMD-CBL-95,AC-95sq,,969.0,286339.5,,,purchase_bills\SATTI_PLAZA_Bill_16_BILL14201.xlsx,purchase_bills,SATTI_PLAZA,TBD,
6,S.BAR 12MM,S.Bar 12mm,,119.0,44755.9,,,purchase_bills\SATTI_PLAZA_Bill_16_BILL14201.xlsx,purchase_bills,SATTI_PLAZA,376/-,
7,"G.I.PIPE 1""",gi_pipe_1inch,,157.0,60240.9,,,purchase_bills\SATTI_PLAZA_Bill_16_BILL14201.xlsx,purchase_bills,SATTI_PLAZA,,
8,STL-RB16,S.Bar 16mm,,145.0,21126.5,,,purchase_bills\SATTI_PLAZA_Bill_16_BILL14201.xlsx,purchase_bills,SATTI_PLAZA,145.7,
,,,,,1342454.79,,,purchase_bills\SATTI_PLAZA_Bill_16_BILL14201.xlsx,purchase_bills,SATTI_PLAZA,,
,,,,,,,,purchase_bills\SATTI_PLAZA_Bill_16_BILL14201.xlsx,purchase_bills,SATTI_PLAZA,,
Prepared by:,NASIR,,,,,,,purchase_bills\SATTI_PLAZA_Bill_16_BILL14201.xlsx,purchase_bills,SATTI_PLAZA,,
BILL 16 456   Crown Cement Pvt Ltd   2014/04/09,,,,,,,,purchase_bills\SATTI_PLAZA_Bill_17_BILL 16 456.xlsx,purchase_bills,SATTI_PLAZA,,
1,ALU-WIN4,ALM-W4,,14763.0,3082514.4,,,purchase_bills\SATTI_PLAZA_Bill_17_BILL 16 456.xlsx,purchase_bills,SATTI_PLAZA,,
2,WIRE-3/029,3/0.029 Copper Wire,,51.0,10914.0,,,purchase_bills\SATTI_PLAZA_Bill_17_BILL 16 456.xlsx,purchase_bills,SATTI_PLAZA,214,
3,S.BAR 12MM,Steel Bar 12,,127.0,51485.8,,,purchase_bills\SATTI_PLAZA_Bill_17_BILL 16 456.xlsx,purchase_bills,SATTI_PLAZA,TBD,
4,WC-STD,W.C. Std.,,11329.0,,,,purchase_bills\SATTI_PLAZA_Bill_17_BILL 16 456.xlsx,purchase_bills,SATTI_PLAZA,PKR 313,
5,MAR-W-IMP,MRB-IMP,,726.0,260634.0,,,purchase_bills\SATTI_PLAZA_Bill_17_BILL 16 456.xlsx,purchase_bills,SATTI_PLAZA,,
6,READY MIX M20,RMC-M20,,457.0,107166.0,,,purchase_bills\SATTI_PLAZA_Bill_17_BILL 16 456.xlsx,purchase_bills,SATTI_PLAZA,234.5,
7,BRK-CLS-A,Red Brick A-Grade,,12707.0,3020453.9,,,purchase_bills\SATTI_PLAZA_Bill_17_BILL 16 456.xlsx,purchase_bills,SATTI_PLAZA,237.7,
8,TIL-CER12,"Cer.Tile 12""",,84.0,32491.2,,,purchase_bills\SATTI_PLAZA_Bill_17_BILL 16 456.xlsx,purchase_bills,SATTI_PLAZA,PKR 387,
9,CBL-ARM95,Armoured Cable 95,,968.0,191276.8,,,purchase_bills\SATTI_PLAZA_Bill_17_BILL 16 456.xlsx,purchase_bills,SATTI_PLAZA,,
10,WIR-COP-7,WIRE-7/029,,89.0,21644.8,,,purchase_bills\SATTI_PLAZA_Bill_17_BILL 16 456.xlsx,purchase_bills,SATTI_PLAZA,243/-,
,,,,,11521584.13,,,purchase_bills\SATTI_PLAZA_Bill_17_BILL 16 456.xlsx,purchase_bills,SATTI_PLAZA,,
,,,,,,,,purchase_bills\SATTI_PLAZA_Bill_17_BILL 16 456.xlsx,purchase_bills,SATTI_PLAZA,,
Prepared by:,KAMRAN,,,,,,,purchase_bills\SATTI_PLAZA_Bill_17_BILL 16 456.xlsx,purchase_bills,SATTI_PLAZA,,
BILL 17 123   Fazal Bricks & Tiles   10/08/12,,,,,,,,purchase_bills\SATTI_PLAZA_Bill_18_BILL 17 123.xlsx,purchase_bills,SATTI_PLAZA,,
1,GI PIPE 2IN,GalvPipe-2,,347.0,24879.9,,,purchase_bills\SATTI_PLAZA_Bill_18_BILL 17 123.xlsx,purchase_bills,SATTI_PLAZA,71.7,
2,PLY-MR12,MR Ply 12,,2353.0,416716.3,,,purchase_bills\SATTI_PLAZA_Bill_18_BILL 17 123.xlsx,purchase_bills,SATTI_PLAZA,177.1,
3,CBL-ARM95,Armoured Cable 95,,790.0,119606.0,,,purchase_bills\SATTI_PLAZA_Bill_18_BILL 17 123.xlsx,purchase_bills,SATTI_PLAZA,PKR 151,
4,PAI-OIL-W,paint_oil_w,,1949.0,836315.9,,,purchase_bills\SATTI_PLAZA_Bill_18_BILL 17 123.xlsx,purchase_bills,SATTI_PLAZA,429.1,
5,6MM_GLASS,Sheesha 6mm,,223.0,56039.9,,,purchase_bills\SATTI_PLAZA_Bill_18_BILL 17 123.xlsx,purchase_bills,SATTI_PLAZA,251.3,
6,GEN-25KVA,25 KVA Generator,,844486.0,353332942.0,,,purchase_bills\SATTI_PLAZA_Bill_18_BILL 17 123.xlsx,purchase_bills,SATTI_PLAZA,418.4,
7,CLASS A BRICK,bricks_a,,14521.0,3593947.5,,,purchase_bills\SATTI_PLAZA_Bill_18_BILL 17 123.xlsx,purchase_bills,SATTI_PLAZA,PKR 248,
8,STL-RB12,S.Bar 12mm,,145.0,35989.0,,,purchase_bills\SATTI_PLAZA_Bill_18_BILL 17 123.xlsx,purchase_bills,SATTI_PLAZA,248.2,
9,ALUM WINDOW 4FT,ALU-WIN4,,12579.0,5008957.8,,,purchase_bills\SATTI_PLAZA_Bill_18_BILL 17 123.xlsx,purchase_bills,SATTI_PLAZA,398.2,
10,PIP-GI1,gi_pipe_1inch,,192.0,10195.2,,,purchase_bills\SATTI_PLAZA_Bill_18_BILL 17 123.xlsx,purchase_bills,SATTI_PLAZA,TBD,
,,,,,,,,purchase_bills\SATTI_PLAZA_Bill_18_BILL 17 123.xlsx,purchase_bills,SATTI_PLAZA,,
,,,,,,,,purchase_bills\SATTI_PLAZA_Bill_18_BILL 17 123.xlsx,purchase_bills,SATTI_PLAZA,,
Prepared by:,NASIR,,,,,,,purchase_bills\SATTI_PLAZA_Bill_18_BILL 17 123.xlsx,purchase_bills,SATTI_PLAZA,,
Bill No: BILL-18-591,,,Date: 10-26-2013,,,,,purchase_bills\SATTI_PLAZA_Bill_19_BILL-18-591.xlsx,purchase_bills,SATTI_PLAZA,,
Vendor: National Paint House,,Project: SATTI_PLAZA,,,,,,purchase_bills\SATTI_PLAZA_Bill_19_BILL-18-591.xlsx,purchase_bills,SATTI_PLAZA,,
PO Ref: PO-APT-7097,,,,,,,,purchase_bills\SATTI_PLAZA_Bill_19_BILL-18-591.xlsx,purchase_bills,SATTI_PLAZA,,
1,,RMC-M20,RMC-M20,,198653.0,,,purchase_bills\SATTI_PLAZA_Bill_19_BILL-18-591.xlsx,purchase_bills,SATTI_PLAZA,481,413
2,,GI PIPE 2IN,"2"" GI Pipe",,43650.8,,,purchase_bills\SATTI_PLAZA_Bill_19_BILL-18-591.xlsx,purchase_bills,SATTI_PLAZA,PKR 154,284
3,,arm_cable_95,arm_cable_95,,268903.6,,,purchase_bills\SATTI_PLAZA_Bill_19_BILL-18-591.xlsx,purchase_bills,SATTI_PLAZA,PKR 280,959
4,,gi_pipe_1inch,PIP-GI1,,23699.1,,,purchase_bills\SATTI_PLAZA_Bill_19_BILL-18-591.xlsx,purchase_bills,SATTI_PLAZA,120.3,197
5,,"Cer.Tile 12""",TIL-CER12,,23436.5,,,purchase_bills\SATTI_PLAZA_Bill_19_BILL-18-591.xlsx,purchase_bills,SATTI_PLAZA,246.7,95/-
6,,al_window_4,Alum Window 4ft,,550478.4,,,purchase_bills\SATTI_PLAZA_Bill_19_BILL-18-591.xlsx,purchase_bills,SATTI_PLAZA,43.8,12568
7,,WIR-CP7,wire_7029,,32153.8,,,purchase_bills\SATTI_PLAZA_Bill_19_BILL-18-591.xlsx,purchase_bills,SATTI_PLAZA,328.1,98
8,,paint_oil_w,paint_oil_w,,142279.0,,,purchase_bills\SATTI_PLAZA_Bill_19_BILL-18-591.xlsx,purchase_bills,SATTI_PLAZA,79/-,1801
,,,,,1396421.25,,,purchase_bills\SATTI_PLAZA_Bill_19_BILL-18-591.xlsx,purchase_bills,SATTI_PLAZA,,Grand Total:
,,,,,,,,purchase_bills\SATTI_PLAZA_Bill_19_BILL-18-591.xlsx,purchase_bills,SATTI_PLAZA,,Payment Status:
Prepared by:,,Asif,,,,,,purchase_bills\SATTI_PLAZA_Bill_19_BILL-18-591.xlsx,purchase_bills,SATTI_PLAZA,,
Invoice #,BILL/14/297,Vendor:,,,,,,purchase_bills\SATTI_PLAZA_Bill_20_BILL_14_297.xlsx,purchase_bills,SATTI_PLAZA,Hafiz Glass & Aluminum,
Project,SATTI_PLAZA,Date:,,,,,,purchase_bills\SATTI_PLAZA_Bill_20_BILL_14_297.xlsx,purchase_bills,SATTI_PLAZA,16/06/2013,
1,GI_PIPE_2INCH,"2"" GI Pipe",,302.0,18331.4,,,purchase_bills\SATTI_PLAZA_Bill_20_BILL_14_297.xlsx,purchase_bills,SATTI_PLAZA,TBD,
2,CEM-OPC50,CEMENT-50,,1090.0,337900.0,,,purchase_bills\SATTI_PLAZA_Bill_20_BILL_14_297.xlsx,purchase_bills,SATTI_PLAZA,310.0,
3,WIRE-7/029,WIR-CP7,,105.0,39910.5,,,purchase_bills\SATTI_PLAZA_Bill_20_BILL_14_297.xlsx,purchase_bills,SATTI_PLAZA,380/-,
4,WC-STD,Standard WC/Commode,,13641.0,2385810.9,,,purchase_bills\SATTI_PLAZA_Bill_20_BILL_14_297.xlsx,purchase_bills,SATTI_PLAZA,174.9,
5,MR PLY 12,MR Ply 12,,2232.0,840124.8,,,purchase_bills\SATTI_PLAZA_Bill_20_BILL_14_297.xlsx,purchase_bills,SATTI_PLAZA,376.4,
6,"A.WIN 4""",al_window_4,,13066.0,346249.0,,,purchase_bills\SATTI_PLAZA_Bill_20_BILL_14_297.xlsx,purchase_bills,SATTI_PLAZA,26.5,
,,,,,4500121.0,,,purchase_bills\SATTI_PLAZA_Bill_20_BILL_14_297.xlsx,purchase_bills,SATTI_PLAZA,,
,,,,,,,,purchase_bills\SATTI_PLAZA_Bill_20_BILL_14_297.xlsx,purchase_bills,SATTI_PLAZA,,
Prepared by:,TARIQ,,,,,,,purchase_bills\SATTI_PLAZA_Bill_20_BILL_14_297.xlsx,purchase_bills,SATTI_PLAZA,,
