row_no,item_of_work,unit,qty,rate,amount,remarks,_source_file,_folder,_project
Bill No:,RB-SAT-C001-01,,,,,,contractor_bills\SATTI_APTS_C001_RunBill_01.xlsx,contractor_bills,SATTI_APTS
Date:,03-Nov-2016,,,,,,contractor_bills\SATTI_APTS_C001_RunBill_01.xlsx,contractor_bills,SATTI_APTS
Project:,SATTI_APTS,,,,,,contractor_bills\SATTI_APTS_C001_RunBill_01.xlsx,contractor_bills,SATTI_APTS
Contractor:,Ahmad & Bros Construction,,,,,,contractor_bills\SATTI_APTS_C001_RunBill_01.xlsx,contractor_bills,SATTI_APTS
Scope:,Civil Works,,,,,,contractor_bills\SATTI_APTS_C001_RunBill_01.xlsx,contractor_bills,SATTI_APTS
Contract Value:,3576572.53,,,,,,contractor_bills\SATTI_APTS_C001_RunBill_01.xlsx,contractor_bills,SATTI_APTS
WORK DONE THIS PERIOD,,,,,,,contractor_bills\SATTI_APTS_C001_RunBill_01.xlsx,contractor_bills,SATTI_APTS
1,PCC 1:4:8,cft,3256.8,2159.0,7031431.2,As per BOQ,contractor_bills\SATTI_APTS_C001_RunBill_01.xlsx,contractor_bills,SATTI_APTS
2,Painting,sft,3951.4,333.0,1315816.2,,contractor_bills\SATTI_APTS_C001_RunBill_01.xlsx,contractor_bills,SATTI_APTS
3,Plastering,sft,678.8,1295.0,879046.0,As per BOQ,contractor_bills\SATTI_APTS_C001_RunBill_01.xlsx,contractor_bills,SATTI_APTS
4,Door Frame,nos,2114.9,1926.0,4073297.4,Verified,contractor_bills\SATTI_APTS_C001_RunBill_01.xlsx,contractor_bills,SATTI_APTS
5,Electrical Wiring,point,420.2,2028.0,852165.6,,contractor_bills\SATTI_APTS_C001_RunBill_01.xlsx,contractor_bills,SATTI_APTS
6,Plumbing Fixture,nos,533.2,2498.0,1331933.6,As per BOQ,contractor_bills\SATTI_APTS_C001_RunBill_01.xlsx,contractor_bills,SATTI_APTS
7,Excavation,cft,4362.2,1605.0,7001331.0,Verified,contractor_bills\SATTI_APTS_C001_RunBill_01.xlsx,contractor_bills,SATTI_APTS
,,,,,393670.0,,contractor_bills\SATTI_APTS_C001_RunBill_01.xlsx,contractor_bills,SATTI_APTS
,,,,,1154256.44,,contractor_bills\SATTI_APTS_C001_RunBill_01.xlsx,contractor_bills,SATTI_APTS
,,,,,39367.03,,contractor_bills\SATTI_APTS_C001_RunBill_01.xlsx,contractor_bills,SATTI_APTS
,,,,,354303.23,,contractor_bills\SATTI_APTS_C001_RunBill_01.xlsx,contractor_bills,SATTI_APTS
Prepared:,,Checked:,,,,,contractor_bills\SATTI_APTS_C001_RunBill_01.xlsx,contractor_bills,SATTI_APTS
Bill No:,RB-SAT-C001-02,,,,,,contractor_bills\SATTI_APTS_C001_RunBill_02.xlsx,contractor_bills,SATTI_APTS
Date:,2016/05/12,,,,,,contractor_bills\SATTI_APTS_C001_RunBill_02.xlsx,contractor_bills,SATTI_APTS
Project:,SATTI_APTS,,,,,,contractor_bills\SATTI_APTS_C001_RunBill_02.xlsx,contractor_bills,SATTI_APTS
Contractor:,Ahmad & Bros Construction,,,,,,contractor_bills\SATTI_APTS_C001_RunBill_02.xlsx,contractor_bills,SATTI_APTS
Scope:,Civil Works,,,,,,contractor_bills\SATTI_APTS_C001_RunBill_02.xlsx,contractor_bills,SATTI_APTS
Contract Value:,619952.13,,,,,,contractor_bills\SATTI_APTS_C001_RunBill_02.xlsx,contractor_bills,SATTI_APTS
WORK DONE THIS PERIOD,,,,,,,contractor_bills\SATTI_APTS_C001_RunBill_02.xlsx,contractor_bills,SATTI_APTS
1,Electrical Wiring,point,4357.1,1898.0,8269775.8,Verified,contractor_bills\SATTI_APTS_C001_RunBill_02.xlsx,contractor_bills,SATTI_APTS
2,Excavation,cft,4464.9,383.0,1710056.7,,contractor_bills\SATTI_APTS_C001_RunBill_02.xlsx,contractor_bills,SATTI_APTS
3,RCC M20,cft,2129.8,1404.0,2990239.2,Disputed,contractor_bills\SATTI_APTS_C001_RunBill_02.xlsx,contractor_bills,SATTI_APTS
4,Window Frame,nos,4105.6,1950.0,8005920.0,As per BOQ,contractor_bills\SATTI_APTS_C001_RunBill_02.xlsx,contractor_bills,SATTI_APTS
5,Plastering,sft,3802.4,2258.0,8585819.2,Verified,contractor_bills\SATTI_APTS_C001_RunBill_02.xlsx,contractor_bills,SATTI_APTS
6,Flooring,sft,1120,623.0,697760.0,Verified,contractor_bills\SATTI_APTS_C001_RunBill_02.xlsx,contractor_bills,SATTI_APTS
7,Door Frame,nos,3590.1,1532.0,5500033.2,As per BOQ,contractor_bills\SATTI_APTS_C001_RunBill_02.xlsx,contractor_bills,SATTI_APTS
8,Brick Masonry,cft,"PKR 3,188",1077.0,3433691.4,Verified,contractor_bills\SATTI_APTS_C001_RunBill_02.xlsx,contractor_bills,SATTI_APTS
9,PCC 1:4:8,cft,842.6,147.0,,As per BOQ,contractor_bills\SATTI_APTS_C001_RunBill_02.xlsx,contractor_bills,SATTI_APTS
,,,,,70026.55,,contractor_bills\SATTI_APTS_C001_RunBill_02.xlsx,contractor_bills,SATTI_APTS
,,,,,61931.32,,contractor_bills\SATTI_APTS_C001_RunBill_02.xlsx,contractor_bills,SATTI_APTS
,,,,,7002.66,,contractor_bills\SATTI_APTS_C001_RunBill_02.xlsx,contractor_bills,SATTI_APTS
,,,,,63023.89,,contractor_bills\SATTI_APTS_C001_RunBill_02.xlsx,contractor_bills,SATTI_APTS
Prepared:,,Checked:,,,,,contractor_bills\SATTI_APTS_C001_RunBill_02.xlsx,contractor_bills,SATTI_APTS
Bill No:,RB-SAT-C001-03,,,,,,contractor_bills\SATTI_APTS_C001_RunBill_03.xlsx,contractor_bills,SATTI_APTS
Date:,"March 15, 2015",,,,,,contractor_bills\SATTI_APTS_C001_RunBill_03.xlsx,contractor_bills,SATTI_APTS
Project:,SATTI_APTS,,,,,,contractor_bills\SATTI_APTS_C001_RunBill_03.xlsx,contractor_bills,SATTI_APTS
Contractor:,Ahmad & Bros Construction,,,,,,contractor_bills\SATTI_APTS_C001_RunBill_03.xlsx,contractor_bills,SATTI_APTS
Scope:,Civil Works,,,,,,contractor_bills\SATTI_APTS_C001_RunBill_03.xlsx,contractor_bills,SATTI_APTS
Contract Value:,4393698.75,,,,,,contractor_bills\SATTI_APTS_C001_RunBill_03.xlsx,contractor_bills,SATTI_APTS
WORK DONE THIS PERIOD,,,,,,,contractor_bills\SATTI_APTS_C001_RunBill_03.xlsx,contractor_bills,SATTI_APTS
1,Excavation,cft,4915,2171.0,,,contractor_bills\SATTI_APTS_C001_RunBill_03.xlsx,contractor_bills,SATTI_APTS
2,Electrical Wiring,point,TBD,1994.0,8397731.0,As per BOQ,contractor_bills\SATTI_APTS_C001_RunBill_03.xlsx,contractor_bills,SATTI_APTS
3,Window Frame,nos,507.4,1357.0,688541.8,,contractor_bills\SATTI_APTS_C001_RunBill_03.xlsx,contractor_bills,SATTI_APTS
4,Door Frame,nos,3440.8,577.0,1985341.6,As per BOQ,contractor_bills\SATTI_APTS_C001_RunBill_03.xlsx,contractor_bills,SATTI_APTS
5,PCC 1:4:8,cft,"PKR 4,650",1959.0,9110329.5,Disputed,contractor_bills\SATTI_APTS_C001_RunBill_03.xlsx,contractor_bills,SATTI_APTS
6,Painting,sft,2076.4,,793184.8,,contractor_bills\SATTI_APTS_C001_RunBill_03.xlsx,contractor_bills,SATTI_APTS
7,Brick Masonry,cft,1701.4,1216.0,2068902.4,As per BOQ,contractor_bills\SATTI_APTS_C001_RunBill_03.xlsx,contractor_bills,SATTI_APTS
,,,,,232655.31,,contractor_bills\SATTI_APTS_C001_RunBill_03.xlsx,contractor_bills,SATTI_APTS
,,,,,859622.46,,contractor_bills\SATTI_APTS_C001_RunBill_03.xlsx,contractor_bills,SATTI_APTS
,,,,,23266.0,,contractor_bills\SATTI_APTS_C001_RunBill_03.xlsx,contractor_bills,SATTI_APTS
,,,,,209389.78,,contractor_bills\SATTI_APTS_C001_RunBill_03.xlsx,contractor_bills,SATTI_APTS
Prepared:,,Checked:,,,,,contractor_bills\SATTI_APTS_C001_RunBill_03.xlsx,contractor_bills,SATTI_APTS
Bill No:,RB-SAT-C002-01,,,,,,contractor_bills\SATTI_APTS_C002_RunBill_01.xlsx,contractor_bills,SATTI_APTS
Date:,2017/10/01,,,,,,contractor_bills\SATTI_APTS_C002_RunBill_01.xlsx,contractor_bills,SATTI_APTS
Project:,SATTI_APTS,,,,,,contractor_bills\SATTI_APTS_C002_RunBill_01.xlsx,contractor_bills,SATTI_APTS
Contractor:,Iqbal Electrical Contractors,,,,,,contractor_bills\SATTI_APTS_C002_RunBill_01.xlsx,contractor_bills,SATTI_APTS
Scope:,Electrical,,,,,,contractor_bills\SATTI_APTS_C002_RunBill_01.xlsx,contractor_bills,SATTI_APTS
Contract Value:,,,,,,,contractor_bills\SATTI_APTS_C002_RunBill_01.xlsx,contractor_bills,SATTI_APTS
WORK DONE THIS PERIOD,,,,,,,contractor_bills\SATTI_APTS_C002_RunBill_01.xlsx,contractor_bills,SATTI_APTS
1,PCC 1:4:8,cft,"1,292/-",650.0,839540.0,Verified,contractor_bills\SATTI_APTS_C002_RunBill_01.xlsx,contractor_bills,SATTI_APTS
2,Electrical Wiring,point,TBD,2261.0,8896356.7,,contractor_bills\SATTI_APTS_C002_RunBill_01.xlsx,contractor_bills,SATTI_APTS
3,RCC M20,cft,913.6,2283.0,2085748.8,,contractor_bills\SATTI_APTS_C002_RunBill_01.xlsx,contractor_bills,SATTI_APTS
4,Plumbing Fixture,nos,1532.4,2067.0,,,contractor_bills\SATTI_APTS_C002_RunBill_01.xlsx,contractor_bills,SATTI_APTS
5,Brick Masonry,cft,3375.3,1081.0,3648699.3,As per BOQ,contractor_bills\SATTI_APTS_C002_RunBill_01.xlsx,contractor_bills,SATTI_APTS
6,Excavation,cft,403.7,1191.0,480807.0,As per BOQ,contractor_bills\SATTI_APTS_C002_RunBill_01.xlsx,contractor_bills,SATTI_APTS
7,Flooring,sft,1731.3,1746.0,3022849.8,As per BOQ,contractor_bills\SATTI_APTS_C002_RunBill_01.xlsx,contractor_bills,SATTI_APTS
,,,,,99199.97,,contractor_bills\SATTI_APTS_C002_RunBill_01.xlsx,contractor_bills,SATTI_APTS
,,,,,946945.84,,contractor_bills\SATTI_APTS_C002_RunBill_01.xlsx,contractor_bills,SATTI_APTS
,,,,,9920.0,,contractor_bills\SATTI_APTS_C002_RunBill_01.xlsx,contractor_bills,SATTI_APTS
,,,,,89279.97,,contractor_bills\SATTI_APTS_C002_RunBill_01.xlsx,contractor_bills,SATTI_APTS
Prepared:,,Checked:,,,,,contractor_bills\SATTI_APTS_C002_RunBill_01.xlsx,contractor_bills,SATTI_APTS
Bill No:,RB-SAT-C002-02,,,,,,contractor_bills\SATTI_APTS_C002_RunBill_02.xlsx,contractor_bills,SATTI_APTS
Date:,03/09/15,,,,,,contractor_bills\SATTI_APTS_C002_RunBill_02.xlsx,contractor_bills,SATTI_APTS
Project:,SATTI_APTS,,,,,,contractor_bills\SATTI_APTS_C002_RunBill_02.xlsx,contractor_bills,SATTI_APTS
Contractor:,Iqbal Electrical Contractors,,,,,,contractor_bills\SATTI_APTS_C002_RunBill_02.xlsx,contractor_bills,SATTI_APTS
Scope:,Electrical,,,,,,contractor_bills\SATTI_APTS_C002_RunBill_02.xlsx,contractor_bills,SATTI_APTS
Contract Value:,2975578.21,,,,,,contractor_bills\SATTI_APTS_C002_RunBill_02.xlsx,contractor_bills,SATTI_APTS
WORK DONE THIS PERIOD,,,,,,,contractor_bills\SATTI_APTS_C002_RunBill_02.xlsx,contractor_bills,SATTI_APTS
1,Excavation,cft,2791.9,267.0,745437.3,,contractor_bills\SATTI_APTS_C002_RunBill_02.xlsx,contractor_bills,SATTI_APTS
2,Window Frame,nos,PKR 662,1121.0,741877.8,,contractor_bills\SATTI_APTS_C002_RunBill_02.xlsx,contractor_bills,SATTI_APTS
3,Brick Masonry,cft,3845,2359.0,9070355.0,As per BOQ,contractor_bills\SATTI_APTS_C002_RunBill_02.xlsx,contractor_bills,SATTI_APTS
4,Door Frame,nos,3929.3,2450.0,9626785.0,Disputed,contractor_bills\SATTI_APTS_C002_RunBill_02.xlsx,contractor_bills,SATTI_APTS
5,Flooring,sft,205,436.0,89380.0,Verified,contractor_bills\SATTI_APTS_C002_RunBill_02.xlsx,contractor_bills,SATTI_APTS
6,Painting,sft,,2146.0,,Disputed,contractor_bills\SATTI_APTS_C002_RunBill_02.xlsx,contractor_bills,SATTI_APTS
,,,,,541931.15,,contractor_bills\SATTI_APTS_C002_RunBill_02.xlsx,contractor_bills,SATTI_APTS
,,,,,895372.12,,contractor_bills\SATTI_APTS_C002_RunBill_02.xlsx,contractor_bills,SATTI_APTS
,,,,,54193.12,,contractor_bills\SATTI_APTS_C002_RunBill_02.xlsx,contractor_bills,SATTI_APTS
,,,,,487738.03,,contractor_bills\SATTI_APTS_C002_RunBill_02.xlsx,contractor_bills,SATTI_APTS
Prepared:,,Checked:,,,,,contractor_bills\SATTI_APTS_C002_RunBill_02.xlsx,contractor_bills,SATTI_APTS
Bill No:,RB-SAT-C002-03,,,,,,contractor_bills\SATTI_APTS_C002_RunBill_03.xlsx,contractor_bills,SATTI_APTS
Date:,30.04.2016,,,,,,contractor_bills\SATTI_APTS_C002_RunBill_03.xlsx,contractor_bills,SATTI_APTS
Project:,SATTI_APTS,,,,,,contractor_bills\SATTI_APTS_C002_RunBill_03.xlsx,contractor_bills,SATTI_APTS
Contractor:,Iqbal Electrical Contractors,,,,,,contractor_bills\SATTI_APTS_C002_RunBill_03.xlsx,contractor_bills,SATTI_APTS
Scope:,Electrical,,,,,,contractor_bills\SATTI_APTS_C002_RunBill_03.xlsx,contractor_bills,SATTI_APTS
Contract Value:,11539756.17,,,,,,contractor_bills\SATTI_APTS_C002_RunBill_03.xlsx,contractor_bills,SATTI_APTS
WORK DONE THIS PERIOD,,,,,,,contractor_bills\SATTI_APTS_C002_RunBill_03.xlsx,contractor_bills,SATTI_APTS
1,Electrical Wiring,point,4669.8,1868.0,8723186.4,Disputed,contractor_bills\SATTI_APTS_C002_RunBill_03.xlsx,contractor_bills,SATTI_APTS
2,RCC M20,cft,3092.7,1001.0,3095792.7,,contractor_bills\SATTI_APTS_C002_RunBill_03.xlsx,contractor_bills,SATTI_APTS
3,Brick Masonry,cft,4334.3,1392.0,6033345.6,,contractor_bills\SATTI_APTS_C002_RunBill_03.xlsx,contractor_bills,SATTI_APTS
4,Plumbing Fixture,nos,2987.7,2111.0,6307034.7,Disputed,contractor_bills\SATTI_APTS_C002_RunBill_03.xlsx,contractor_bills,SATTI_APTS
5,Painting,sft,492.9,2096.0,1033118.0,,contractor_bills\SATTI_APTS_C002_RunBill_03.xlsx,contractor_bills,SATTI_APTS
6,Window Frame,nos,3314.1,1410.0,4672881.0,,contractor_bills\SATTI_APTS_C002_RunBill_03.xlsx,contractor_bills,SATTI_APTS
7,PCC 1:4:8,cft,TBD,2433.0,3776259.3,,contractor_bills\SATTI_APTS_C002_RunBill_03.xlsx,contractor_bills,SATTI_APTS
,,,,,612682.32,,contractor_bills\SATTI_APTS_C002_RunBill_03.xlsx,contractor_bills,SATTI_APTS
,,,,,15980.68,,contractor_bills\SATTI_APTS_C002_RunBill_03.xlsx,contractor_bills,SATTI_APTS
,,,,,61268.23,,contractor_bills\SATTI_APTS_C002_RunBill_03.xlsx,contractor_bills,SATTI_APTS
,,,,,551414.09,,contractor_bills\SATTI_APTS_C002_RunBill_03.xlsx,contractor_bills,SATTI_APTS
Prepared:,,Checked:,,,,,contractor_bills\SATTI_APTS_C002_RunBill_03.xlsx,contractor_bills,SATTI_APTS
Bill No:,RB-SAT-C002-04,,,,,,contractor_bills\SATTI_APTS_C002_RunBill_04.xlsx,contractor_bills,SATTI_APTS
Date:,31-Aug-2017,,,,,,contractor_bills\SATTI_APTS_C002_RunBill_04.xlsx,contractor_bills,SATTI_APTS
Project:,SATTI_APTS,,,,,,contractor_bills\SATTI_APTS_C002_RunBill_04.xlsx,contractor_bills,SATTI_APTS
Contractor:,Iqbal Electrical Contractors,,,,,,contractor_bills\SATTI_APTS_C002_RunBill_04.xlsx,contractor_bills,SATTI_APTS
Scope:,Electrical,,,,,,contractor_bills\SATTI_APTS_C002_RunBill_04.xlsx,contractor_bills,SATTI_APTS
Contract Value:,5163948.79,,,,,,contractor_bills\SATTI_APTS_C002_RunBill_04.xlsx,contractor_bills,SATTI_APTS
WORK DONE THIS PERIOD,,,,,,,contractor_bills\SATTI_APTS_C002_RunBill_04.xlsx,contractor_bills,SATTI_APTS
1,Plumbing Fixture,nos,"PKR 4,613",758.0,3496654.0,,contractor_bills\SATTI_APTS_C002_RunBill_04.xlsx,contractor_bills,SATTI_APTS
2,Brick Masonry,cft,2509,222.0,556998.0,As per BOQ,contractor_bills\SATTI_APTS_C002_RunBill_04.xlsx,contractor_bills,SATTI_APTS
3,Window Frame,nos,1799,,4369771.0,Verified,contractor_bills\SATTI_APTS_C002_RunBill_04.xlsx,contractor_bills,SATTI_APTS
4,Door Frame,nos,,772.0,74729.6,As per BOQ,contractor_bills\SATTI_APTS_C002_RunBill_04.xlsx,contractor_bills,SATTI_APTS
5,Plastering,sft,1666.8,1395.0,2325186.0,Verified,contractor_bills\SATTI_APTS_C002_RunBill_04.xlsx,contractor_bills,SATTI_APTS
,,,,,728537.0,,contractor_bills\SATTI_APTS_C002_RunBill_04.xlsx,contractor_bills,SATTI_APTS
,,,,,3410347.95,,contractor_bills\SATTI_APTS_C002_RunBill_04.xlsx,contractor_bills,SATTI_APTS
,,,,,72853.73,,contractor_bills\SATTI_APTS_C002_RunBill_04.xlsx,contractor_bills,SATTI_APTS
,,,,,655683.5700000001,,contractor_bills\SATTI_APTS_C002_RunBill_04.xlsx,contractor_bills,SATTI_APTS
Prepared:,,Checked:,,,,,contractor_bills\SATTI_APTS_C002_RunBill_04.xlsx,contractor_bills,SATTI_APTS
Bill No:,RB-SAT-C002-05,,,,,,contractor_bills\SATTI_APTS_C002_RunBill_05.xlsx,contractor_bills,SATTI_APTS
Date:,04-May-2015,,,,,,contractor_bills\SATTI_APTS_C002_RunBill_05.xlsx,contractor_bills,SATTI_APTS
Project:,SATTI_APTS,,,,,,contractor_bills\SATTI_APTS_C002_RunBill_05.xlsx,contractor_bills,SATTI_APTS
Contractor:,Iqbal Electrical Contractors,,,,,,contractor_bills\SATTI_APTS_C002_RunBill_05.xlsx,contractor_bills,SATTI_APTS
Scope:,Electrical,,,,,,contractor_bills\SATTI_APTS_C002_RunBill_05.xlsx,contractor_bills,SATTI_APTS
Contract Value:,1382067.74,,,,,,contractor_bills\SATTI_APTS_C002_RunBill_05.xlsx,contractor_bills,SATTI_APTS
WORK DONE THIS PERIOD,,,,,,,contractor_bills\SATTI_APTS_C002_RunBill_05.xlsx,contractor_bills,SATTI_APTS
1,Painting,sft,1567.2,1827.0,,As per BOQ,contractor_bills\SATTI_APTS_C002_RunBill_05.xlsx,contractor_bills,SATTI_APTS
2,Excavation,cft,2100.6,586.0,1230951.6,,contractor_bills\SATTI_APTS_C002_RunBill_05.xlsx,contractor_bills,SATTI_APTS
3,Door Frame,nos,1671.2,67.0,111970.4,As per BOQ,contractor_bills\SATTI_APTS_C002_RunBill_05.xlsx,contractor_bills,SATTI_APTS
4,Flooring,sft,1552.5,2121.0,3292852.5,,contractor_bills\SATTI_APTS_C002_RunBill_05.xlsx,contractor_bills,SATTI_APTS
5,Brick Masonry,cft,2055.1,464.0,953566.4,As per BOQ,contractor_bills\SATTI_APTS_C002_RunBill_05.xlsx,contractor_bills,SATTI_APTS
6,RCC M20,cft,3344.2,499.0,1668755.8,Disputed,contractor_bills\SATTI_APTS_C002_RunBill_05.xlsx,contractor_bills,SATTI_APTS
7,PCC 1:4:8,cft,1943.3,910.0,,As per BOQ,contractor_bills\SATTI_APTS_C002_RunBill_05.xlsx,contractor_bills,SATTI_APTS
8,Plumbing Fixture,nos,392.2,2320.0,909904.0,,contractor_bills\SATTI_APTS_C002_RunBill_05.xlsx,contractor_bills,SATTI_APTS
,,,,,114517.43,,contractor_bills\SATTI_APTS_C002_RunBill_05.xlsx,contractor_bills,SATTI_APTS
,,,,,582030.92,,contractor_bills\SATTI_APTS_C002_RunBill_05.xlsx,contractor_bills,SATTI_APTS
,,,,,11451.74,,contractor_bills\SATTI_APTS_C002_RunBill_05.xlsx,contractor_bills,SATTI_APTS
,,,,,103065.69,,contractor_bills\SATTI_APTS_C002_RunBill_05.xlsx,contractor_bills,SATTI_APTS
Prepared:,,Checked:,,,,,contractor_bills\SATTI_APTS_C002_RunBill_05.xlsx,contractor_bills,SATTI_APTS
Bill No:,RB-SAT-C002-06,,,,,,contractor_bills\SATTI_APTS_C002_RunBill_06.xlsx,contractor_bills,SATTI_APTS
Date:,12-Aug-2015,,,,,,contractor_bills\SATTI_APTS_C002_RunBill_06.xlsx,contractor_bills,SATTI_APTS
Project:,SATTI_APTS,,,,,,contractor_bills\SATTI_APTS_C002_RunBill_06.xlsx,contractor_bills,SATTI_APTS
Contractor:,Iqbal Electrical Contractors,,,,,,contractor_bills\SATTI_APTS_C002_RunBill_06.xlsx,contractor_bills,SATTI_APTS
Scope:,Electrical,,,,,,contractor_bills\SATTI_APTS_C002_RunBill_06.xlsx,contractor_bills,SATTI_APTS
Contract Value:,"PKR 10,104,676",,,,,,contractor_bills\SATTI_APTS_C002_RunBill_06.xlsx,contractor_bills,SATTI_APTS
WORK DONE THIS PERIOD,,,,,,,contractor_bills\SATTI_APTS_C002_RunBill_06.xlsx,contractor_bills,SATTI_APTS
1,RCC M20,cft,4218.9,,6459135.9,As per BOQ,contractor_bills\SATTI_APTS_C002_RunBill_06.xlsx,contractor_bills,SATTI_APTS
2,PCC 1:4:8,cft,2004.4,1743.0,3493669.0,,contractor_bills\SATTI_APTS_C002_RunBill_06.xlsx,contractor_bills,SATTI_APTS
3,Painting,sft,TBD,1258.0,4471183.6,Disputed,contractor_bills\SATTI_APTS_C002_RunBill_06.xlsx,contractor_bills,SATTI_APTS
4,Flooring,sft,4287.3,1101.0,4720317.3,Verified,contractor_bills\SATTI_APTS_C002_RunBill_06.xlsx,contractor_bills,SATTI_APTS
,,,,,1473936.7,,contractor_bills\SATTI_APTS_C002_RunBill_06.xlsx,contractor_bills,SATTI_APTS
,,,,,4089632.94,,contractor_bills\SATTI_APTS_C002_RunBill_06.xlsx,contractor_bills,SATTI_APTS
,,,,,147393.67,,contractor_bills\SATTI_APTS_C002_RunBill_06.xlsx,contractor_bills,SATTI_APTS
,,,,,1326543.03,,contractor_bills\SATTI_APTS_C002_RunBill_06.xlsx,contractor_bills,SATTI_APTS
Prepared:,,Checked:,,,,,contractor_bills\SATTI_APTS_C002_RunBill_06.xlsx,contractor_bills,SATTI_APTS
Bill No:,RB-SAT-C003-01,,,,,,contractor_bills\SATTI_APTS_C003_RunBill_01.xlsx,contractor_bills,SATTI_APTS
Date:,2018/06/14,,,,,,contractor_bills\SATTI_APTS_C003_RunBill_01.xlsx,contractor_bills,SATTI_APTS
Project:,SATTI_APTS,,,,,,contractor_bills\SATTI_APTS_C003_RunBill_01.xlsx,contractor_bills,SATTI_APTS
Contractor:,Rehman Plumbing Works,,,,,,contractor_bills\SATTI_APTS_C003_RunBill_01.xlsx,contractor_bills,SATTI_APTS
Scope:,Plumbing,,,,,,contractor_bills\SATTI_APTS_C003_RunBill_01.xlsx,contractor_bills,SATTI_APTS
Contract Value:,12119875.88,,,,,,contractor_bills\SATTI_APTS_C003_RunBill_01.xlsx,contractor_bills,SATTI_APTS
WORK DONE THIS PERIOD,,,,,,,contractor_bills\SATTI_APTS_C003_RunBill_01.xlsx,contractor_bills,SATTI_APTS
1,Excavation,cft,1931.4,2469.0,4768626.6,,contractor_bills\SATTI_APTS_C003_RunBill_01.xlsx,contractor_bills,SATTI_APTS
2,Brick Masonry,cft,2758.3,1501.0,4140208.0,Verified,contractor_bills\SATTI_APTS_C003_RunBill_01.xlsx,contractor_bills,SATTI_APTS
3,Door Frame,nos,75.9,780.0,59202.0,Disputed,contractor_bills\SATTI_APTS_C003_RunBill_01.xlsx,contractor_bills,SATTI_APTS
4,RCC M20,cft,2952.6,1193.0,3522451.8,,contractor_bills\SATTI_APTS_C003_RunBill_01.xlsx,contractor_bills,SATTI_APTS
5,Plumbing Fixture,nos,,2216.0,8400412.8,,contractor_bills\SATTI_APTS_C003_RunBill_01.xlsx,contractor_bills,SATTI_APTS
6,Painting,sft,4953.2,1818.0,9004917.6,Disputed,contractor_bills\SATTI_APTS_C003_RunBill_01.xlsx,contractor_bills,SATTI_APTS
7,Plastering,sft,"PKR 1,650",943.0,1555950.0,Disputed,contractor_bills\SATTI_APTS_C003_RunBill_01.xlsx,contractor_bills,SATTI_APTS
,,,,,2411380.97,,contractor_bills\SATTI_APTS_C003_RunBill_01.xlsx,contractor_bills,SATTI_APTS
,,,,,,,contractor_bills\SATTI_APTS_C003_RunBill_01.xlsx,contractor_bills,SATTI_APTS
,,,,,241138.1,,contractor_bills\SATTI_APTS_C003_RunBill_01.xlsx,contractor_bills,SATTI_APTS
,,,,,2170242.87,,contractor_bills\SATTI_APTS_C003_RunBill_01.xlsx,contractor_bills,SATTI_APTS
Prepared:,,Checked:,,,,,contractor_bills\SATTI_APTS_C003_RunBill_01.xlsx,contractor_bills,SATTI_APTS
Bill No:,RB-SAT-C003-02,,,,,,contractor_bills\SATTI_APTS_C003_RunBill_02.xlsx,contractor_bills,SATTI_APTS
Date:,04.02.2016,,,,,,contractor_bills\SATTI_APTS_C003_RunBill_02.xlsx,contractor_bills,SATTI_APTS
Project:,SATTI_APTS,,,,,,contractor_bills\SATTI_APTS_C003_RunBill_02.xlsx,contractor_bills,SATTI_APTS
Contractor:,Rehman Plumbing Works,,,,,,contractor_bills\SATTI_APTS_C003_RunBill_02.xlsx,contractor_bills,SATTI_APTS
Scope:,Plumbing,,,,,,contractor_bills\SATTI_APTS_C003_RunBill_02.xlsx,contractor_bills,SATTI_APTS
Contract Value:,8592619.78,,,,,,contractor_bills\SATTI_APTS_C003_RunBill_02.xlsx,contractor_bills,SATTI_APTS
WORK DONE THIS PERIOD,,,,,,,contractor_bills\SATTI_APTS_C003_RunBill_02.xlsx,contractor_bills,SATTI_APTS
1,Plumbing Fixture,nos,"PKR 2,431",2102.0,5109962.0,,contractor_bills\SATTI_APTS_C003_RunBill_02.xlsx,contractor_bills,SATTI_APTS
2,Flooring,sft,44.8,2006.0,89868.8,Verified,contractor_bills\SATTI_APTS_C003_RunBill_02.xlsx,contractor_bills,SATTI_APTS
3,Plastering,sft,"PKR 2,333",,5662191.0,Verified,contractor_bills\SATTI_APTS_C003_RunBill_02.xlsx,contractor_bills,SATTI_APTS
4,Door Frame,nos,3842.5,,2201752.5,,contractor_bills\SATTI_APTS_C003_RunBill_02.xlsx,contractor_bills,SATTI_APTS
5,Brick Masonry,cft,199.9,2484.0,496551.6,Disputed,contractor_bills\SATTI_APTS_C003_RunBill_02.xlsx,contractor_bills,SATTI_APTS
6,Excavation,cft,3335.2,99.0,330184.8,Disputed,contractor_bills\SATTI_APTS_C003_RunBill_02.xlsx,contractor_bills,SATTI_APTS
7,Window Frame,nos,600.8,1466.0,880772.8,As per BOQ,contractor_bills\SATTI_APTS_C003_RunBill_02.xlsx,contractor_bills,SATTI_APTS
8,PCC 1:4:8,cft,284,333.0,94572.0,,contractor_bills\SATTI_APTS_C003_RunBill_02.xlsx,contractor_bills,SATTI_APTS
,,,,,1508590.33,,contractor_bills\SATTI_APTS_C003_RunBill_02.xlsx,contractor_bills,SATTI_APTS
,,,,,4066001.9,,contractor_bills\SATTI_APTS_C003_RunBill_02.xlsx,contractor_bills,SATTI_APTS
,,,,,150859.03,,contractor_bills\SATTI_APTS_C003_RunBill_02.xlsx,contractor_bills,SATTI_APTS
,,,,,1357731.3,,contractor_bills\SATTI_APTS_C003_RunBill_02.xlsx,contractor_bills,SATTI_APTS
Prepared:,,Checked:,,,,,contractor_bills\SATTI_APTS_C003_RunBill_02.xlsx,contractor_bills,SATTI_APTS
Bill No:,RB-SAT-C003-03,,,,,,contractor_bills\SATTI_APTS_C003_RunBill_03.xlsx,contractor_bills,SATTI_APTS
Date:,03/02/18,,,,,,contractor_bills\SATTI_APTS_C003_RunBill_03.xlsx,contractor_bills,SATTI_APTS
Project:,SATTI_APTS,,,,,,contractor_bills\SATTI_APTS_C003_RunBill_03.xlsx,contractor_bills,SATTI_APTS
Contractor:,Rehman Plumbing Works,,,,,,contractor_bills\SATTI_APTS_C003_RunBill_03.xlsx,contractor_bills,SATTI_APTS
Scope:,Plumbing,,,,,,contractor_bills\SATTI_APTS_C003_RunBill_03.xlsx,contractor_bills,SATTI_APTS
Contract Value:,11619234.42,,,,,,contractor_bills\SATTI_APTS_C003_RunBill_03.xlsx,contractor_bills,SATTI_APTS
WORK DONE THIS PERIOD,,,,,,,contractor_bills\SATTI_APTS_C003_RunBill_03.xlsx,contractor_bills,SATTI_APTS
1,Door Frame,nos,3567.4,650.0,2318810.0,As per BOQ,contractor_bills\SATTI_APTS_C003_RunBill_03.xlsx,contractor_bills,SATTI_APTS
2,Painting,sft,PKR 463,58.0,26836.6,Disputed,contractor_bills\SATTI_APTS_C003_RunBill_03.xlsx,contractor_bills,SATTI_APTS
3,Window Frame,nos,3845.8,431.0,1657539.8,,contractor_bills\SATTI_APTS_C003_RunBill_03.xlsx,contractor_bills,SATTI_APTS
4,Flooring,sft,1241.4,876.0,1087466.4,,contractor_bills\SATTI_APTS_C003_RunBill_03.xlsx,contractor_bills,SATTI_APTS
5,Electrical Wiring,point,4530.1,2274.0,10301447.4,Verified,contractor_bills\SATTI_APTS_C003_RunBill_03.xlsx,contractor_bills,SATTI_APTS
6,RCC M20,cft,2493.8,,725695.8,,contractor_bills\SATTI_APTS_C003_RunBill_03.xlsx,contractor_bills,SATTI_APTS
7,Brick Masonry,cft,4062.4,1182.0,,Verified,contractor_bills\SATTI_APTS_C003_RunBill_03.xlsx,contractor_bills,SATTI_APTS
,,,,,853794.26,,contractor_bills\SATTI_APTS_C003_RunBill_03.xlsx,contractor_bills,SATTI_APTS
,,,,,7261459.43,,contractor_bills\SATTI_APTS_C003_RunBill_03.xlsx,contractor_bills,SATTI_APTS
,,,,,85379.43,,contractor_bills\SATTI_APTS_C003_RunBill_03.xlsx,contractor_bills,SATTI_APTS
,,,,,768414.8300000001,,contractor_bills\SATTI_APTS_C003_RunBill_03.xlsx,contractor_bills,SATTI_APTS
Prepared:,,Checked:,,,,,contractor_bills\SATTI_APTS_C003_RunBill_03.xlsx,contractor_bills,SATTI_APTS
Bill No:,RB-SAT-C003-04,,,,,,contractor_bills\SATTI_APTS_C003_RunBill_04.xlsx,contractor_bills,SATTI_APTS
Date:,03/10/2017,,,,,,contractor_bills\SATTI_APTS_C003_RunBill_04.xlsx,contractor_bills,SATTI_APTS
Project:,SATTI_APTS,,,,,,contractor_bills\SATTI_APTS_C003_RunBill_04.xlsx,contractor_bills,SATTI_APTS
Contractor:,Rehman Plumbing Works,,,,,,contractor_bills\SATTI_APTS_C003_RunBill_04.xlsx,contractor_bills,SATTI_APTS
Scope:,Plumbing,,,,,,contractor_bills\SATTI_APTS_C003_RunBill_04.xlsx,contractor_bills,SATTI_APTS
Contract Value:,"PKR 7,294,175",,,,,,contractor_bills\SATTI_APTS_C003_RunBill_04.xlsx,contractor_bills,SATTI_APTS
WORK DONE THIS PERIOD,,,,,,,contractor_bills\SATTI_APTS_C003_RunBill_04.xlsx,contractor_bills,SATTI_APTS
1,Plastering,sft,,447.0,859491.6,,contractor_bills\SATTI_APTS_C003_RunBill_04.xlsx,contractor_bills,SATTI_APTS
2,PCC 1:4:8,cft,746,1155.0,861630.0,Disputed,contractor_bills\SATTI_APTS_C003_RunBill_04.xlsx,contractor_bills,SATTI_APTS
3,Plumbing Fixture,nos,1260.9,75.0,94567.5,Disputed,contractor_bills\SATTI_APTS_C003_RunBill_04.xlsx,contractor_bills,SATTI_APTS
4,Painting,sft,4299.7,1781.0,7657765.7,Disputed,contractor_bills\SATTI_APTS_C003_RunBill_04.xlsx,contractor_bills,SATTI_APTS
5,Door Frame,nos,3461.2,927.0,3208532.4,,contractor_bills\SATTI_APTS_C003_RunBill_04.xlsx,contractor_bills,SATTI_APTS
6,Brick Masonry,cft,3040.8,1046.0,3180676.8,,contractor_bills\SATTI_APTS_C003_RunBill_04.xlsx,contractor_bills,SATTI_APTS
7,Electrical Wiring,point,"2,961/-",623.0,1844516.1,As per BOQ,contractor_bills\SATTI_APTS_C003_RunBill_04.xlsx,contractor_bills,SATTI_APTS
,,,,,435452.63,,contractor_bills\SATTI_APTS_C003_RunBill_04.xlsx,contractor_bills,SATTI_APTS
,,,,,187277.0,,contractor_bills\SATTI_APTS_C003_RunBill_04.xlsx,contractor_bills,SATTI_APTS
,,,,,43545.26,,contractor_bills\SATTI_APTS_C003_RunBill_04.xlsx,contractor_bills,SATTI_APTS
,,,,,391907.37,,contractor_bills\SATTI_APTS_C003_RunBill_04.xlsx,contractor_bills,SATTI_APTS
Prepared:,,Checked:,,,,,contractor_bills\SATTI_APTS_C003_RunBill_04.xlsx,contractor_bills,SATTI_APTS
Bill No:,RB-SAT-C004-01,,,,,,contractor_bills\SATTI_APTS_C004_RunBill_01.xlsx,contractor_bills,SATTI_APTS
Date:,27-Oct-2017,,,,,,contractor_bills\SATTI_APTS_C004_RunBill_01.xlsx,contractor_bills,SATTI_APTS
Project:,SATTI_APTS,,,,,,contractor_bills\SATTI_APTS_C004_RunBill_01.xlsx,contractor_bills,SATTI_APTS
Contractor:,Noor Finishing & Interior,,,,,,contractor_bills\SATTI_APTS_C004_RunBill_01.xlsx,contractor_bills,SATTI_APTS
Scope:,Finishing,,,,,,contractor_bills\SATTI_APTS_C004_RunBill_01.xlsx,contractor_bills,SATTI_APTS
Contract Value:,3400214.55,,,,,,contractor_bills\SATTI_APTS_C004_RunBill_01.xlsx,contractor_bills,SATTI_APTS
WORK DONE THIS PERIOD,,,,,,,contractor_bills\SATTI_APTS_C004_RunBill_01.xlsx,contractor_bills,SATTI_APTS
1,Excavation,cft,4303.0,1886.0,,As per BOQ,contractor_bills\SATTI_APTS_C004_RunBill_01.xlsx,contractor_bills,SATTI_APTS
2,Brick Masonry,cft,3220.9,1231.0,3964927.9,Verified,contractor_bills\SATTI_APTS_C004_RunBill_01.xlsx,contractor_bills,SATTI_APTS
3,Window Frame,nos,2455.6,1537.0,,Verified,contractor_bills\SATTI_APTS_C004_RunBill_01.xlsx,contractor_bills,SATTI_APTS
4,Plastering,sft,4416.4,961.0,4244160.4,,contractor_bills\SATTI_APTS_C004_RunBill_01.xlsx,contractor_bills,SATTI_APTS
5,PCC 1:4:8,cft,1880.2,2353.0,4424111.0,,contractor_bills\SATTI_APTS_C004_RunBill_01.xlsx,contractor_bills,SATTI_APTS
6,Flooring,sft,TBD,122.0,110300.2,,contractor_bills\SATTI_APTS_C004_RunBill_01.xlsx,contractor_bills,SATTI_APTS
7,Electrical Wiring,point,79.4,,197864.8,Disputed,contractor_bills\SATTI_APTS_C004_RunBill_01.xlsx,contractor_bills,SATTI_APTS
8,Painting,sft,312.1,1389.0,433506.9,,contractor_bills\SATTI_APTS_C004_RunBill_01.xlsx,contractor_bills,SATTI_APTS
,,,,,212755.51,,contractor_bills\SATTI_APTS_C004_RunBill_01.xlsx,contractor_bills,SATTI_APTS
,,,,,995189.0,,contractor_bills\SATTI_APTS_C004_RunBill_01.xlsx,contractor_bills,SATTI_APTS
,,,,,21275.55,,contractor_bills\SATTI_APTS_C004_RunBill_01.xlsx,contractor_bills,SATTI_APTS
,,,,,191479.96,,contractor_bills\SATTI_APTS_C004_RunBill_01.xlsx,contractor_bills,SATTI_APTS
Prepared:,,Checked:,,,,,contractor_bills\SATTI_APTS_C004_RunBill_01.xlsx,contractor_bills,SATTI_APTS
Bill No:,RB-SAT-C004-02,,,,,,contractor_bills\SATTI_APTS_C004_RunBill_02.xlsx,contractor_bills,SATTI_APTS
Date:,20-May-2015,,,,,,contractor_bills\SATTI_APTS_C004_RunBill_02.xlsx,contractor_bills,SATTI_APTS
Project:,SATTI_APTS,,,,,,contractor_bills\SATTI_APTS_C004_RunBill_02.xlsx,contractor_bills,SATTI_APTS
Contractor:,Noor Finishing & Interior,,,,,,contractor_bills\SATTI_APTS_C004_RunBill_02.xlsx,contractor_bills,SATTI_APTS
Scope:,Finishing,,,,,,contractor_bills\SATTI_APTS_C004_RunBill_02.xlsx,contractor_bills,SATTI_APTS
Contract Value:,13378497.72,,,,,,contractor_bills\SATTI_APTS_C004_RunBill_02.xlsx,contractor_bills,SATTI_APTS
WORK DONE THIS PERIOD,,,,,,,contractor_bills\SATTI_APTS_C004_RunBill_02.xlsx,contractor_bills,SATTI_APTS
1,Painting,sft,4089.9,1398.0,5717680.2,As per BOQ,contractor_bills\SATTI_APTS_C004_RunBill_02.xlsx,contractor_bills,SATTI_APTS
2,Plastering,sft,3506.6,2479.0,8692861.0,,contractor_bills\SATTI_APTS_C004_RunBill_02.xlsx,contractor_bills,SATTI_APTS
3,Excavation,cft,"PKR 1,944",903.0,1755612.6,Disputed,contractor_bills\SATTI_APTS_C004_RunBill_02.xlsx,contractor_bills,SATTI_APTS
4,RCC M20,cft,4153.9,1810.0,7518559.0,Disputed,contractor_bills\SATTI_APTS_C004_RunBill_02.xlsx,contractor_bills,SATTI_APTS
5,Door Frame,nos,2769.3,794.0,2198824.2,,contractor_bills\SATTI_APTS_C004_RunBill_02.xlsx,contractor_bills,SATTI_APTS
6,Electrical Wiring,point,2268.7,51.0,115703.7,Disputed,contractor_bills\SATTI_APTS_C004_RunBill_02.xlsx,contractor_bills,SATTI_APTS
7,Plumbing Fixture,nos,4968.6,1896.0,9420466.0,,contractor_bills\SATTI_APTS_C004_RunBill_02.xlsx,contractor_bills,SATTI_APTS
,,,,,2558026.89,,contractor_bills\SATTI_APTS_C004_RunBill_02.xlsx,contractor_bills,SATTI_APTS
,,,,,6417339.19,,contractor_bills\SATTI_APTS_C004_RunBill_02.xlsx,contractor_bills,SATTI_APTS
,,,,,255802.69,,contractor_bills\SATTI_APTS_C004_RunBill_02.xlsx,contractor_bills,SATTI_APTS
,,,,,,,contractor_bills\SATTI_APTS_C004_RunBill_02.xlsx,contractor_bills,SATTI_APTS
Prepared:,,Checked:,,,,,contractor_bills\SATTI_APTS_C004_RunBill_02.xlsx,contractor_bills,SATTI_APTS
Bill No:,RB-SAT-C004-03,,,,,,contractor_bills\SATTI_APTS_C004_RunBill_03.xlsx,contractor_bills,SATTI_APTS
Date:,04/06/15,,,,,,contractor_bills\SATTI_APTS_C004_RunBill_03.xlsx,contractor_bills,SATTI_APTS
Project:,SATTI_APTS,,,,,,contractor_bills\SATTI_APTS_C004_RunBill_03.xlsx,contractor_bills,SATTI_APTS
Contractor:,Noor Finishing & Interior,,,,,,contractor_bills\SATTI_APTS_C004_RunBill_03.xlsx,contractor_bills,SATTI_APTS
Scope:,Finishing,,,,,,contractor_bills\SATTI_APTS_C004_RunBill_03.xlsx,contractor_bills,SATTI_APTS
Contract Value:,2905607.27,,,,,,contractor_bills\SATTI_APTS_C004_RunBill_03.xlsx,contractor_bills,SATTI_APTS
WORK DONE THIS PERIOD,,,,,,,contractor_bills\SATTI_APTS_C004_RunBill_03.xlsx,contractor_bills,SATTI_APTS
1,PCC 1:4:8,cft,1425.6,2001.0,2852625.6,,contractor_bills\SATTI_APTS_C004_RunBill_03.xlsx,contractor_bills,SATTI_APTS
2,Electrical Wiring,point,2776.4,1423.0,,As per BOQ,contractor_bills\SATTI_APTS_C004_RunBill_03.xlsx,contractor_bills,SATTI_APTS
3,Brick Masonry,cft,819.4,,1746960.8,,contractor_bills\SATTI_APTS_C004_RunBill_03.xlsx,contractor_bills,SATTI_APTS
4,Painting,sft,143,1433.0,204919.0,As per BOQ,contractor_bills\SATTI_APTS_C004_RunBill_03.xlsx,contractor_bills,SATTI_APTS
,,,,,539332.29,,contractor_bills\SATTI_APTS_C004_RunBill_03.xlsx,contractor_bills,SATTI_APTS
,,,,,1569472.66,,contractor_bills\SATTI_APTS_C004_RunBill_03.xlsx,contractor_bills,SATTI_APTS
,,,,,53933.0,,contractor_bills\SATTI_APTS_C004_RunBill_03.xlsx,contractor_bills,SATTI_APTS
,,,,,485399.0600000001,,contractor_bills\SATTI_APTS_C004_RunBill_03.xlsx,contractor_bills,SATTI_APTS
Prepared:,,Checked:,,,,,contractor_bills\SATTI_APTS_C004_RunBill_03.xlsx,contractor_bills,SATTI_APTS
Bill No:,RB-SAT-C005-01,,,,,,contractor_bills\SATTI_APTS_C005_RunBill_01.xlsx,contractor_bills,SATTI_APTS
Date:,26/08/17,,,,,,contractor_bills\SATTI_APTS_C005_RunBill_01.xlsx,contractor_bills,SATTI_APTS
Project:,SATTI_APTS,,,,,,contractor_bills\SATTI_APTS_C005_RunBill_01.xlsx,contractor_bills,SATTI_APTS
Contractor:,Baig Steel Fabricators,,,,,,contractor_bills\SATTI_APTS_C005_RunBill_01.xlsx,contractor_bills,SATTI_APTS
Scope:,Steel/Metal,,,,,,contractor_bills\SATTI_APTS_C005_RunBill_01.xlsx,contractor_bills,SATTI_APTS
Contract Value:,11811098.32,,,,,,contractor_bills\SATTI_APTS_C005_RunBill_01.xlsx,contractor_bills,SATTI_APTS
WORK DONE THIS PERIOD,,,,,,,contractor_bills\SATTI_APTS_C005_RunBill_01.xlsx,contractor_bills,SATTI_APTS
1,Electrical Wiring,point,"2,237/-",1772.0,3964318.4,As per BOQ,contractor_bills\SATTI_APTS_C005_RunBill_01.xlsx,contractor_bills,SATTI_APTS
2,RCC M20,cft,4276.3,721.0,3083212.3,Disputed,contractor_bills\SATTI_APTS_C005_RunBill_01.xlsx,contractor_bills,SATTI_APTS
3,Plumbing Fixture,nos,523.4,2269.0,1187594.6,Disputed,contractor_bills\SATTI_APTS_C005_RunBill_01.xlsx,contractor_bills,SATTI_APTS
4,Flooring,sft,1150.6,61.0,70186.6,Verified,contractor_bills\SATTI_APTS_C005_RunBill_01.xlsx,contractor_bills,SATTI_APTS
,,,,,1286503.45,,contractor_bills\SATTI_APTS_C005_RunBill_01.xlsx,contractor_bills,SATTI_APTS
,,,,,6212045.0,,contractor_bills\SATTI_APTS_C005_RunBill_01.xlsx,contractor_bills,SATTI_APTS
,,,,,,,contractor_bills\SATTI_APTS_C005_RunBill_01.xlsx,contractor_bills,SATTI_APTS
,,,,,1157853.0999999999,,contractor_bills\SATTI_APTS_C005_RunBill_01.xlsx,contractor_bills,SATTI_APTS
Prepared:,,Checked:,,,,,contractor_bills\SATTI_APTS_C005_RunBill_01.xlsx,contractor_bills,SATTI_APTS
Bill No:,RB-SAT-C005-02,,,,,,contractor_bills\SATTI_APTS_C005_RunBill_02.xlsx,contractor_bills,SATTI_APTS
Date:,22-Feb-2017,,,,,,contractor_bills\SATTI_APTS_C005_RunBill_02.xlsx,contractor_bills,SATTI_APTS
Project:,SATTI_APTS,,,,,,contractor_bills\SATTI_APTS_C005_RunBill_02.xlsx,contractor_bills,SATTI_APTS
Contractor:,Baig Steel Fabricators,,,,,,contractor_bills\SATTI_APTS_C005_RunBill_02.xlsx,contractor_bills,SATTI_APTS
Scope:,Steel/Metal,,,,,,contractor_bills\SATTI_APTS_C005_RunBill_02.xlsx,contractor_bills,SATTI_APTS
Contract Value:,"10,520,707/-",,,,,,contractor_bills\SATTI_APTS_C005_RunBill_02.xlsx,contractor_bills,SATTI_APTS
WORK DONE THIS PERIOD,,,,,,,contractor_bills\SATTI_APTS_C005_RunBill_02.xlsx,contractor_bills,SATTI_APTS
1,RCC M20,cft,4095,1589.0,6506955.0,,contractor_bills\SATTI_APTS_C005_RunBill_02.xlsx,contractor_bills,SATTI_APTS
2,PCC 1:4:8,cft,3682.4,2424.0,8926137.6,Disputed,contractor_bills\SATTI_APTS_C005_RunBill_02.xlsx,contractor_bills,SATTI_APTS
3,Window Frame,nos,1917.2,1458.0,2795277.6,,contractor_bills\SATTI_APTS_C005_RunBill_02.xlsx,contractor_bills,SATTI_APTS
4,Brick Masonry,cft,2795.4,918.0,2566177.0,Verified,contractor_bills\SATTI_APTS_C005_RunBill_02.xlsx,contractor_bills,SATTI_APTS
5,Painting,sft,2719.1,760.0,2066516.0,,contractor_bills\SATTI_APTS_C005_RunBill_02.xlsx,contractor_bills,SATTI_APTS
,,,,,1085672.36,,contractor_bills\SATTI_APTS_C005_RunBill_02.xlsx,contractor_bills,SATTI_APTS
,,,,,6333906.32,,contractor_bills\SATTI_APTS_C005_RunBill_02.xlsx,contractor_bills,SATTI_APTS
,,,,,,,contractor_bills\SATTI_APTS_C005_RunBill_02.xlsx,contractor_bills,SATTI_APTS
,,,,,977105.1200000001,,contractor_bills\SATTI_APTS_C005_RunBill_02.xlsx,contractor_bills,SATTI_APTS
Prepared:,,Checked:,,,,,contractor_bills\SATTI_APTS_C005_RunBill_02.xlsx,contractor_bills,SATTI_APTS
Bill No:,RB-SAT-C006-01,,,,,,contractor_bills\SATTI_APTS_C006_RunBill_01.xlsx,contractor_bills,SATTI_APTS
Date:,2016/12/16,,,,,,contractor_bills\SATTI_APTS_C006_RunBill_01.xlsx,contractor_bills,SATTI_APTS
Project:,SATTI_APTS,,,,,,contractor_bills\SATTI_APTS_C006_RunBill_01.xlsx,contractor_bills,SATTI_APTS
Contractor:,Qamar Civil Engineers,,,,,,contractor_bills\SATTI_APTS_C006_RunBill_01.xlsx,contractor_bills,SATTI_APTS
Scope:,Civil Works,,,,,,contractor_bills\SATTI_APTS_C006_RunBill_01.xlsx,contractor_bills,SATTI_APTS
Contract Value:,10642325.72,,,,,,contractor_bills\SATTI_APTS_C006_RunBill_01.xlsx,contractor_bills,SATTI_APTS
WORK DONE THIS PERIOD,,,,,,,contractor_bills\SATTI_APTS_C006_RunBill_01.xlsx,contractor_bills,SATTI_APTS
1,Plumbing Fixture,nos,2766.8,512.0,1416601.6,,contractor_bills\SATTI_APTS_C006_RunBill_01.xlsx,contractor_bills,SATTI_APTS
2,Flooring,sft,855.9,448.0,383443.2,As per BOQ,contractor_bills\SATTI_APTS_C006_RunBill_01.xlsx,contractor_bills,SATTI_APTS
3,RCC M20,cft,3942.4,1533.0,6043699.2,Disputed,contractor_bills\SATTI_APTS_C006_RunBill_01.xlsx,contractor_bills,SATTI_APTS
4,Plastering,sft,2055.4,51.0,104825.4,,contractor_bills\SATTI_APTS_C006_RunBill_01.xlsx,contractor_bills,SATTI_APTS
5,Brick Masonry,cft,"1,813/-",526.0,953585.4,,contractor_bills\SATTI_APTS_C006_RunBill_01.xlsx,contractor_bills,SATTI_APTS
6,PCC 1:4:8,cft,3076.5,172.0,529158.0,As per BOQ,contractor_bills\SATTI_APTS_C006_RunBill_01.xlsx,contractor_bills,SATTI_APTS
,,,,,,,contractor_bills\SATTI_APTS_C006_RunBill_01.xlsx,contractor_bills,SATTI_APTS
,,,,,,,contractor_bills\SATTI_APTS_C006_RunBill_01.xlsx,contractor_bills,SATTI_APTS
,,,,,129489.32,,contractor_bills\SATTI_APTS_C006_RunBill_01.xlsx,contractor_bills,SATTI_APTS
,,,,,1165404.0,,contractor_bills\SATTI_APTS_C006_RunBill_01.xlsx,contractor_bills,SATTI_APTS
Prepared:,,Checked:,,,,,contractor_bills\SATTI_APTS_C006_RunBill_01.xlsx,contractor_bills,SATTI_APTS
Bill No:,RB-SAT-C006-02,,,,,,contractor_bills\SATTI_APTS_C006_RunBill_02.xlsx,contractor_bills,SATTI_APTS
Date:,2018/06/25,,,,,,contractor_bills\SATTI_APTS_C006_RunBill_02.xlsx,contractor_bills,SATTI_APTS
Project:,SATTI_APTS,,,,,,contractor_bills\SATTI_APTS_C006_RunBill_02.xlsx,contractor_bills,SATTI_APTS
Contractor:,Qamar Civil Engineers,,,,,,contractor_bills\SATTI_APTS_C006_RunBill_02.xlsx,contractor_bills,SATTI_APTS
Scope:,Civil Works,,,,,,contractor_bills\SATTI_APTS_C006_RunBill_02.xlsx,contractor_bills,SATTI_APTS
Contract Value:,3721795.34,,,,,,contractor_bills\SATTI_APTS_C006_RunBill_02.xlsx,contractor_bills,SATTI_APTS
WORK DONE THIS PERIOD,,,,,,,contractor_bills\SATTI_APTS_C006_RunBill_02.xlsx,contractor_bills,SATTI_APTS
1,Painting,sft,2229.0,1093.0,2436297.0,As per BOQ,contractor_bills\SATTI_APTS_C006_RunBill_02.xlsx,contractor_bills,SATTI_APTS
2,Brick Masonry,cft,582.2,1625.0,946075.0,Disputed,contractor_bills\SATTI_APTS_C006_RunBill_02.xlsx,contractor_bills,SATTI_APTS
3,Door Frame,nos,4694.1,1803.0,8463462.3,,contractor_bills\SATTI_APTS_C006_RunBill_02.xlsx,contractor_bills,SATTI_APTS
4,RCC M20,cft,991.2,488.0,483705.6,Disputed,contractor_bills\SATTI_APTS_C006_RunBill_02.xlsx,contractor_bills,SATTI_APTS
5,PCC 1:4:8,cft,4472.5,1893.0,8466442.5,,contractor_bills\SATTI_APTS_C006_RunBill_02.xlsx,contractor_bills,SATTI_APTS
6,Window Frame,nos,3122.1,160.0,499536.0,Verified,contractor_bills\SATTI_APTS_C006_RunBill_02.xlsx,contractor_bills,SATTI_APTS
7,Electrical Wiring,point,PKR 509,1399.0,712650.6,,contractor_bills\SATTI_APTS_C006_RunBill_02.xlsx,contractor_bills,SATTI_APTS
8,Excavation,cft,TBD,784.0,746368.0,As per BOQ,contractor_bills\SATTI_APTS_C006_RunBill_02.xlsx,contractor_bills,SATTI_APTS
,,,,,573990.82,,contractor_bills\SATTI_APTS_C006_RunBill_02.xlsx,contractor_bills,SATTI_APTS
,,,,,2220142.4,,contractor_bills\SATTI_APTS_C006_RunBill_02.xlsx,contractor_bills,SATTI_APTS
,,,,,57399.08,,contractor_bills\SATTI_APTS_C006_RunBill_02.xlsx,contractor_bills,SATTI_APTS
,,,,,,,contractor_bills\SATTI_APTS_C006_RunBill_02.xlsx,contractor_bills,SATTI_APTS
Prepared:,,Checked:,,,,,contractor_bills\SATTI_APTS_C006_RunBill_02.xlsx,contractor_bills,SATTI_APTS
Bill No:,RB-SAT-C006-03,,,,,,contractor_bills\SATTI_APTS_C006_RunBill_03.xlsx,contractor_bills,SATTI_APTS
Date:,01.09.2016,,,,,,contractor_bills\SATTI_APTS_C006_RunBill_03.xlsx,contractor_bills,SATTI_APTS
Project:,SATTI_APTS,,,,,,contractor_bills\SATTI_APTS_C006_RunBill_03.xlsx,contractor_bills,SATTI_APTS
Contractor:,Qamar Civil Engineers,,,,,,contractor_bills\SATTI_APTS_C006_RunBill_03.xlsx,contractor_bills,SATTI_APTS
Scope:,Civil Works,,,,,,contractor_bills\SATTI_APTS_C006_RunBill_03.xlsx,contractor_bills,SATTI_APTS
Contract Value:,5507581.6,,,,,,contractor_bills\SATTI_APTS_C006_RunBill_03.xlsx,contractor_bills,SATTI_APTS
WORK DONE THIS PERIOD,,,,,,,contractor_bills\SATTI_APTS_C006_RunBill_03.xlsx,contractor_bills,SATTI_APTS
1,Plastering,sft,2509.3,876.0,2198146.8,As per BOQ,contractor_bills\SATTI_APTS_C006_RunBill_03.xlsx,contractor_bills,SATTI_APTS
2,PCC 1:4:8,cft,3633.3,624.0,2267179.2,,contractor_bills\SATTI_APTS_C006_RunBill_03.xlsx,contractor_bills,SATTI_APTS
3,Excavation,cft,1109.7,1357.0,1505862.9,Disputed,contractor_bills\SATTI_APTS_C006_RunBill_03.xlsx,contractor_bills,SATTI_APTS
4,Window Frame,nos,1475.1,1166.0,1719966.6,Disputed,contractor_bills\SATTI_APTS_C006_RunBill_03.xlsx,contractor_bills,SATTI_APTS
5,Plumbing Fixture,nos,3641.4,252.0,917632.8,Verified,contractor_bills\SATTI_APTS_C006_RunBill_03.xlsx,contractor_bills,SATTI_APTS
6,RCC M20,cft,1289.5,1065.0,1373317.5,As per BOQ,contractor_bills\SATTI_APTS_C006_RunBill_03.xlsx,contractor_bills,SATTI_APTS
7,Electrical Wiring,point,4623.8,2258.0,10440540.4,,contractor_bills\SATTI_APTS_C006_RunBill_03.xlsx,contractor_bills,SATTI_APTS
,,,,,933092.19,,contractor_bills\SATTI_APTS_C006_RunBill_03.xlsx,contractor_bills,SATTI_APTS
,,,,,3010627.82,,contractor_bills\SATTI_APTS_C006_RunBill_03.xlsx,contractor_bills,SATTI_APTS
,,,,,93309.22,,contractor_bills\SATTI_APTS_C006_RunBill_03.xlsx,contractor_bills,SATTI_APTS
,,,,,839782.97,,contractor_bills\SATTI_APTS_C006_RunBill_03.xlsx,contractor_bills,SATTI_APTS
Prepared:,,Checked:,,,,,contractor_bills\SATTI_APTS_C006_RunBill_03.xlsx,contractor_bills,SATTI_APTS
Bill No:,RB-SAT-C007-01,,,,,,contractor_bills\SATTI_APTS_C007_RunBill_01.xlsx,contractor_bills,SATTI_APTS
Date:,13/09/2017,,,,,,contractor_bills\SATTI_APTS_C007_RunBill_01.xlsx,contractor_bills,SATTI_APTS
Project:,SATTI_APTS,,,,,,contractor_bills\SATTI_APTS_C007_RunBill_01.xlsx,contractor_bills,SATTI_APTS
Contractor:,Bilal Tiles & Flooring,,,,,,contractor_bills\SATTI_APTS_C007_RunBill_01.xlsx,contractor_bills,SATTI_APTS
Scope:,Flooring,,,,,,contractor_bills\SATTI_APTS_C007_RunBill_01.xlsx,contractor_bills,SATTI_APTS
Contract Value:,"PKR 7,392,980",,,,,,contractor_bills\SATTI_APTS_C007_RunBill_01.xlsx,contractor_bills,SATTI_APTS
WORK DONE THIS PERIOD,,,,,,,contractor_bills\SATTI_APTS_C007_RunBill_01.xlsx,contractor_bills,SATTI_APTS
1,Brick Masonry,cft,121,1041.0,125961.0,As per BOQ,contractor_bills\SATTI_APTS_C007_RunBill_01.xlsx,contractor_bills,SATTI_APTS
2,Plumbing Fixture,nos,925.2,1055.0,976086.0,,contractor_bills\SATTI_APTS_C007_RunBill_01.xlsx,contractor_bills,SATTI_APTS
3,Excavation,cft,3857.8,1158.0,4467332.4,Verified,contractor_bills\SATTI_APTS_C007_RunBill_01.xlsx,contractor_bills,SATTI_APTS
4,Flooring,sft,4043.6,164.0,663150.4,Verified,contractor_bills\SATTI_APTS_C007_RunBill_01.xlsx,contractor_bills,SATTI_APTS
5,Electrical Wiring,point,854.1,1312.0,1120579.2,Disputed,contractor_bills\SATTI_APTS_C007_RunBill_01.xlsx,contractor_bills,SATTI_APTS
6,Painting,sft,4220.7,2007.0,8470944.9,Verified,contractor_bills\SATTI_APTS_C007_RunBill_01.xlsx,contractor_bills,SATTI_APTS
7,Door Frame,nos,703.6,339.0,238520.4,Disputed,contractor_bills\SATTI_APTS_C007_RunBill_01.xlsx,contractor_bills,SATTI_APTS
8,PCC 1:4:8,cft,3826.6,1385.0,5299841.0,Disputed,contractor_bills\SATTI_APTS_C007_RunBill_01.xlsx,contractor_bills,SATTI_APTS
,,,,,1009361.38,,contractor_bills\SATTI_APTS_C007_RunBill_01.xlsx,contractor_bills,SATTI_APTS
,,,,,3600710.86,,contractor_bills\SATTI_APTS_C007_RunBill_01.xlsx,contractor_bills,SATTI_APTS
,,,,,100936.14,,contractor_bills\SATTI_APTS_C007_RunBill_01.xlsx,contractor_bills,SATTI_APTS
,,,,,,,contractor_bills\SATTI_APTS_C007_RunBill_01.xlsx,contractor_bills,SATTI_APTS
Prepared:,,Checked:,,,,,contractor_bills\SATTI_APTS_C007_RunBill_01.xlsx,contractor_bills,SATTI_APTS
Bill No:,RB-SAT-C007-02,,,,,,contractor_bills\SATTI_APTS_C007_RunBill_02.xlsx,contractor_bills,SATTI_APTS
Date:,03-31-2015,,,,,,contractor_bills\SATTI_APTS_C007_RunBill_02.xlsx,contractor_bills,SATTI_APTS
Project:,SATTI_APTS,,,,,,contractor_bills\SATTI_APTS_C007_RunBill_02.xlsx,contractor_bills,SATTI_APTS
Contractor:,Bilal Tiles & Flooring,,,,,,contractor_bills\SATTI_APTS_C007_RunBill_02.xlsx,contractor_bills,SATTI_APTS
Scope:,Flooring,,,,,,contractor_bills\SATTI_APTS_C007_RunBill_02.xlsx,contractor_bills,SATTI_APTS
Contract Value:,7381215.2,,,,,,contractor_bills\SATTI_APTS_C007_RunBill_02.xlsx,contractor_bills,SATTI_APTS
WORK DONE THIS PERIOD,,,,,,,contractor_bills\SATTI_APTS_C007_RunBill_02.xlsx,contractor_bills,SATTI_APTS
1,Flooring,sft,160.7,1809.0,290706.3,,contractor_bills\SATTI_APTS_C007_RunBill_02.xlsx,contractor_bills,SATTI_APTS
2,Plastering,sft,1194.7,851.0,1016689.7,,contractor_bills\SATTI_APTS_C007_RunBill_02.xlsx,contractor_bills,SATTI_APTS
3,Electrical Wiring,point,3877.7,1546.0,5994924.2,As per BOQ,contractor_bills\SATTI_APTS_C007_RunBill_02.xlsx,contractor_bills,SATTI_APTS
4,RCC M20,cft,TBD,1370.0,2337905.0,,contractor_bills\SATTI_APTS_C007_RunBill_02.xlsx,contractor_bills,SATTI_APTS
5,Brick Masonry,cft,4996.7,618.0,3087960.6,As per BOQ,contractor_bills\SATTI_APTS_C007_RunBill_02.xlsx,contractor_bills,SATTI_APTS
6,Window Frame,nos,3489.9,1968.0,6868123.0,,contractor_bills\SATTI_APTS_C007_RunBill_02.xlsx,contractor_bills,SATTI_APTS
7,Door Frame,nos,"PKR 2,363",2157.0,5096343.9,Verified,contractor_bills\SATTI_APTS_C007_RunBill_02.xlsx,contractor_bills,SATTI_APTS
8,PCC 1:4:8,cft,3392.2,892.0,3025842.4,,contractor_bills\SATTI_APTS_C007_RunBill_02.xlsx,contractor_bills,SATTI_APTS
,,,,,1011466.3,,contractor_bills\SATTI_APTS_C007_RunBill_02.xlsx,contractor_bills,SATTI_APTS
,,,,,4874951.39,,contractor_bills\SATTI_APTS_C007_RunBill_02.xlsx,contractor_bills,SATTI_APTS
,,,,,101146.63,,contractor_bills\SATTI_APTS_C007_RunBill_02.xlsx,contractor_bills,SATTI_APTS
,,,,,910319.67,,contractor_bills\SATTI_APTS_C007_RunBill_02.xlsx,contractor_bills,SATTI_APTS
Prepared:,,Checked:,,,,,contractor_bills\SATTI_APTS_C007_RunBill_02.xlsx,contractor_bills,SATTI_APTS
Bill No:,RB-SAT-C007-03,,,,,,contractor_bills\SATTI_APTS_C007_RunBill_03.xlsx,contractor_bills,SATTI_APTS
Date:,16/12/2015,,,,,,contractor_bills\SATTI_APTS_C007_RunBill_03.xlsx,contractor_bills,SATTI_APTS
Project:,SATTI_APTS,,,,,,contractor_bills\SATTI_APTS_C007_RunBill_03.xlsx,contractor_bills,SATTI_APTS
Contractor:,Bilal Tiles & Flooring,,,,,,contractor_bills\SATTI_APTS_C007_RunBill_03.xlsx,contractor_bills,SATTI_APTS
Scope:,Flooring,,,,,,contractor_bills\SATTI_APTS_C007_RunBill_03.xlsx,contractor_bills,SATTI_APTS
Contract Value:,TBD,,,,,,contractor_bills\SATTI_APTS_C007_RunBill_03.xlsx,contractor_bills,SATTI_APTS
WORK DONE THIS PERIOD,,,,,,,contractor_bills\SATTI_APTS_C007_RunBill_03.xlsx,contractor_bills,SATTI_APTS
1,RCC M20,cft,4166.3,2114.0,8807558.2,,contractor_bills\SATTI_APTS_C007_RunBill_03.xlsx,contractor_bills,SATTI_APTS
2,Window Frame,nos,2586.5,1666.0,,Disputed,contractor_bills\SATTI_APTS_C007_RunBill_03.xlsx,contractor_bills,SATTI_APTS
3,Plumbing Fixture,nos,PKR 453,1076.0,487643.2,,contractor_bills\SATTI_APTS_C007_RunBill_03.xlsx,contractor_bills,SATTI_APTS
4,Flooring,sft,1930.5,320.0,617760.0,,contractor_bills\SATTI_APTS_C007_RunBill_03.xlsx,contractor_bills,SATTI_APTS
5,Plastering,sft,676,91.0,61516.0,As per BOQ,contractor_bills\SATTI_APTS_C007_RunBill_03.xlsx,contractor_bills,SATTI_APTS
6,PCC 1:4:8,cft,2112.2,1698.0,3586515.6,,contractor_bills\SATTI_APTS_C007_RunBill_03.xlsx,contractor_bills,SATTI_APTS
7,Electrical Wiring,point,3258.3,1623.0,5288220.9,Disputed,contractor_bills\SATTI_APTS_C007_RunBill_03.xlsx,contractor_bills,SATTI_APTS
,,,,,867997.0,,contractor_bills\SATTI_APTS_C007_RunBill_03.xlsx,contractor_bills,SATTI_APTS
,,,,,6211969.0,,contractor_bills\SATTI_APTS_C007_RunBill_03.xlsx,contractor_bills,SATTI_APTS
,,,,,86799.66,,contractor_bills\SATTI_APTS_C007_RunBill_03.xlsx,contractor_bills,SATTI_APTS
,,,,,781196.9099999999,,contractor_bills\SATTI_APTS_C007_RunBill_03.xlsx,contractor_bills,SATTI_APTS
Prepared:,,Checked:,,,,,contractor_bills\SATTI_APTS_C007_RunBill_03.xlsx,contractor_bills,SATTI_APTS
Bill No:,RB-SAT-C008-01,,,,,,contractor_bills\SATTI_APTS_C008_RunBill_01.xlsx,contractor_bills,SATTI_APTS
Date:,31.10.2016,,,,,,contractor_bills\SATTI_APTS_C008_RunBill_01.xlsx,contractor_bills,SATTI_APTS
Project:,SATTI_APTS,,,,,,contractor_bills\SATTI_APTS_C008_RunBill_01.xlsx,contractor_bills,SATTI_APTS
Contractor:,Sultan HVAC Services,,,,,,contractor_bills\SATTI_APTS_C008_RunBill_01.xlsx,contractor_bills,SATTI_APTS
Scope:,HVAC,,,,,,contractor_bills\SATTI_APTS_C008_RunBill_01.xlsx,contractor_bills,SATTI_APTS
Contract Value:,"PKR 2,853,441",,,,,,contractor_bills\SATTI_APTS_C008_RunBill_01.xlsx,contractor_bills,SATTI_APTS
WORK DONE THIS PERIOD,,,,,,,contractor_bills\SATTI_APTS_C008_RunBill_01.xlsx,contractor_bills,SATTI_APTS
1,Painting,sft,3495,1091.0,3813045.0,Disputed,contractor_bills\SATTI_APTS_C008_RunBill_01.xlsx,contractor_bills,SATTI_APTS
2,RCC M20,cft,"PKR 3,897",732.0,2852311.2,Verified,contractor_bills\SATTI_APTS_C008_RunBill_01.xlsx,contractor_bills,SATTI_APTS
3,Plastering,sft,4495.3,1390.0,6248467.0,Disputed,contractor_bills\SATTI_APTS_C008_RunBill_01.xlsx,contractor_bills,SATTI_APTS
4,Excavation,cft,1853.5,,,As per BOQ,contractor_bills\SATTI_APTS_C008_RunBill_01.xlsx,contractor_bills,SATTI_APTS
5,Electrical Wiring,point,201.8,1038.0,209468.4,Disputed,contractor_bills\SATTI_APTS_C008_RunBill_01.xlsx,contractor_bills,SATTI_APTS
6,Flooring,sft,377.7,963.0,363725.1,As per BOQ,contractor_bills\SATTI_APTS_C008_RunBill_01.xlsx,contractor_bills,SATTI_APTS
7,PCC 1:4:8,cft,262,679.0,,Disputed,contractor_bills\SATTI_APTS_C008_RunBill_01.xlsx,contractor_bills,SATTI_APTS
,,,,,234673.98,,contractor_bills\SATTI_APTS_C008_RunBill_01.xlsx,contractor_bills,SATTI_APTS
,,,,,1751538.37,,contractor_bills\SATTI_APTS_C008_RunBill_01.xlsx,contractor_bills,SATTI_APTS
,,,,,23467.4,,contractor_bills\SATTI_APTS_C008_RunBill_01.xlsx,contractor_bills,SATTI_APTS
,,,,,211206.58,,contractor_bills\SATTI_APTS_C008_RunBill_01.xlsx,contractor_bills,SATTI_APTS
Prepared:,,Checked:,,,,,contractor_bills\SATTI_APTS_C008_RunBill_01.xlsx,contractor_bills,SATTI_APTS
Bill No:,RB-SAT-C008-02,,,,,,contractor_bills\SATTI_APTS_C008_RunBill_02.xlsx,contractor_bills,SATTI_APTS
Date:,2018/05/09,,,,,,contractor_bills\SATTI_APTS_C008_RunBill_02.xlsx,contractor_bills,SATTI_APTS
Project:,SATTI_APTS,,,,,,contractor_bills\SATTI_APTS_C008_RunBill_02.xlsx,contractor_bills,SATTI_APTS
Contractor:,Sultan HVAC Services,,,,,,contractor_bills\SATTI_APTS_C008_RunBill_02.xlsx,contractor_bills,SATTI_APTS
Scope:,HVAC,,,,,,contractor_bills\SATTI_APTS_C008_RunBill_02.xlsx,contractor_bills,SATTI_APTS
Contract Value:,8959399.81,,,,,,contractor_bills\SATTI_APTS_C008_RunBill_02.xlsx,contractor_bills,SATTI_APTS
WORK DONE THIS PERIOD,,,,,,,contractor_bills\SATTI_APTS_C008_RunBill_02.xlsx,contractor_bills,SATTI_APTS
1,Door Frame,nos,1512.5,655.0,990687.5,Verified,contractor_bills\SATTI_APTS_C008_RunBill_02.xlsx,contractor_bills,SATTI_APTS
2,Electrical Wiring,point,4067.4,284.0,,,contractor_bills\SATTI_APTS_C008_RunBill_02.xlsx,contractor_bills,SATTI_APTS
3,RCC M20,cft,"PKR 4,955",1036.0,5133690.8,,contractor_bills\SATTI_APTS_C008_RunBill_02.xlsx,contractor_bills,SATTI_APTS
4,Painting,sft,3294.5,1193.0,3930338.5,,contractor_bills\SATTI_APTS_C008_RunBill_02.xlsx,contractor_bills,SATTI_APTS
5,Flooring,sft,1531.7,1648.0,2524241.6,,contractor_bills\SATTI_APTS_C008_RunBill_02.xlsx,contractor_bills,SATTI_APTS
6,Brick Masonry,cft,1509.6,91.0,137373.6,,contractor_bills\SATTI_APTS_C008_RunBill_02.xlsx,contractor_bills,SATTI_APTS
7,Excavation,cft,175.5,1552.0,272376.0,Verified,contractor_bills\SATTI_APTS_C008_RunBill_02.xlsx,contractor_bills,SATTI_APTS
,,,,,1647463.83,,contractor_bills\SATTI_APTS_C008_RunBill_02.xlsx,contractor_bills,SATTI_APTS
,,,,,1109572.38,,contractor_bills\SATTI_APTS_C008_RunBill_02.xlsx,contractor_bills,SATTI_APTS
,,,,,164746.38,,contractor_bills\SATTI_APTS_C008_RunBill_02.xlsx,contractor_bills,SATTI_APTS
,,,,,1482717.45,,contractor_bills\SATTI_APTS_C008_RunBill_02.xlsx,contractor_bills,SATTI_APTS
Prepared:,,Checked:,,,,,contractor_bills\SATTI_APTS_C008_RunBill_02.xlsx,contractor_bills,SATTI_APTS
Bill No:,RB-SAT-C008-03,,,,,,contractor_bills\SATTI_APTS_C008_RunBill_03.xlsx,contractor_bills,SATTI_APTS
Date:,03.01.2017,,,,,,contractor_bills\SATTI_APTS_C008_RunBill_03.xlsx,contractor_bills,SATTI_APTS
Project:,SATTI_APTS,,,,,,contractor_bills\SATTI_APTS_C008_RunBill_03.xlsx,contractor_bills,SATTI_APTS
Contractor:,Sultan HVAC Services,,,,,,contractor_bills\SATTI_APTS_C008_RunBill_03.xlsx,contractor_bills,SATTI_APTS
Scope:,HVAC,,,,,,contractor_bills\SATTI_APTS_C008_RunBill_03.xlsx,contractor_bills,SATTI_APTS
Contract Value:,TBD,,,,,,contractor_bills\SATTI_APTS_C008_RunBill_03.xlsx,contractor_bills,SATTI_APTS
WORK DONE THIS PERIOD,,,,,,,contractor_bills\SATTI_APTS_C008_RunBill_03.xlsx,contractor_bills,SATTI_APTS
1,Plumbing Fixture,nos,4397.9,259.0,1139056.1,Disputed,contractor_bills\SATTI_APTS_C008_RunBill_03.xlsx,contractor_bills,SATTI_APTS
2,Painting,sft,2051.1,2344.0,4807778.4,Verified,contractor_bills\SATTI_APTS_C008_RunBill_03.xlsx,contractor_bills,SATTI_APTS
3,Flooring,sft,43.6,657.0,28645.2,As per BOQ,contractor_bills\SATTI_APTS_C008_RunBill_03.xlsx,contractor_bills,SATTI_APTS
4,RCC M20,cft,4822.2,1659.0,8000029.8,,contractor_bills\SATTI_APTS_C008_RunBill_03.xlsx,contractor_bills,SATTI_APTS
,,,,,691064.08,,contractor_bills\SATTI_APTS_C008_RunBill_03.xlsx,contractor_bills,SATTI_APTS
,,,,,4720494.11,,contractor_bills\SATTI_APTS_C008_RunBill_03.xlsx,contractor_bills,SATTI_APTS
,,,,,69106.41,,contractor_bills\SATTI_APTS_C008_RunBill_03.xlsx,contractor_bills,SATTI_APTS
,,,,,621958.0,,contractor_bills\SATTI_APTS_C008_RunBill_03.xlsx,contractor_bills,SATTI_APTS
Prepared:,,Checked:,,,,,contractor_bills\SATTI_APTS_C008_RunBill_03.xlsx,contractor_bills,SATTI_APTS
Bill No:,RB-SAT-C001-01,,,,,,contractor_bills\SATTI_MALL_C001_RunBill_01.xlsx,contractor_bills,SATTI_MALL
Date:,01/06/2007,,,,,,contractor_bills\SATTI_MALL_C001_RunBill_01.xlsx,contractor_bills,SATTI_MALL
Project:,SATTI_MALL,,,,,,contractor_bills\SATTI_MALL_C001_RunBill_01.xlsx,contractor_bills,SATTI_MALL
Contractor:,Ahmad & Bros Construction,,,,,,contractor_bills\SATTI_MALL_C001_RunBill_01.xlsx,contractor_bills,SATTI_MALL
Scope:,Civil Works,,,,,,contractor_bills\SATTI_MALL_C001_RunBill_01.xlsx,contractor_bills,SATTI_MALL
Contract Value:,5172103.07,,,,,,contractor_bills\SATTI_MALL_C001_RunBill_01.xlsx,contractor_bills,SATTI_MALL
WORK DONE THIS PERIOD,,,,,,,contractor_bills\SATTI_MALL_C001_RunBill_01.xlsx,contractor_bills,SATTI_MALL
1,Painting,sft,204.3,311.0,63537.3,Verified,contractor_bills\SATTI_MALL_C001_RunBill_01.xlsx,contractor_bills,SATTI_MALL
2,PCC 1:4:8,cft,4996.4,738.0,3687343.2,Verified,contractor_bills\SATTI_MALL_C001_RunBill_01.xlsx,contractor_bills,SATTI_MALL
3,Excavation,cft,"PKR 1,549",785.0,1215808.0,,contractor_bills\SATTI_MALL_C001_RunBill_01.xlsx,contractor_bills,SATTI_MALL
4,Plumbing Fixture,nos,4657.7,1527.0,7112308.0,Verified,contractor_bills\SATTI_MALL_C001_RunBill_01.xlsx,contractor_bills,SATTI_MALL
5,Electrical Wiring,point,1598.4,353.0,564235.0,,contractor_bills\SATTI_MALL_C001_RunBill_01.xlsx,contractor_bills,SATTI_MALL
6,RCC M20,cft,4208.9,1398.0,5884042.2,,contractor_bills\SATTI_MALL_C001_RunBill_01.xlsx,contractor_bills,SATTI_MALL
7,Plastering,sft,4352.8,1388.0,6041686.4,Disputed,contractor_bills\SATTI_MALL_C001_RunBill_01.xlsx,contractor_bills,SATTI_MALL
8,Brick Masonry,cft,213.3,2301.0,490803.3,,contractor_bills\SATTI_MALL_C001_RunBill_01.xlsx,contractor_bills,SATTI_MALL
9,Flooring,sft,PKR 481,2365.0,1136619.0,Verified,contractor_bills\SATTI_MALL_C001_RunBill_01.xlsx,contractor_bills,SATTI_MALL
,,,,,956816.21,,contractor_bills\SATTI_MALL_C001_RunBill_01.xlsx,contractor_bills,SATTI_MALL
,,,,,,,contractor_bills\SATTI_MALL_C001_RunBill_01.xlsx,contractor_bills,SATTI_MALL
,,,,,95681.62,,contractor_bills\SATTI_MALL_C001_RunBill_01.xlsx,contractor_bills,SATTI_MALL
,,,,,861134.59,,contractor_bills\SATTI_MALL_C001_RunBill_01.xlsx,contractor_bills,SATTI_MALL
Prepared:,,Checked:,,,,,contractor_bills\SATTI_MALL_C001_RunBill_01.xlsx,contractor_bills,SATTI_MALL
Bill No:,RB-SAT-C001-02,,,,,,contractor_bills\SATTI_MALL_C001_RunBill_02.xlsx,contractor_bills,SATTI_MALL
Date:,09.01.2007,,,,,,contractor_bills\SATTI_MALL_C001_RunBill_02.xlsx,contractor_bills,SATTI_MALL
Project:,SATTI_MALL,,,,,,contractor_bills\SATTI_MALL_C001_RunBill_02.xlsx,contractor_bills,SATTI_MALL
Contractor:,Ahmad & Bros Construction,,,,,,contractor_bills\SATTI_MALL_C001_RunBill_02.xlsx,contractor_bills,SATTI_MALL
Scope:,Civil Works,,,,,,contractor_bills\SATTI_MALL_C001_RunBill_02.xlsx,contractor_bills,SATTI_MALL
Contract Value:,1689128.74,,,,,,contractor_bills\SATTI_MALL_C001_RunBill_02.xlsx,contractor_bills,SATTI_MALL
WORK DONE THIS PERIOD,,,,,,,contractor_bills\SATTI_MALL_C001_RunBill_02.xlsx,contractor_bills,SATTI_MALL
1,Window Frame,nos,970.4,1343.0,1303247.2,,contractor_bills\SATTI_MALL_C001_RunBill_02.xlsx,contractor_bills,SATTI_MALL
2,Brick Masonry,cft,1252.7,2148.0,2690799.6,Disputed,contractor_bills\SATTI_MALL_C001_RunBill_02.xlsx,contractor_bills,SATTI_MALL
3,Excavation,cft,581.9,1497.0,871104.3,,contractor_bills\SATTI_MALL_C001_RunBill_02.xlsx,contractor_bills,SATTI_MALL
4,Flooring,sft,"PKR 3,358",374.0,1256041.6,,contractor_bills\SATTI_MALL_C001_RunBill_02.xlsx,contractor_bills,SATTI_MALL
5,PCC 1:4:8,cft,673.5,584.0,393324.0,,contractor_bills\SATTI_MALL_C001_RunBill_02.xlsx,contractor_bills,SATTI_MALL
6,Plastering,sft,78.7,312.0,24554.4,,contractor_bills\SATTI_MALL_C001_RunBill_02.xlsx,contractor_bills,SATTI_MALL
7,Electrical Wiring,point,1632.3,1057.0,1725341.1,As per BOQ,contractor_bills\SATTI_MALL_C001_RunBill_02.xlsx,contractor_bills,SATTI_MALL
,,,,,248762.83,,contractor_bills\SATTI_MALL_C001_RunBill_02.xlsx,contractor_bills,SATTI_MALL
,,,,,199090.62,,contractor_bills\SATTI_MALL_C001_RunBill_02.xlsx,contractor_bills,SATTI_MALL
,,,,,,,contractor_bills\SATTI_MALL_C001_RunBill_02.xlsx,contractor_bills,SATTI_MALL
,,,,,223886.55,,contractor_bills\SATTI_MALL_C001_RunBill_02.xlsx,contractor_bills,SATTI_MALL
Prepared:,,Checked:,,,,,contractor_bills\SATTI_MALL_C001_RunBill_02.xlsx,contractor_bills,SATTI_MALL
Bill No:,RB-SAT-C001-03,,,,,,contractor_bills\SATTI_MALL_C001_RunBill_03.xlsx,contractor_bills,SATTI_MALL
Date:,04-Jan-2007,,,,,,contractor_bills\SATTI_MALL_C001_RunBill_03.xlsx,contractor_bills,SATTI_MALL
Project:,SATTI_MALL,,,,,,contractor_bills\SATTI_MALL_C001_RunBill_03.xlsx,contractor_bills,SATTI_MALL
Contractor:,Ahmad & Bros Construction,,,,,,contractor_bills\SATTI_MALL_C001_RunBill_03.xlsx,contractor_bills,SATTI_MALL
Scope:,Civil Works,,,,,,contractor_bills\SATTI_MALL_C001_RunBill_03.xlsx,contractor_bills,SATTI_MALL
Contract Value:,"PKR 7,603,743",,,,,,contractor_bills\SATTI_MALL_C001_RunBill_03.xlsx,contractor_bills,SATTI_MALL
WORK DONE THIS PERIOD,,,,,,,contractor_bills\SATTI_MALL_C001_RunBill_03.xlsx,contractor_bills,SATTI_MALL
1,Brick Masonry,cft,2406.9,1123.0,2702948.7,Disputed,contractor_bills\SATTI_MALL_C001_RunBill_03.xlsx,contractor_bills,SATTI_MALL
2,Door Frame,nos,4743.1,1299.0,6161286.9,,contractor_bills\SATTI_MALL_C001_RunBill_03.xlsx,contractor_bills,SATTI_MALL
3,Plumbing Fixture,nos,503.2,2162.0,1087918.4,,contractor_bills\SATTI_MALL_C001_RunBill_03.xlsx,contractor_bills,SATTI_MALL
4,Plastering,sft,4425.2,641.0,2836553.2,,contractor_bills\SATTI_MALL_C001_RunBill_03.xlsx,contractor_bills,SATTI_MALL
5,Flooring,sft,2876.3,2315.0,6658634.5,,contractor_bills\SATTI_MALL_C001_RunBill_03.xlsx,contractor_bills,SATTI_MALL
6,Window Frame,nos,107.7,1933.0,208184.1,Disputed,contractor_bills\SATTI_MALL_C001_RunBill_03.xlsx,contractor_bills,SATTI_MALL
7,Painting,sft,551.2,801.0,441511.2,,contractor_bills\SATTI_MALL_C001_RunBill_03.xlsx,contractor_bills,SATTI_MALL
8,RCC M20,cft,2015.7,2113.0,4259174.0,Disputed,contractor_bills\SATTI_MALL_C001_RunBill_03.xlsx,contractor_bills,SATTI_MALL
9,Excavation,cft,4452.4,846.0,3766730.4,,contractor_bills\SATTI_MALL_C001_RunBill_03.xlsx,contractor_bills,SATTI_MALL
,,,,,879126.73,,contractor_bills\SATTI_MALL_C001_RunBill_03.xlsx,contractor_bills,SATTI_MALL
,,,,,5051927.88,,contractor_bills\SATTI_MALL_C001_RunBill_03.xlsx,contractor_bills,SATTI_MALL
,,,,,87913.0,,contractor_bills\SATTI_MALL_C001_RunBill_03.xlsx,contractor_bills,SATTI_MALL
,,,,,791214.0,,contractor_bills\SATTI_MALL_C001_RunBill_03.xlsx,contractor_bills,SATTI_MALL
Prepared:,,Checked:,,,,,contractor_bills\SATTI_MALL_C001_RunBill_03.xlsx,contractor_bills,SATTI_MALL
Bill No:,RB-SAT-C001-04,,,,,,contractor_bills\SATTI_MALL_C001_RunBill_04.xlsx,contractor_bills,SATTI_MALL
Date:,11-30-2007,,,,,,contractor_bills\SATTI_MALL_C001_RunBill_04.xlsx,contractor_bills,SATTI_MALL
Project:,SATTI_MALL,,,,,,contractor_bills\SATTI_MALL_C001_RunBill_04.xlsx,contractor_bills,SATTI_MALL
Contractor:,Ahmad & Bros Construction,,,,,,contractor_bills\SATTI_MALL_C001_RunBill_04.xlsx,contractor_bills,SATTI_MALL
Scope:,Civil Works,,,,,,contractor_bills\SATTI_MALL_C001_RunBill_04.xlsx,contractor_bills,SATTI_MALL
Contract Value:,13490916.95,,,,,,contractor_bills\SATTI_MALL_C001_RunBill_04.xlsx,contractor_bills,SATTI_MALL
WORK DONE THIS PERIOD,,,,,,,contractor_bills\SATTI_MALL_C001_RunBill_04.xlsx,contractor_bills,SATTI_MALL
1,PCC 1:4:8,cft,230.4,1738.0,400435.2,,contractor_bills\SATTI_MALL_C001_RunBill_04.xlsx,contractor_bills,SATTI_MALL
2,Plastering,sft,2452.9,2481.0,6085644.9,,contractor_bills\SATTI_MALL_C001_RunBill_04.xlsx,contractor_bills,SATTI_MALL
3,Window Frame,nos,4624.8,730.0,3376104.0,Disputed,contractor_bills\SATTI_MALL_C001_RunBill_04.xlsx,contractor_bills,SATTI_MALL
4,Brick Masonry,cft,829.8,1860.0,1543428.0,As per BOQ,contractor_bills\SATTI_MALL_C001_RunBill_04.xlsx,contractor_bills,SATTI_MALL
,,,,,,,contractor_bills\SATTI_MALL_C001_RunBill_04.xlsx,contractor_bills,SATTI_MALL
,,,,,2184356.22,,contractor_bills\SATTI_MALL_C001_RunBill_04.xlsx,contractor_bills,SATTI_MALL
,,,,,242813.21,,contractor_bills\SATTI_MALL_C001_RunBill_04.xlsx,contractor_bills,SATTI_MALL
,,,,,,,contractor_bills\SATTI_MALL_C001_RunBill_04.xlsx,contractor_bills,SATTI_MALL
Prepared:,,Checked:,,,,,contractor_bills\SATTI_MALL_C001_RunBill_04.xlsx,contractor_bills,SATTI_MALL
Bill No:,RB-SAT-C001-05,,,,,,contractor_bills\SATTI_MALL_C001_RunBill_05.xlsx,contractor_bills,SATTI_MALL
Date:,2006/12/01,,,,,,contractor_bills\SATTI_MALL_C001_RunBill_05.xlsx,contractor_bills,SATTI_MALL
Project:,SATTI_MALL,,,,,,contractor_bills\SATTI_MALL_C001_RunBill_05.xlsx,contractor_bills,SATTI_MALL
Contractor:,Ahmad & Bros Construction,,,,,,contractor_bills\SATTI_MALL_C001_RunBill_05.xlsx,contractor_bills,SATTI_MALL
Scope:,Civil Works,,,,,,contractor_bills\SATTI_MALL_C001_RunBill_05.xlsx,contractor_bills,SATTI_MALL
Contract Value:,3365847.67,,,,,,contractor_bills\SATTI_MALL_C001_RunBill_05.xlsx,contractor_bills,SATTI_MALL
WORK DONE THIS PERIOD,,,,,,,contractor_bills\SATTI_MALL_C001_RunBill_05.xlsx,contractor_bills,SATTI_MALL
1,Flooring,sft,4064.9,702.0,2853559.8,,contractor_bills\SATTI_MALL_C001_RunBill_05.xlsx,contractor_bills,SATTI_MALL
2,PCC 1:4:8,cft,4586.5,,11291963.0,,contractor_bills\SATTI_MALL_C001_RunBill_05.xlsx,contractor_bills,SATTI_MALL
3,Plumbing Fixture,nos,,1150.0,1248670.0,Verified,contractor_bills\SATTI_MALL_C001_RunBill_05.xlsx,contractor_bills,SATTI_MALL
4,Brick Masonry,cft,1078.6,1847.0,1992174.2,Disputed,contractor_bills\SATTI_MALL_C001_RunBill_05.xlsx,contractor_bills,SATTI_MALL
5,Painting,sft,2329.7,273.0,636008.1,,contractor_bills\SATTI_MALL_C001_RunBill_05.xlsx,contractor_bills,SATTI_MALL
,,,,,199228.81,,contractor_bills\SATTI_MALL_C001_RunBill_05.xlsx,contractor_bills,SATTI_MALL
,,,,,695047.47,,contractor_bills\SATTI_MALL_C001_RunBill_05.xlsx,contractor_bills,SATTI_MALL
,,,,,19922.88,,contractor_bills\SATTI_MALL_C001_RunBill_05.xlsx,contractor_bills,SATTI_MALL
,,,,,179305.93,,contractor_bills\SATTI_MALL_C001_RunBill_05.xlsx,contractor_bills,SATTI_MALL
Prepared:,,Checked:,,,,,contractor_bills\SATTI_MALL_C001_RunBill_05.xlsx,contractor_bills,SATTI_MALL
Bill No:,RB-SAT-C002-01,,,,,,contractor_bills\SATTI_MALL_C002_RunBill_01.xlsx,contractor_bills,SATTI_MALL
Date:,16/09/06,,,,,,contractor_bills\SATTI_MALL_C002_RunBill_01.xlsx,contractor_bills,SATTI_MALL
Project:,SATTI_MALL,,,,,,contractor_bills\SATTI_MALL_C002_RunBill_01.xlsx,contractor_bills,SATTI_MALL
Contractor:,Iqbal Electrical Contractors,,,,,,contractor_bills\SATTI_MALL_C002_RunBill_01.xlsx,contractor_bills,SATTI_MALL
Scope:,Electrical,,,,,,contractor_bills\SATTI_MALL_C002_RunBill_01.xlsx,contractor_bills,SATTI_MALL
Contract Value:,1266059.63,,,,,,contractor_bills\SATTI_MALL_C002_RunBill_01.xlsx,contractor_bills,SATTI_MALL
WORK DONE THIS PERIOD,,,,,,,contractor_bills\SATTI_MALL_C002_RunBill_01.xlsx,contractor_bills,SATTI_MALL
1,PCC 1:4:8,cft,3803.1,1179.0,4483854.9,,contractor_bills\SATTI_MALL_C002_RunBill_01.xlsx,contractor_bills,SATTI_MALL
2,Window Frame,nos,3902.4,1949.0,7605777.6,,contractor_bills\SATTI_MALL_C002_RunBill_01.xlsx,contractor_bills,SATTI_MALL
3,RCC M20,cft,3790.2,2030.0,,,contractor_bills\SATTI_MALL_C002_RunBill_01.xlsx,contractor_bills,SATTI_MALL
4,Door Frame,nos,"4,472/-",1636.0,7317010.0,,contractor_bills\SATTI_MALL_C002_RunBill_01.xlsx,contractor_bills,SATTI_MALL
5,Excavation,cft,4942.1,816.0,4032753.6,Verified,contractor_bills\SATTI_MALL_C002_RunBill_01.xlsx,contractor_bills,SATTI_MALL
6,Brick Masonry,cft,1311.4,258.0,338341.2,Disputed,contractor_bills\SATTI_MALL_C002_RunBill_01.xlsx,contractor_bills,SATTI_MALL
7,Plastering,sft,,1932.0,5053918.8,,contractor_bills\SATTI_MALL_C002_RunBill_01.xlsx,contractor_bills,SATTI_MALL
8,Flooring,sft,1577.4,1199.0,1891303.0,,contractor_bills\SATTI_MALL_C002_RunBill_01.xlsx,contractor_bills,SATTI_MALL
9,Electrical Wiring,point,1313.8,652.0,856597.6,,contractor_bills\SATTI_MALL_C002_RunBill_01.xlsx,contractor_bills,SATTI_MALL
,,,,,229625.06,,contractor_bills\SATTI_MALL_C002_RunBill_01.xlsx,contractor_bills,SATTI_MALL
,,,,,159339.7,,contractor_bills\SATTI_MALL_C002_RunBill_01.xlsx,contractor_bills,SATTI_MALL
,,,,,22962.51,,contractor_bills\SATTI_MALL_C002_RunBill_01.xlsx,contractor_bills,SATTI_MALL
,,,,,206662.55,,contractor_bills\SATTI_MALL_C002_RunBill_01.xlsx,contractor_bills,SATTI_MALL
Prepared:,,Checked:,,,,,contractor_bills\SATTI_MALL_C002_RunBill_01.xlsx,contractor_bills,SATTI_MALL
Bill No:,RB-SAT-C002-02,,,,,,contractor_bills\SATTI_MALL_C002_RunBill_02.xlsx,contractor_bills,SATTI_MALL
Date:,31/01/2007,,,,,,contractor_bills\SATTI_MALL_C002_RunBill_02.xlsx,contractor_bills,SATTI_MALL
Project:,SATTI_MALL,,,,,,contractor_bills\SATTI_MALL_C002_RunBill_02.xlsx,contractor_bills,SATTI_MALL
Contractor:,Iqbal Electrical Contractors,,,,,,contractor_bills\SATTI_MALL_C002_RunBill_02.xlsx,contractor_bills,SATTI_MALL
Scope:,Electrical,,,,,,contractor_bills\SATTI_MALL_C002_RunBill_02.xlsx,contractor_bills,SATTI_MALL
Contract Value:,7919397.29,,,,,,contractor_bills\SATTI_MALL_C002_RunBill_02.xlsx,contractor_bills,SATTI_MALL
WORK DONE THIS PERIOD,,,,,,,contractor_bills\SATTI_MALL_C002_RunBill_02.xlsx,contractor_bills,SATTI_MALL
1,RCC M20,cft,1271.5,1345.0,1710167.5,Verified,contractor_bills\SATTI_MALL_C002_RunBill_02.xlsx,contractor_bills,SATTI_MALL
2,Plumbing Fixture,nos,,2150.0,2796505.0,As per BOQ,contractor_bills\SATTI_MALL_C002_RunBill_02.xlsx,contractor_bills,SATTI_MALL
3,PCC 1:4:8,cft,1896.7,1921.0,3643560.7,As per BOQ,contractor_bills\SATTI_MALL_C002_RunBill_02.xlsx,contractor_bills,SATTI_MALL
4,Excavation,cft,716.1,1030.0,737583.0,Verified,contractor_bills\SATTI_MALL_C002_RunBill_02.xlsx,contractor_bills,SATTI_MALL
5,Electrical Wiring,point,801.4,645.0,516903.0,,contractor_bills\SATTI_MALL_C002_RunBill_02.xlsx,contractor_bills,SATTI_MALL
6,Door Frame,nos,529.4,2404.0,1272678.0,Disputed,contractor_bills\SATTI_MALL_C002_RunBill_02.xlsx,contractor_bills,SATTI_MALL
7,Painting,sft,4911.2,1005.0,4935756.0,,contractor_bills\SATTI_MALL_C002_RunBill_02.xlsx,contractor_bills,SATTI_MALL
8,Brick Masonry,cft,3945.4,1817.0,,As per BOQ,contractor_bills\SATTI_MALL_C002_RunBill_02.xlsx,contractor_bills,SATTI_MALL
,,,,,834981.21,,contractor_bills\SATTI_MALL_C002_RunBill_02.xlsx,contractor_bills,SATTI_MALL
,,,,,5491843.0,,contractor_bills\SATTI_MALL_C002_RunBill_02.xlsx,contractor_bills,SATTI_MALL
,,,,,83498.0,,contractor_bills\SATTI_MALL_C002_RunBill_02.xlsx,contractor_bills,SATTI_MALL
,,,,,751483.09,,contractor_bills\SATTI_MALL_C002_RunBill_02.xlsx,contractor_bills,SATTI_MALL
Prepared:,,Checked:,,,,,contractor_bills\SATTI_MALL_C002_RunBill_02.xlsx,contractor_bills,SATTI_MALL
Bill No:,RB-SAT-C002-03,,,,,,contractor_bills\SATTI_MALL_C002_RunBill_03.xlsx,contractor_bills,SATTI_MALL
Date:,26/06/07,,,,,,contractor_bills\SATTI_MALL_C002_RunBill_03.xlsx,contractor_bills,SATTI_MALL
Project:,SATTI_MALL,,,,,,contractor_bills\SATTI_MALL_C002_RunBill_03.xlsx,contractor_bills,SATTI_MALL
Contractor:,Iqbal Electrical Contractors,,,,,,contractor_bills\SATTI_MALL_C002_RunBill_03.xlsx,contractor_bills,SATTI_MALL
Scope:,Electrical,,,,,,contractor_bills\SATTI_MALL_C002_RunBill_03.xlsx,contractor_bills,SATTI_MALL
Contract Value:,11985359.68,,,,,,contractor_bills\SATTI_MALL_C002_RunBill_03.xlsx,contractor_bills,SATTI_MALL
WORK DONE THIS PERIOD,,,,,,,contractor_bills\SATTI_MALL_C002_RunBill_03.xlsx,contractor_bills,SATTI_MALL
1,Plumbing Fixture,nos,1052.6,1924.0,2025202.4,Verified,contractor_bills\SATTI_MALL_C002_RunBill_03.xlsx,contractor_bills,SATTI_MALL
2,Excavation,cft,619.7,1835.0,1137150.0,,contractor_bills\SATTI_MALL_C002_RunBill_03.xlsx,contractor_bills,SATTI_MALL
3,Plastering,sft,2337.6,2203.0,5149732.8,As per BOQ,contractor_bills\SATTI_MALL_C002_RunBill_03.xlsx,contractor_bills,SATTI_MALL
4,Brick Masonry,cft,3158.1,535.0,1689583.5,As per BOQ,contractor_bills\SATTI_MALL_C002_RunBill_03.xlsx,contractor_bills,SATTI_MALL
5,PCC 1:4:8,cft,"2,039/-",135.0,275292.0,,contractor_bills\SATTI_MALL_C002_RunBill_03.xlsx,contractor_bills,SATTI_MALL
6,Flooring,sft,"4,809/-",2479.0,11921263.1,,contractor_bills\SATTI_MALL_C002_RunBill_03.xlsx,contractor_bills,SATTI_MALL
,,,,,1521505.72,,contractor_bills\SATTI_MALL_C002_RunBill_03.xlsx,contractor_bills,SATTI_MALL
,,,,,7241062.0,,contractor_bills\SATTI_MALL_C002_RunBill_03.xlsx,contractor_bills,SATTI_MALL
,,,,,152150.57,,contractor_bills\SATTI_MALL_C002_RunBill_03.xlsx,contractor_bills,SATTI_MALL
,,,,,1369355.15,,contractor_bills\SATTI_MALL_C002_RunBill_03.xlsx,contractor_bills,SATTI_MALL
Prepared:,,Checked:,,,,,contractor_bills\SATTI_MALL_C002_RunBill_03.xlsx,contractor_bills,SATTI_MALL
Bill No:,RB-SAT-C002-04,,,,,,contractor_bills\SATTI_MALL_C002_RunBill_04.xlsx,contractor_bills,SATTI_MALL
Date:,28/05/06,,,,,,contractor_bills\SATTI_MALL_C002_RunBill_04.xlsx,contractor_bills,SATTI_MALL
Project:,SATTI_MALL,,,,,,contractor_bills\SATTI_MALL_C002_RunBill_04.xlsx,contractor_bills,SATTI_MALL
Contractor:,Iqbal Electrical Contractors,,,,,,contractor_bills\SATTI_MALL_C002_RunBill_04.xlsx,contractor_bills,SATTI_MALL
Scope:,Electrical,,,,,,contractor_bills\SATTI_MALL_C002_RunBill_04.xlsx,contractor_bills,SATTI_MALL
Contract Value:,14960315.09,,,,,,contractor_bills\SATTI_MALL_C002_RunBill_04.xlsx,contractor_bills,SATTI_MALL
WORK DONE THIS PERIOD,,,,,,,contractor_bills\SATTI_MALL_C002_RunBill_04.xlsx,contractor_bills,SATTI_MALL
1,Plumbing Fixture,nos,390.5,1529.0,597074.5,,contractor_bills\SATTI_MALL_C002_RunBill_04.xlsx,contractor_bills,SATTI_MALL
2,Brick Masonry,cft,2700.8,603.0,1628582.4,,contractor_bills\SATTI_MALL_C002_RunBill_04.xlsx,contractor_bills,SATTI_MALL
3,Flooring,sft,4984.7,,2626936.9,,contractor_bills\SATTI_MALL_C002_RunBill_04.xlsx,contractor_bills,SATTI_MALL
4,Painting,sft,376.8,1156.0,435581.0,,contractor_bills\SATTI_MALL_C002_RunBill_04.xlsx,contractor_bills,SATTI_MALL
5,Plastering,sft,4287.8,770.0,3301606.0,Verified,contractor_bills\SATTI_MALL_C002_RunBill_04.xlsx,contractor_bills,SATTI_MALL
6,RCC M20,cft,3892.3,877.0,3413547.1,,contractor_bills\SATTI_MALL_C002_RunBill_04.xlsx,contractor_bills,SATTI_MALL
7,PCC 1:4:8,cft,489,1879.0,918831.0,As per BOQ,contractor_bills\SATTI_MALL_C002_RunBill_04.xlsx,contractor_bills,SATTI_MALL
8,Excavation,cft,286.4,2218.0,635235.2,,contractor_bills\SATTI_MALL_C002_RunBill_04.xlsx,contractor_bills,SATTI_MALL
,,,,,987558.35,,contractor_bills\SATTI_MALL_C002_RunBill_04.xlsx,contractor_bills,SATTI_MALL
,,,,,307865.0,,contractor_bills\SATTI_MALL_C002_RunBill_04.xlsx,contractor_bills,SATTI_MALL
,,,,,98755.84,,contractor_bills\SATTI_MALL_C002_RunBill_04.xlsx,contractor_bills,SATTI_MALL
,,,,,888802.51,,contractor_bills\SATTI_MALL_C002_RunBill_04.xlsx,contractor_bills,SATTI_MALL
Prepared:,,Checked:,,,,,contractor_bills\SATTI_MALL_C002_RunBill_04.xlsx,contractor_bills,SATTI_MALL
Bill No:,RB-SAT-C002-05,,,,,,contractor_bills\SATTI_MALL_C002_RunBill_05.xlsx,contractor_bills,SATTI_MALL
Date:,27/10/2006,,,,,,contractor_bills\SATTI_MALL_C002_RunBill_05.xlsx,contractor_bills,SATTI_MALL
Project:,SATTI_MALL,,,,,,contractor_bills\SATTI_MALL_C002_RunBill_05.xlsx,contractor_bills,SATTI_MALL
Contractor:,Iqbal Electrical Contractors,,,,,,contractor_bills\SATTI_MALL_C002_RunBill_05.xlsx,contractor_bills,SATTI_MALL
Scope:,Electrical,,,,,,contractor_bills\SATTI_MALL_C002_RunBill_05.xlsx,contractor_bills,SATTI_MALL
Contract Value:,11630122.24,,,,,,contractor_bills\SATTI_MALL_C002_RunBill_05.xlsx,contractor_bills,SATTI_MALL
WORK DONE THIS PERIOD,,,,,,,contractor_bills\SATTI_MALL_C002_RunBill_05.xlsx,contractor_bills,SATTI_MALL
1,Window Frame,nos,1719.6,632.0,1086787.2,,contractor_bills\SATTI_MALL_C002_RunBill_05.xlsx,contractor_bills,SATTI_MALL
2,Excavation,cft,240.1,623.0,149582.0,Verified,contractor_bills\SATTI_MALL_C002_RunBill_05.xlsx,contractor_bills,SATTI_MALL
3,Plumbing Fixture,nos,"PKR 3,473",1534.0,5327428.6,,contractor_bills\SATTI_MALL_C002_RunBill_05.xlsx,contractor_bills,SATTI_MALL
4,Door Frame,nos,"PKR 1,436",495.0,710820.0,,contractor_bills\SATTI_MALL_C002_RunBill_05.xlsx,contractor_bills,SATTI_MALL
5,Flooring,sft,2020.2,1515.0,3060603.0,,contractor_bills\SATTI_MALL_C002_RunBill_05.xlsx,contractor_bills,SATTI_MALL
6,PCC 1:4:8,cft,1885.6,1962.0,3699547.2,,contractor_bills\SATTI_MALL_C002_RunBill_05.xlsx,contractor_bills,SATTI_MALL
,,,,,1175572.87,,contractor_bills\SATTI_MALL_C002_RunBill_05.xlsx,contractor_bills,SATTI_MALL
,,,,,2068054.88,,contractor_bills\SATTI_MALL_C002_RunBill_05.xlsx,contractor_bills,SATTI_MALL
,,,,,117557.29,,contractor_bills\SATTI_MALL_C002_RunBill_05.xlsx,contractor_bills,SATTI_MALL
,,,,,1058016.0,,contractor_bills\SATTI_MALL_C002_RunBill_05.xlsx,contractor_bills,SATTI_MALL
Prepared:,,Checked:,,,,,contractor_bills\SATTI_MALL_C002_RunBill_05.xlsx,contractor_bills,SATTI_MALL
Bill No:,RB-SAT-C002-06,,,,,,contractor_bills\SATTI_MALL_C002_RunBill_06.xlsx,contractor_bills,SATTI_MALL
Date:,2007/10/17,,,,,,contractor_bills\SATTI_MALL_C002_RunBill_06.xlsx,contractor_bills,SATTI_MALL
Project:,SATTI_MALL,,,,,,contractor_bills\SATTI_MALL_C002_RunBill_06.xlsx,contractor_bills,SATTI_MALL
Contractor:,Iqbal Electrical Contractors,,,,,,contractor_bills\SATTI_MALL_C002_RunBill_06.xlsx,contractor_bills,SATTI_MALL
Scope:,Electrical,,,,,,contractor_bills\SATTI_MALL_C002_RunBill_06.xlsx,contractor_bills,SATTI_MALL
Contract Value:,4785438.99,,,,,,contractor_bills\SATTI_MALL_C002_RunBill_06.xlsx,contractor_bills,SATTI_MALL
WORK DONE THIS PERIOD,,,,,,,contractor_bills\SATTI_MALL_C002_RunBill_06.xlsx,contractor_bills,SATTI_MALL
1,Plastering,sft,2803.6,2347.0,6580049.2,Disputed,contractor_bills\SATTI_MALL_C002_RunBill_06.xlsx,contractor_bills,SATTI_MALL
2,RCC M20,cft,3204.8,1170.0,3749616.0,As per BOQ,contractor_bills\SATTI_MALL_C002_RunBill_06.xlsx,contractor_bills,SATTI_MALL
3,Flooring,sft,1554.4,2360.0,3668384.0,,contractor_bills\SATTI_MALL_C002_RunBill_06.xlsx,contractor_bills,SATTI_MALL
4,Window Frame,nos,3254.4,2251.0,7325654.4,,contractor_bills\SATTI_MALL_C002_RunBill_06.xlsx,contractor_bills,SATTI_MALL
5,Plumbing Fixture,nos,4904.9,2079.0,10197287.1,,contractor_bills\SATTI_MALL_C002_RunBill_06.xlsx,contractor_bills,SATTI_MALL
,,,,,502122.11,,contractor_bills\SATTI_MALL_C002_RunBill_06.xlsx,contractor_bills,SATTI_MALL
,,,,,1793033.27,,contractor_bills\SATTI_MALL_C002_RunBill_06.xlsx,contractor_bills,SATTI_MALL
,,,,,50212.21,,contractor_bills\SATTI_MALL_C002_RunBill_06.xlsx,contractor_bills,SATTI_MALL
,,,,,451910.0,,contractor_bills\SATTI_MALL_C002_RunBill_06.xlsx,contractor_bills,SATTI_MALL
Prepared:,,Checked:,,,,,contractor_bills\SATTI_MALL_C002_RunBill_06.xlsx,contractor_bills,SATTI_MALL
Bill No:,RB-SAT-C003-01,,,,,,contractor_bills\SATTI_MALL_C003_RunBill_01.xlsx,contractor_bills,SATTI_MALL
Date:,2007/06/20,,,,,,contractor_bills\SATTI_MALL_C003_RunBill_01.xlsx,contractor_bills,SATTI_MALL
Project:,SATTI_MALL,,,,,,contractor_bills\SATTI_MALL_C003_RunBill_01.xlsx,contractor_bills,SATTI_MALL
Contractor:,Rehman Plumbing Works,,,,,,contractor_bills\SATTI_MALL_C003_RunBill_01.xlsx,contractor_bills,SATTI_MALL
Scope:,Plumbing,,,,,,contractor_bills\SATTI_MALL_C003_RunBill_01.xlsx,contractor_bills,SATTI_MALL
Contract Value:,9062425.92,,,,,,contractor_bills\SATTI_MALL_C003_RunBill_01.xlsx,contractor_bills,SATTI_MALL
WORK DONE THIS PERIOD,,,,,,,contractor_bills\SATTI_MALL_C003_RunBill_01.xlsx,contractor_bills,SATTI_MALL
1,Window Frame,nos,"PKR 3,134",149.0,466951.1,As per BOQ,contractor_bills\SATTI_MALL_C003_RunBill_01.xlsx,contractor_bills,SATTI_MALL
2,RCC M20,cft,3341.9,1309.0,4374547.1,,contractor_bills\SATTI_MALL_C003_RunBill_01.xlsx,contractor_bills,SATTI_MALL
3,Brick Masonry,cft,4898.5,999.0,,,contractor_bills\SATTI_MALL_C003_RunBill_01.xlsx,contractor_bills,SATTI_MALL
4,Plastering,sft,"PKR 4,848",2143.0,10388835.4,,contractor_bills\SATTI_MALL_C003_RunBill_01.xlsx,contractor_bills,SATTI_MALL
5,Flooring,sft,410/-,1593.0,652652.0,Disputed,contractor_bills\SATTI_MALL_C003_RunBill_01.xlsx,contractor_bills,SATTI_MALL
6,Door Frame,nos,4315.9,1328.0,5731515.2,As per BOQ,contractor_bills\SATTI_MALL_C003_RunBill_01.xlsx,contractor_bills,SATTI_MALL
7,Electrical Wiring,point,1848.1,1612.0,2979137.2,,contractor_bills\SATTI_MALL_C003_RunBill_01.xlsx,contractor_bills,SATTI_MALL
,,,,,,,contractor_bills\SATTI_MALL_C003_RunBill_01.xlsx,contractor_bills,SATTI_MALL
,,,,,2275625.3,,contractor_bills\SATTI_MALL_C003_RunBill_01.xlsx,contractor_bills,SATTI_MALL
,,,,,137280.46,,contractor_bills\SATTI_MALL_C003_RunBill_01.xlsx,contractor_bills,SATTI_MALL
,,,,,1235524.17,,contractor_bills\SATTI_MALL_C003_RunBill_01.xlsx,contractor_bills,SATTI_MALL
Prepared:,,Checked:,,,,,contractor_bills\SATTI_MALL_C003_RunBill_01.xlsx,contractor_bills,SATTI_MALL
Bill No:,RB-SAT-C003-02,,,,,,contractor_bills\SATTI_MALL_C003_RunBill_02.xlsx,contractor_bills,SATTI_MALL
Date:,06-17-2007,,,,,,contractor_bills\SATTI_MALL_C003_RunBill_02.xlsx,contractor_bills,SATTI_MALL
Project:,SATTI_MALL,,,,,,contractor_bills\SATTI_MALL_C003_RunBill_02.xlsx,contractor_bills,SATTI_MALL
Contractor:,Rehman Plumbing Works,,,,,,contractor_bills\SATTI_MALL_C003_RunBill_02.xlsx,contractor_bills,SATTI_MALL
Scope:,Plumbing,,,,,,contractor_bills\SATTI_MALL_C003_RunBill_02.xlsx,contractor_bills,SATTI_MALL
Contract Value:,11563012.16,,,,,,contractor_bills\SATTI_MALL_C003_RunBill_02.xlsx,contractor_bills,SATTI_MALL
WORK DONE THIS PERIOD,,,,,,,contractor_bills\SATTI_MALL_C003_RunBill_02.xlsx,contractor_bills,SATTI_MALL
1,PCC 1:4:8,cft,455,375.0,170625.0,As per BOQ,contractor_bills\SATTI_MALL_C003_RunBill_02.xlsx,contractor_bills,SATTI_MALL
2,Brick Masonry,cft,4805.5,316.0,1518538.0,As per BOQ,contractor_bills\SATTI_MALL_C003_RunBill_02.xlsx,contractor_bills,SATTI_MALL
3,Electrical Wiring,point,402.2,450.0,180990.0,,contractor_bills\SATTI_MALL_C003_RunBill_02.xlsx,contractor_bills,SATTI_MALL
4,Window Frame,nos,1595.6,1196.0,1908337.6,As per BOQ,contractor_bills\SATTI_MALL_C003_RunBill_02.xlsx,contractor_bills,SATTI_MALL
5,Door Frame,nos,380.9,1686.0,642197.0,As per BOQ,contractor_bills\SATTI_MALL_C003_RunBill_02.xlsx,contractor_bills,SATTI_MALL
6,Plumbing Fixture,nos,1621.9,395.0,640650.5,,contractor_bills\SATTI_MALL_C003_RunBill_02.xlsx,contractor_bills,SATTI_MALL
,,,,,803679.26,,contractor_bills\SATTI_MALL_C003_RunBill_02.xlsx,contractor_bills,SATTI_MALL
,,,,,3331908.0,,contractor_bills\SATTI_MALL_C003_RunBill_02.xlsx,contractor_bills,SATTI_MALL
,,,,,80367.93,,contractor_bills\SATTI_MALL_C003_RunBill_02.xlsx,contractor_bills,SATTI_MALL
,,,,,723311.3300000001,,contractor_bills\SATTI_MALL_C003_RunBill_02.xlsx,contractor_bills,SATTI_MALL
Prepared:,,Checked:,,,,,contractor_bills\SATTI_MALL_C003_RunBill_02.xlsx,contractor_bills,SATTI_MALL
Bill No:,RB-SAT-C003-03,,,,,,contractor_bills\SATTI_MALL_C003_RunBill_03.xlsx,contractor_bills,SATTI_MALL
Date:,2006/08/13,,,,,,contractor_bills\SATTI_MALL_C003_RunBill_03.xlsx,contractor_bills,SATTI_MALL
Project:,SATTI_MALL,,,,,,contractor_bills\SATTI_MALL_C003_RunBill_03.xlsx,contractor_bills,SATTI_MALL
Contractor:,Rehman Plumbing Works,,,,,,contractor_bills\SATTI_MALL_C003_RunBill_03.xlsx,contractor_bills,SATTI_MALL
Scope:,Plumbing,,,,,,contractor_bills\SATTI_MALL_C003_RunBill_03.xlsx,contractor_bills,SATTI_MALL
Contract Value:,6276213.88,,,,,,contractor_bills\SATTI_MALL_C003_RunBill_03.xlsx,contractor_bills,SATTI_MALL
WORK DONE THIS PERIOD,,,,,,,contractor_bills\SATTI_MALL_C003_RunBill_03.xlsx,contractor_bills,SATTI_MALL
1,Painting,sft,,2128.0,9330003.2,,contractor_bills\SATTI_MALL_C003_RunBill_03.xlsx,contractor_bills,SATTI_MALL
2,Door Frame,nos,2866.4,1152.0,3302092.8,,contractor_bills\SATTI_MALL_C003_RunBill_03.xlsx,contractor_bills,SATTI_MALL
3,Electrical Wiring,point,2149.2,1718.0,3692325.6,Disputed,contractor_bills\SATTI_MALL_C003_RunBill_03.xlsx,contractor_bills,SATTI_MALL
4,Brick Masonry,cft,2487.4,2256.0,5611574.4,,contractor_bills\SATTI_MALL_C003_RunBill_03.xlsx,contractor_bills,SATTI_MALL
5,Flooring,sft,21/-,1375.0,,Verified,contractor_bills\SATTI_MALL_C003_RunBill_03.xlsx,contractor_bills,SATTI_MALL
6,Window Frame,nos,804.5,2481.0,1995964.0,Verified,contractor_bills\SATTI_MALL_C003_RunBill_03.xlsx,contractor_bills,SATTI_MALL
7,PCC 1:4:8,cft,2241.9,307.0,688263.3,,contractor_bills\SATTI_MALL_C003_RunBill_03.xlsx,contractor_bills,SATTI_MALL
8,Plastering,sft,4686,228.0,1068408.0,Disputed,contractor_bills\SATTI_MALL_C003_RunBill_03.xlsx,contractor_bills,SATTI_MALL
,,,,,1187162.13,,contractor_bills\SATTI_MALL_C003_RunBill_03.xlsx,contractor_bills,SATTI_MALL
,,,,,2346847.54,,contractor_bills\SATTI_MALL_C003_RunBill_03.xlsx,contractor_bills,SATTI_MALL
,,,,,118716.21,,contractor_bills\SATTI_MALL_C003_RunBill_03.xlsx,contractor_bills,SATTI_MALL
,,,,,1068445.92,,contractor_bills\SATTI_MALL_C003_RunBill_03.xlsx,contractor_bills,SATTI_MALL
Prepared:,,Checked:,,,,,contractor_bills\SATTI_MALL_C003_RunBill_03.xlsx,contractor_bills,SATTI_MALL
Bill No:,RB-SAT-C004-01,,,,,,contractor_bills\SATTI_MALL_C004_RunBill_01.xlsx,contractor_bills,SATTI_MALL
Date:,15/07/07,,,,,,contractor_bills\SATTI_MALL_C004_RunBill_01.xlsx,contractor_bills,SATTI_MALL
Project:,SATTI_MALL,,,,,,contractor_bills\SATTI_MALL_C004_RunBill_01.xlsx,contractor_bills,SATTI_MALL
Contractor:,Noor Finishing & Interior,,,,,,contractor_bills\SATTI_MALL_C004_RunBill_01.xlsx,contractor_bills,SATTI_MALL
Scope:,Finishing,,,,,,contractor_bills\SATTI_MALL_C004_RunBill_01.xlsx,contractor_bills,SATTI_MALL
Contract Value:,"PKR 9,539,836",,,,,,contractor_bills\SATTI_MALL_C004_RunBill_01.xlsx,contractor_bills,SATTI_MALL
WORK DONE THIS PERIOD,,,,,,,contractor_bills\SATTI_MALL_C004_RunBill_01.xlsx,contractor_bills,SATTI_MALL
1,Electrical Wiring,point,3134.1,1293.0,4052391.0,Disputed,contractor_bills\SATTI_MALL_C004_RunBill_01.xlsx,contractor_bills,SATTI_MALL
2,Window Frame,nos,4619,626.0,2891494.0,,contractor_bills\SATTI_MALL_C004_RunBill_01.xlsx,contractor_bills,SATTI_MALL
3,Plumbing Fixture,nos,3287.1,114.0,374729.4,,contractor_bills\SATTI_MALL_C004_RunBill_01.xlsx,contractor_bills,SATTI_MALL
4,PCC 1:4:8,cft,3142.8,2435.0,7652718.0,As per BOQ,contractor_bills\SATTI_MALL_C004_RunBill_01.xlsx,contractor_bills,SATTI_MALL
5,Painting,sft,2877.2,1119.0,3219586.8,As per BOQ,contractor_bills\SATTI_MALL_C004_RunBill_01.xlsx,contractor_bills,SATTI_MALL
6,Excavation,cft,2888.3,1260.0,3639258.0,,contractor_bills\SATTI_MALL_C004_RunBill_01.xlsx,contractor_bills,SATTI_MALL
7,RCC M20,cft,3221.3,1722.0,5547078.6,,contractor_bills\SATTI_MALL_C004_RunBill_01.xlsx,contractor_bills,SATTI_MALL
8,Plastering,sft,4340.3,1901.0,8250910.3,Disputed,contractor_bills\SATTI_MALL_C004_RunBill_01.xlsx,contractor_bills,SATTI_MALL
9,Door Frame,nos,162.9,356.0,57992.4,Verified,contractor_bills\SATTI_MALL_C004_RunBill_01.xlsx,contractor_bills,SATTI_MALL
,,,,,1597945.51,,contractor_bills\SATTI_MALL_C004_RunBill_01.xlsx,contractor_bills,SATTI_MALL
,,,,,,,contractor_bills\SATTI_MALL_C004_RunBill_01.xlsx,contractor_bills,SATTI_MALL
,,,,,159794.55,,contractor_bills\SATTI_MALL_C004_RunBill_01.xlsx,contractor_bills,SATTI_MALL
,,,,,1438150.96,,contractor_bills\SATTI_MALL_C004_RunBill_01.xlsx,contractor_bills,SATTI_MALL
Prepared:,,Checked:,,,,,contractor_bills\SATTI_MALL_C004_RunBill_01.xlsx,contractor_bills,SATTI_MALL
Bill No:,RB-SAT-C004-02,,,,,,contractor_bills\SATTI_MALL_C004_RunBill_02.xlsx,contractor_bills,SATTI_MALL
Date:,08-Jun-2007,,,,,,contractor_bills\SATTI_MALL_C004_RunBill_02.xlsx,contractor_bills,SATTI_MALL
Project:,SATTI_MALL,,,,,,contractor_bills\SATTI_MALL_C004_RunBill_02.xlsx,contractor_bills,SATTI_MALL
Contractor:,Noor Finishing & Interior,,,,,,contractor_bills\SATTI_MALL_C004_RunBill_02.xlsx,contractor_bills,SATTI_MALL
Scope:,Finishing,,,,,,contractor_bills\SATTI_MALL_C004_RunBill_02.xlsx,contractor_bills,SATTI_MALL
Contract Value:,TBD,,,,,,contractor_bills\SATTI_MALL_C004_RunBill_02.xlsx,contractor_bills,SATTI_MALL
WORK DONE THIS PERIOD,,,,,,,contractor_bills\SATTI_MALL_C004_RunBill_02.xlsx,contractor_bills,SATTI_MALL
1,Window Frame,nos,,2423.0,4728484.5,As per BOQ,contractor_bills\SATTI_MALL_C004_RunBill_02.xlsx,contractor_bills,SATTI_MALL
2,Painting,sft,3043.6,1732.0,5271515.2,,contractor_bills\SATTI_MALL_C004_RunBill_02.xlsx,contractor_bills,SATTI_MALL
3,Door Frame,nos,1962.2,946.0,1856241.2,Disputed,contractor_bills\SATTI_MALL_C004_RunBill_02.xlsx,contractor_bills,SATTI_MALL
4,RCC M20,cft,2797.8,88.0,246206.4,Verified,contractor_bills\SATTI_MALL_C004_RunBill_02.xlsx,contractor_bills,SATTI_MALL
5,Plumbing Fixture,nos,978.9,1589.0,1555472.1,,contractor_bills\SATTI_MALL_C004_RunBill_02.xlsx,contractor_bills,SATTI_MALL
,,,,,576041.0,,contractor_bills\SATTI_MALL_C004_RunBill_02.xlsx,contractor_bills,SATTI_MALL
,,,,,826239.1,,contractor_bills\SATTI_MALL_C004_RunBill_02.xlsx,contractor_bills,SATTI_MALL
,,,,,57604.1,,contractor_bills\SATTI_MALL_C004_RunBill_02.xlsx,contractor_bills,SATTI_MALL
,,,,,,,contractor_bills\SATTI_MALL_C004_RunBill_02.xlsx,contractor_bills,SATTI_MALL
Prepared:,,Checked:,,,,,contractor_bills\SATTI_MALL_C004_RunBill_02.xlsx,contractor_bills,SATTI_MALL
Bill No:,RB-SAT-C004-03,,,,,,contractor_bills\SATTI_MALL_C004_RunBill_03.xlsx,contractor_bills,SATTI_MALL
Date:,20-Nov-2006,,,,,,contractor_bills\SATTI_MALL_C004_RunBill_03.xlsx,contractor_bills,SATTI_MALL
Project:,SATTI_MALL,,,,,,contractor_bills\SATTI_MALL_C004_RunBill_03.xlsx,contractor_bills,SATTI_MALL
Contractor:,Noor Finishing & Interior,,,,,,contractor_bills\SATTI_MALL_C004_RunBill_03.xlsx,contractor_bills,SATTI_MALL
Scope:,Finishing,,,,,,contractor_bills\SATTI_MALL_C004_RunBill_03.xlsx,contractor_bills,SATTI_MALL
Contract Value:,8062367.59,,,,,,contractor_bills\SATTI_MALL_C004_RunBill_03.xlsx,contractor_bills,SATTI_MALL
WORK DONE THIS PERIOD,,,,,,,contractor_bills\SATTI_MALL_C004_RunBill_03.xlsx,contractor_bills,SATTI_MALL
1,Excavation,cft,4013.9,745.0,2990355.5,As per BOQ,contractor_bills\SATTI_MALL_C004_RunBill_03.xlsx,contractor_bills,SATTI_MALL
2,Plumbing Fixture,nos,3082.4,2373.0,7314535.2,,contractor_bills\SATTI_MALL_C004_RunBill_03.xlsx,contractor_bills,SATTI_MALL
3,Plastering,sft,"PKR 4,176",1907.0,7964013.4,,contractor_bills\SATTI_MALL_C004_RunBill_03.xlsx,contractor_bills,SATTI_MALL
4,RCC M20,cft,,903.0,3868181.1,Disputed,contractor_bills\SATTI_MALL_C004_RunBill_03.xlsx,contractor_bills,SATTI_MALL
5,Painting,sft,4778.2,2167.0,10354359.4,,contractor_bills\SATTI_MALL_C004_RunBill_03.xlsx,contractor_bills,SATTI_MALL
6,Flooring,sft,1500.3,461.0,691638.3,Verified,contractor_bills\SATTI_MALL_C004_RunBill_03.xlsx,contractor_bills,SATTI_MALL
,,,,,1106935.21,,contractor_bills\SATTI_MALL_C004_RunBill_03.xlsx,contractor_bills,SATTI_MALL
,,,,,3977006.95,,contractor_bills\SATTI_MALL_C004_RunBill_03.xlsx,contractor_bills,SATTI_MALL
,,,,,110693.52,,contractor_bills\SATTI_MALL_C004_RunBill_03.xlsx,contractor_bills,SATTI_MALL
,,,,,996241.69,,contractor_bills\SATTI_MALL_C004_RunBill_03.xlsx,contractor_bills,SATTI_MALL
Prepared:,,Checked:,,,,,contractor_bills\SATTI_MALL_C004_RunBill_03.xlsx,contractor_bills,SATTI_MALL
Bill No:,RB-SAT-C005-01,,,,,,contractor_bills\SATTI_MALL_C005_RunBill_01.xlsx,contractor_bills,SATTI_MALL
Date:,19.01.2008,,,,,,contractor_bills\SATTI_MALL_C005_RunBill_01.xlsx,contractor_bills,SATTI_MALL
Project:,SATTI_MALL,,,,,,contractor_bills\SATTI_MALL_C005_RunBill_01.xlsx,contractor_bills,SATTI_MALL
Contractor:,Baig Steel Fabricators,,,,,,contractor_bills\SATTI_MALL_C005_RunBill_01.xlsx,contractor_bills,SATTI_MALL
Scope:,Steel/Metal,,,,,,contractor_bills\SATTI_MALL_C005_RunBill_01.xlsx,contractor_bills,SATTI_MALL
Contract Value:,4676473.03,,,,,,contractor_bills\SATTI_MALL_C005_RunBill_01.xlsx,contractor_bills,SATTI_MALL
WORK DONE THIS PERIOD,,,,,,,contractor_bills\SATTI_MALL_C005_RunBill_01.xlsx,contractor_bills,SATTI_MALL
1,Painting,sft,PKR 38,883.0,33377.4,,contractor_bills\SATTI_MALL_C005_RunBill_01.xlsx,contractor_bills,SATTI_MALL
2,Plumbing Fixture,nos,3413.2,746.0,2546247.2,Disputed,contractor_bills\SATTI_MALL_C005_RunBill_01.xlsx,contractor_bills,SATTI_MALL
3,PCC 1:4:8,cft,4975.6,1252.0,6229451.2,As per BOQ,contractor_bills\SATTI_MALL_C005_RunBill_01.xlsx,contractor_bills,SATTI_MALL
4,Brick Masonry,cft,4495.4,1983.0,8914378.2,,contractor_bills\SATTI_MALL_C005_RunBill_01.xlsx,contractor_bills,SATTI_MALL
,,,,,447450.82,,contractor_bills\SATTI_MALL_C005_RunBill_01.xlsx,contractor_bills,SATTI_MALL
,,,,,1643414.64,,contractor_bills\SATTI_MALL_C005_RunBill_01.xlsx,contractor_bills,SATTI_MALL
,,,,,44745.08,,contractor_bills\SATTI_MALL_C005_RunBill_01.xlsx,contractor_bills,SATTI_MALL
,,,,,402705.74,,contractor_bills\SATTI_MALL_C005_RunBill_01.xlsx,contractor_bills,SATTI_MALL
Prepared:,,Checked:,,,,,contractor_bills\SATTI_MALL_C005_RunBill_01.xlsx,contractor_bills,SATTI_MALL
Bill No:,RB-SAT-C005-02,,,,,,contractor_bills\SATTI_MALL_C005_RunBill_02.xlsx,contractor_bills,SATTI_MALL
Date:,19/02/07,,,,,,contractor_bills\SATTI_MALL_C005_RunBill_02.xlsx,contractor_bills,SATTI_MALL
Project:,SATTI_MALL,,,,,,contractor_bills\SATTI_MALL_C005_RunBill_02.xlsx,contractor_bills,SATTI_MALL
Contractor:,Baig Steel Fabricators,,,,,,contractor_bills\SATTI_MALL_C005_RunBill_02.xlsx,contractor_bills,SATTI_MALL
Scope:,Steel/Metal,,,,,,contractor_bills\SATTI_MALL_C005_RunBill_02.xlsx,contractor_bills,SATTI_MALL
Contract Value:,3532686.79,,,,,,contractor_bills\SATTI_MALL_C005_RunBill_02.xlsx,contractor_bills,SATTI_MALL
WORK DONE THIS PERIOD,,,,,,,contractor_bills\SATTI_MALL_C005_RunBill_02.xlsx,contractor_bills,SATTI_MALL
1,RCC M20,cft,833.6,1206.0,1005321.6,As per BOQ,contractor_bills\SATTI_MALL_C005_RunBill_02.xlsx,contractor_bills,SATTI_MALL
2,Brick Masonry,cft,2405.6,836.0,2011081.6,Disputed,contractor_bills\SATTI_MALL_C005_RunBill_02.xlsx,contractor_bills,SATTI_MALL
3,Window Frame,nos,PKR 782,1449.0,1133408.0,Disputed,contractor_bills\SATTI_MALL_C005_RunBill_02.xlsx,contractor_bills,SATTI_MALL
4,Door Frame,nos,3291.8,641.0,2110043.8,Disputed,contractor_bills\SATTI_MALL_C005_RunBill_02.xlsx,contractor_bills,SATTI_MALL
5,Plumbing Fixture,nos,3230.6,480.0,1550688.0,As per BOQ,contractor_bills\SATTI_MALL_C005_RunBill_02.xlsx,contractor_bills,SATTI_MALL
6,Excavation,cft,3280.4,2418.0,7932007.2,As per BOQ,contractor_bills\SATTI_MALL_C005_RunBill_02.xlsx,contractor_bills,SATTI_MALL
7,Plastering,sft,4776.4,2279.0,,,contractor_bills\SATTI_MALL_C005_RunBill_02.xlsx,contractor_bills,SATTI_MALL
,,,,,455272.01,,contractor_bills\SATTI_MALL_C005_RunBill_02.xlsx,contractor_bills,SATTI_MALL
,,,,,2370729.98,,contractor_bills\SATTI_MALL_C005_RunBill_02.xlsx,contractor_bills,SATTI_MALL
,,,,,45527.2,,contractor_bills\SATTI_MALL_C005_RunBill_02.xlsx,contractor_bills,SATTI_MALL
,,,,,409744.81,,contractor_bills\SATTI_MALL_C005_RunBill_02.xlsx,contractor_bills,SATTI_MALL
Prepared:,,Checked:,,,,,contractor_bills\SATTI_MALL_C005_RunBill_02.xlsx,contractor_bills,SATTI_MALL
Bill No:,RB-SAT-C005-03,,,,,,contractor_bills\SATTI_MALL_C005_RunBill_03.xlsx,contractor_bills,SATTI_MALL
Date:,28-Dec-2006,,,,,,contractor_bills\SATTI_MALL_C005_RunBill_03.xlsx,contractor_bills,SATTI_MALL
Project:,SATTI_MALL,,,,,,contractor_bills\SATTI_MALL_C005_RunBill_03.xlsx,contractor_bills,SATTI_MALL
Contractor:,Baig Steel Fabricators,,,,,,contractor_bills\SATTI_MALL_C005_RunBill_03.xlsx,contractor_bills,SATTI_MALL
Scope:,Steel/Metal,,,,,,contractor_bills\SATTI_MALL_C005_RunBill_03.xlsx,contractor_bills,SATTI_MALL
Contract Value:,8520477.76,,,,,,contractor_bills\SATTI_MALL_C005_RunBill_03.xlsx,contractor_bills,SATTI_MALL
WORK DONE THIS PERIOD,,,,,,,contractor_bills\SATTI_MALL_C005_RunBill_03.xlsx,contractor_bills,SATTI_MALL
1,Electrical Wiring,point,2892.3,2385.0,6898135.5,Disputed,contractor_bills\SATTI_MALL_C005_RunBill_03.xlsx,contractor_bills,SATTI_MALL
2,Painting,sft,"PKR 4,241",1477.0,6264252.4,As per BOQ,contractor_bills\SATTI_MALL_C005_RunBill_03.xlsx,contractor_bills,SATTI_MALL
3,Plastering,sft,1240,2258.0,2799920.0,,contractor_bills\SATTI_MALL_C005_RunBill_03.xlsx,contractor_bills,SATTI_MALL
4,Window Frame,nos,3542.5,2053.0,7272752.5,,contractor_bills\SATTI_MALL_C005_RunBill_03.xlsx,contractor_bills,SATTI_MALL
,,,,,1572079.13,,contractor_bills\SATTI_MALL_C005_RunBill_03.xlsx,contractor_bills,SATTI_MALL
,,,,,858106.42,,contractor_bills\SATTI_MALL_C005_RunBill_03.xlsx,contractor_bills,SATTI_MALL
,,,,,157207.91,,contractor_bills\SATTI_MALL_C005_RunBill_03.xlsx,contractor_bills,SATTI_MALL
,,,,,1414871.0,,contractor_bills\SATTI_MALL_C005_RunBill_03.xlsx,contractor_bills,SATTI_MALL
Prepared:,,Checked:,,,,,contractor_bills\SATTI_MALL_C005_RunBill_03.xlsx,contractor_bills,SATTI_MALL
Bill No:,RB-SAT-C005-04,,,,,,contractor_bills\SATTI_MALL_C005_RunBill_04.xlsx,contractor_bills,SATTI_MALL
Date:,09.05.2007,,,,,,contractor_bills\SATTI_MALL_C005_RunBill_04.xlsx,contractor_bills,SATTI_MALL
Project:,SATTI_MALL,,,,,,contractor_bills\SATTI_MALL_C005_RunBill_04.xlsx,contractor_bills,SATTI_MALL
Contractor:,Baig Steel Fabricators,,,,,,contractor_bills\SATTI_MALL_C005_RunBill_04.xlsx,contractor_bills,SATTI_MALL
Scope:,Steel/Metal,,,,,,contractor_bills\SATTI_MALL_C005_RunBill_04.xlsx,contractor_bills,SATTI_MALL
Contract Value:,TBD,,,,,,contractor_bills\SATTI_MALL_C005_RunBill_04.xlsx,contractor_bills,SATTI_MALL
WORK DONE THIS PERIOD,,,,,,,contractor_bills\SATTI_MALL_C005_RunBill_04.xlsx,contractor_bills,SATTI_MALL
1,RCC M20,cft,1018,731.0,744158.0,,contractor_bills\SATTI_MALL_C005_RunBill_04.xlsx,contractor_bills,SATTI_MALL
2,Brick Masonry,cft,"2,874/-",318.0,,As per BOQ,contractor_bills\SATTI_MALL_C005_RunBill_04.xlsx,contractor_bills,SATTI_MALL
3,Window Frame,nos,"2,857/-",2325.0,6642292.5,As per BOQ,contractor_bills\SATTI_MALL_C005_RunBill_04.xlsx,contractor_bills,SATTI_MALL
4,Flooring,sft,3651.5,1488.0,5433432.0,Disputed,contractor_bills\SATTI_MALL_C005_RunBill_04.xlsx,contractor_bills,SATTI_MALL
5,Excavation,cft,"4,341/-",1303.0,5655801.8,,contractor_bills\SATTI_MALL_C005_RunBill_04.xlsx,contractor_bills,SATTI_MALL
6,Door Frame,nos,2355.8,566.0,1333382.8,As per BOQ,contractor_bills\SATTI_MALL_C005_RunBill_04.xlsx,contractor_bills,SATTI_MALL
,,,,,1123051.08,,contractor_bills\SATTI_MALL_C005_RunBill_04.xlsx,contractor_bills,SATTI_MALL
,,,,,3463466.52,,contractor_bills\SATTI_MALL_C005_RunBill_04.xlsx,contractor_bills,SATTI_MALL
,,,,,112305.11,,contractor_bills\SATTI_MALL_C005_RunBill_04.xlsx,contractor_bills,SATTI_MALL
,,,,,,,contractor_bills\SATTI_MALL_C005_RunBill_04.xlsx,contractor_bills,SATTI_MALL
Prepared:,,Checked:,,,,,contractor_bills\SATTI_MALL_C005_RunBill_04.xlsx,contractor_bills,SATTI_MALL
Bill No:,RB-SAT-C006-01,,,,,,contractor_bills\SATTI_MALL_C006_RunBill_01.xlsx,contractor_bills,SATTI_MALL
Date:,24.06.2007,,,,,,contractor_bills\SATTI_MALL_C006_RunBill_01.xlsx,contractor_bills,SATTI_MALL
Project:,SATTI_MALL,,,,,,contractor_bills\SATTI_MALL_C006_RunBill_01.xlsx,contractor_bills,SATTI_MALL
Contractor:,Qamar Civil Engineers,,,,,,contractor_bills\SATTI_MALL_C006_RunBill_01.xlsx,contractor_bills,SATTI_MALL
Scope:,Civil Works,,,,,,contractor_bills\SATTI_MALL_C006_RunBill_01.xlsx,contractor_bills,SATTI_MALL
Contract Value:,7265015.81,,,,,,contractor_bills\SATTI_MALL_C006_RunBill_01.xlsx,contractor_bills,SATTI_MALL
WORK DONE THIS PERIOD,,,,,,,contractor_bills\SATTI_MALL_C006_RunBill_01.xlsx,contractor_bills,SATTI_MALL
1,Painting,sft,3256.6,1680.0,5471088.0,Verified,contractor_bills\SATTI_MALL_C006_RunBill_01.xlsx,contractor_bills,SATTI_MALL
2,Brick Masonry,cft,459.6,106.0,48717.6,Verified,contractor_bills\SATTI_MALL_C006_RunBill_01.xlsx,contractor_bills,SATTI_MALL
3,Window Frame,nos,2886.4,850.0,2453440.0,,contractor_bills\SATTI_MALL_C006_RunBill_01.xlsx,contractor_bills,SATTI_MALL
4,Excavation,cft,2961.1,1767.0,5232263.7,,contractor_bills\SATTI_MALL_C006_RunBill_01.xlsx,contractor_bills,SATTI_MALL
5,Plumbing Fixture,nos,3682.6,53.0,195177.8,Verified,contractor_bills\SATTI_MALL_C006_RunBill_01.xlsx,contractor_bills,SATTI_MALL
6,PCC 1:4:8,cft,"PKR 3,476",1267.0,4403965.3,,contractor_bills\SATTI_MALL_C006_RunBill_01.xlsx,contractor_bills,SATTI_MALL
7,Electrical Wiring,point,961.9,2341.0,2251807.9,As per BOQ,contractor_bills\SATTI_MALL_C006_RunBill_01.xlsx,contractor_bills,SATTI_MALL
,,,,,421556.0,,contractor_bills\SATTI_MALL_C006_RunBill_01.xlsx,contractor_bills,SATTI_MALL
,,,,,3357367.0,,contractor_bills\SATTI_MALL_C006_RunBill_01.xlsx,contractor_bills,SATTI_MALL
,,,,,42155.63,,contractor_bills\SATTI_MALL_C006_RunBill_01.xlsx,contractor_bills,SATTI_MALL
,,,,,379400.69,,contractor_bills\SATTI_MALL_C006_RunBill_01.xlsx,contractor_bills,SATTI_MALL
Prepared:,,Checked:,,,,,contractor_bills\SATTI_MALL_C006_RunBill_01.xlsx,contractor_bills,SATTI_MALL
Bill No:,RB-SAT-C006-02,,,,,,contractor_bills\SATTI_MALL_C006_RunBill_02.xlsx,contractor_bills,SATTI_MALL
Date:,27/05/2006,,,,,,contractor_bills\SATTI_MALL_C006_RunBill_02.xlsx,contractor_bills,SATTI_MALL
Project:,SATTI_MALL,,,,,,contractor_bills\SATTI_MALL_C006_RunBill_02.xlsx,contractor_bills,SATTI_MALL
Contractor:,Qamar Civil Engineers,,,,,,contractor_bills\SATTI_MALL_C006_RunBill_02.xlsx,contractor_bills,SATTI_MALL
Scope:,Civil Works,,,,,,contractor_bills\SATTI_MALL_C006_RunBill_02.xlsx,contractor_bills,SATTI_MALL
Contract Value:,2542264.5,,,,,,contractor_bills\SATTI_MALL_C006_RunBill_02.xlsx,contractor_bills,SATTI_MALL
WORK DONE THIS PERIOD,,,,,,,contractor_bills\SATTI_MALL_C006_RunBill_02.xlsx,contractor_bills,SATTI_MALL
1,Plumbing Fixture,nos,3084.5,2275.0,7017237.5,Disputed,contractor_bills\SATTI_MALL_C006_RunBill_02.xlsx,contractor_bills,SATTI_MALL
2,Excavation,cft,"4,466/-",805.0,3595371.5,Verified,contractor_bills\SATTI_MALL_C006_RunBill_02.xlsx,contractor_bills,SATTI_MALL
3,Brick Masonry,cft,2131.6,473.0,1008246.8,Verified,contractor_bills\SATTI_MALL_C006_RunBill_02.xlsx,contractor_bills,SATTI_MALL
4,Plastering,sft,24/-,158.0,3728.8,,contractor_bills\SATTI_MALL_C006_RunBill_02.xlsx,contractor_bills,SATTI_MALL
5,Electrical Wiring,point,143,2283.0,326469.0,Disputed,contractor_bills\SATTI_MALL_C006_RunBill_02.xlsx,contractor_bills,SATTI_MALL
6,PCC 1:4:8,cft,4716.6,1248.0,5886317.0,,contractor_bills\SATTI_MALL_C006_RunBill_02.xlsx,contractor_bills,SATTI_MALL
7,Flooring,sft,3354.3,1147.0,3847382.1,Verified,contractor_bills\SATTI_MALL_C006_RunBill_02.xlsx,contractor_bills,SATTI_MALL
8,Door Frame,nos,"PKR 2,323",529.0,1228655.4,Disputed,contractor_bills\SATTI_MALL_C006_RunBill_02.xlsx,contractor_bills,SATTI_MALL
9,Window Frame,nos,1667.4,2423.0,4040110.2,Verified,contractor_bills\SATTI_MALL_C006_RunBill_02.xlsx,contractor_bills,SATTI_MALL
,,,,,,,contractor_bills\SATTI_MALL_C006_RunBill_02.xlsx,contractor_bills,SATTI_MALL
,,,,,857497.48,,contractor_bills\SATTI_MALL_C006_RunBill_02.xlsx,contractor_bills,SATTI_MALL
,,,,,14763.52,,contractor_bills\SATTI_MALL_C006_RunBill_02.xlsx,contractor_bills,SATTI_MALL
,,,,,,,contractor_bills\SATTI_MALL_C006_RunBill_02.xlsx,contractor_bills,SATTI_MALL
Prepared:,,Checked:,,,,,contractor_bills\SATTI_MALL_C006_RunBill_02.xlsx,contractor_bills,SATTI_MALL
Bill No:,RB-SAT-C006-03,,,,,,contractor_bills\SATTI_MALL_C006_RunBill_03.xlsx,contractor_bills,SATTI_MALL
Date:,18.05.2006,,,,,,contractor_bills\SATTI_MALL_C006_RunBill_03.xlsx,contractor_bills,SATTI_MALL
Project:,SATTI_MALL,,,,,,contractor_bills\SATTI_MALL_C006_RunBill_03.xlsx,contractor_bills,SATTI_MALL
Contractor:,Qamar Civil Engineers,,,,,,contractor_bills\SATTI_MALL_C006_RunBill_03.xlsx,contractor_bills,SATTI_MALL
Scope:,Civil Works,,,,,,contractor_bills\SATTI_MALL_C006_RunBill_03.xlsx,contractor_bills,SATTI_MALL
Contract Value:,8694402.59,,,,,,contractor_bills\SATTI_MALL_C006_RunBill_03.xlsx,contractor_bills,SATTI_MALL
WORK DONE THIS PERIOD,,,,,,,contractor_bills\SATTI_MALL_C006_RunBill_03.xlsx,contractor_bills,SATTI_MALL
1,Flooring,sft,1210.3,389.0,470807.0,Verified,contractor_bills\SATTI_MALL_C006_RunBill_03.xlsx,contractor_bills,SATTI_MALL
2,RCC M20,cft,2133.6,811.0,1730349.6,,contractor_bills\SATTI_MALL_C006_RunBill_03.xlsx,contractor_bills,SATTI_MALL
3,PCC 1:4:8,cft,2946.7,1683.0,4959296.0,Verified,contractor_bills\SATTI_MALL_C006_RunBill_03.xlsx,contractor_bills,SATTI_MALL
4,Painting,sft,"2,724/-",2357.0,6420468.0,Verified,contractor_bills\SATTI_MALL_C006_RunBill_03.xlsx,contractor_bills,SATTI_MALL
5,Plastering,sft,1582.1,1686.0,,Verified,contractor_bills\SATTI_MALL_C006_RunBill_03.xlsx,contractor_bills,SATTI_MALL
6,Excavation,cft,2514.2,2029.0,5101311.8,Disputed,contractor_bills\SATTI_MALL_C006_RunBill_03.xlsx,contractor_bills,SATTI_MALL
7,Plumbing Fixture,nos,2650.6,1257.0,3331804.2,Disputed,contractor_bills\SATTI_MALL_C006_RunBill_03.xlsx,contractor_bills,SATTI_MALL
,,,,,1128131.37,,contractor_bills\SATTI_MALL_C006_RunBill_03.xlsx,contractor_bills,SATTI_MALL
,,,,,1105998.47,,contractor_bills\SATTI_MALL_C006_RunBill_03.xlsx,contractor_bills,SATTI_MALL
,,,,,112813.14,,contractor_bills\SATTI_MALL_C006_RunBill_03.xlsx,contractor_bills,SATTI_MALL
,,,,,1015318.23,,contractor_bills\SATTI_MALL_C006_RunBill_03.xlsx,contractor_bills,SATTI_MALL
Prepared:,,Checked:,,,,,contractor_bills\SATTI_MALL_C006_RunBill_03.xlsx,contractor_bills,SATTI_MALL
Bill No:,RB-SAT-C006-04,,,,,,contractor_bills\SATTI_MALL_C006_RunBill_04.xlsx,contractor_bills,SATTI_MALL
Date:,2007/06/25,,,,,,contractor_bills\SATTI_MALL_C006_RunBill_04.xlsx,contractor_bills,SATTI_MALL
Project:,SATTI_MALL,,,,,,contractor_bills\SATTI_MALL_C006_RunBill_04.xlsx,contractor_bills,SATTI_MALL
Contractor:,Qamar Civil Engineers,,,,,,contractor_bills\SATTI_MALL_C006_RunBill_04.xlsx,contractor_bills,SATTI_MALL
Scope:,Civil Works,,,,,,contractor_bills\SATTI_MALL_C006_RunBill_04.xlsx,contractor_bills,SATTI_MALL
Contract Value:,13667098.41,,,,,,contractor_bills\SATTI_MALL_C006_RunBill_04.xlsx,contractor_bills,SATTI_MALL
WORK DONE THIS PERIOD,,,,,,,contractor_bills\SATTI_MALL_C006_RunBill_04.xlsx,contractor_bills,SATTI_MALL
1,Flooring,sft,264.4,1179.0,311727.6,Disputed,contractor_bills\SATTI_MALL_C006_RunBill_04.xlsx,contractor_bills,SATTI_MALL
2,RCC M20,cft,PKR 800,1680.0,1344336.0,,contractor_bills\SATTI_MALL_C006_RunBill_04.xlsx,contractor_bills,SATTI_MALL
3,Excavation,cft,4510.7,1387.0,6256340.9,,contractor_bills\SATTI_MALL_C006_RunBill_04.xlsx,contractor_bills,SATTI_MALL
4,Brick Masonry,cft,2981.4,2218.0,6612745.2,,contractor_bills\SATTI_MALL_C006_RunBill_04.xlsx,contractor_bills,SATTI_MALL
5,Door Frame,nos,2227.8,105.0,233919.0,Verified,contractor_bills\SATTI_MALL_C006_RunBill_04.xlsx,contractor_bills,SATTI_MALL
,,,,,987666.25,,contractor_bills\SATTI_MALL_C006_RunBill_04.xlsx,contractor_bills,SATTI_MALL
,,,,,9140780.02,,contractor_bills\SATTI_MALL_C006_RunBill_04.xlsx,contractor_bills,SATTI_MALL
,,,,,98766.62,,contractor_bills\SATTI_MALL_C006_RunBill_04.xlsx,contractor_bills,SATTI_MALL
,,,,,888899.63,,contractor_bills\SATTI_MALL_C006_RunBill_04.xlsx,contractor_bills,SATTI_MALL
Prepared:,,Checked:,,,,,contractor_bills\SATTI_MALL_C006_RunBill_04.xlsx,contractor_bills,SATTI_MALL
Bill No:,RB-SAT-C006-05,,,,,,contractor_bills\SATTI_MALL_C006_RunBill_05.xlsx,contractor_bills,SATTI_MALL
Date:,13/06/07,,,,,,contractor_bills\SATTI_MALL_C006_RunBill_05.xlsx,contractor_bills,SATTI_MALL
Project:,SATTI_MALL,,,,,,contractor_bills\SATTI_MALL_C006_RunBill_05.xlsx,contractor_bills,SATTI_MALL
Contractor:,Qamar Civil Engineers,,,,,,contractor_bills\SATTI_MALL_C006_RunBill_05.xlsx,contractor_bills,SATTI_MALL
Scope:,Civil Works,,,,,,contractor_bills\SATTI_MALL_C006_RunBill_05.xlsx,contractor_bills,SATTI_MALL
Contract Value:,13465372.03,,,,,,contractor_bills\SATTI_MALL_C006_RunBill_05.xlsx,contractor_bills,SATTI_MALL
WORK DONE THIS PERIOD,,,,,,,contractor_bills\SATTI_MALL_C006_RunBill_05.xlsx,contractor_bills,SATTI_MALL
1,Brick Masonry,cft,2022.1,1923.0,3888498.3,Disputed,contractor_bills\SATTI_MALL_C006_RunBill_05.xlsx,contractor_bills,SATTI_MALL
2,Flooring,sft,2956.2,1989.0,5879881.8,As per BOQ,contractor_bills\SATTI_MALL_C006_RunBill_05.xlsx,contractor_bills,SATTI_MALL
3,PCC 1:4:8,cft,3763.3,1468.0,5524524.4,,contractor_bills\SATTI_MALL_C006_RunBill_05.xlsx,contractor_bills,SATTI_MALL
4,Plastering,sft,2948.3,612.0,1804360.0,,contractor_bills\SATTI_MALL_C006_RunBill_05.xlsx,contractor_bills,SATTI_MALL
5,Door Frame,nos,1779.5,158.0,,Verified,contractor_bills\SATTI_MALL_C006_RunBill_05.xlsx,contractor_bills,SATTI_MALL
,,,,,952487.86,,contractor_bills\SATTI_MALL_C006_RunBill_05.xlsx,contractor_bills,SATTI_MALL
,,,,,2866506.44,,contractor_bills\SATTI_MALL_C006_RunBill_05.xlsx,contractor_bills,SATTI_MALL
,,,,,95248.79,,contractor_bills\SATTI_MALL_C006_RunBill_05.xlsx,contractor_bills,SATTI_MALL
,,,,,857239.07,,contractor_bills\SATTI_MALL_C006_RunBill_05.xlsx,contractor_bills,SATTI_MALL
Prepared:,,Checked:,,,,,contractor_bills\SATTI_MALL_C006_RunBill_05.xlsx,contractor_bills,SATTI_MALL
Bill No:,RB-SAT-C007-01,,,,,,contractor_bills\SATTI_MALL_C007_RunBill_01.xlsx,contractor_bills,SATTI_MALL
Date:,18/08/06,,,,,,contractor_bills\SATTI_MALL_C007_RunBill_01.xlsx,contractor_bills,SATTI_MALL
Project:,SATTI_MALL,,,,,,contractor_bills\SATTI_MALL_C007_RunBill_01.xlsx,contractor_bills,SATTI_MALL
Contractor:,Bilal Tiles & Flooring,,,,,,contractor_bills\SATTI_MALL_C007_RunBill_01.xlsx,contractor_bills,SATTI_MALL
Scope:,Flooring,,,,,,contractor_bills\SATTI_MALL_C007_RunBill_01.xlsx,contractor_bills,SATTI_MALL
Contract Value:,11795944.97,,,,,,contractor_bills\SATTI_MALL_C007_RunBill_01.xlsx,contractor_bills,SATTI_MALL
WORK DONE THIS PERIOD,,,,,,,contractor_bills\SATTI_MALL_C007_RunBill_01.xlsx,contractor_bills,SATTI_MALL
1,Flooring,sft,2904.2,646.0,1876113.2,,contractor_bills\SATTI_MALL_C007_RunBill_01.xlsx,contractor_bills,SATTI_MALL
2,RCC M20,cft,2873.6,1984.0,5701222.4,,contractor_bills\SATTI_MALL_C007_RunBill_01.xlsx,contractor_bills,SATTI_MALL
3,Electrical Wiring,point,215,1118.0,,,contractor_bills\SATTI_MALL_C007_RunBill_01.xlsx,contractor_bills,SATTI_MALL
4,Painting,sft,2883,1091.0,3145353.0,As per BOQ,contractor_bills\SATTI_MALL_C007_RunBill_01.xlsx,contractor_bills,SATTI_MALL
,,,,,2001531.55,,contractor_bills\SATTI_MALL_C007_RunBill_01.xlsx,contractor_bills,SATTI_MALL
,,,,,3800271.84,,contractor_bills\SATTI_MALL_C007_RunBill_01.xlsx,contractor_bills,SATTI_MALL
,,,,,200153.16,,contractor_bills\SATTI_MALL_C007_RunBill_01.xlsx,contractor_bills,SATTI_MALL
,,,,,1801378.39,,contractor_bills\SATTI_MALL_C007_RunBill_01.xlsx,contractor_bills,SATTI_MALL
Prepared:,,Checked:,,,,,contractor_bills\SATTI_MALL_C007_RunBill_01.xlsx,contractor_bills,SATTI_MALL
Bill No:,RB-SAT-C007-02,,,,,,contractor_bills\SATTI_MALL_C007_RunBill_02.xlsx,contractor_bills,SATTI_MALL
Date:,01-05-2008,,,,,,contractor_bills\SATTI_MALL_C007_RunBill_02.xlsx,contractor_bills,SATTI_MALL
Project:,SATTI_MALL,,,,,,contractor_bills\SATTI_MALL_C007_RunBill_02.xlsx,contractor_bills,SATTI_MALL
Contractor:,Bilal Tiles & Flooring,,,,,,contractor_bills\SATTI_MALL_C007_RunBill_02.xlsx,contractor_bills,SATTI_MALL
Scope:,Flooring,,,,,,contractor_bills\SATTI_MALL_C007_RunBill_02.xlsx,contractor_bills,SATTI_MALL
Contract Value:,9781406.58,,,,,,contractor_bills\SATTI_MALL_C007_RunBill_02.xlsx,contractor_bills,SATTI_MALL
WORK DONE THIS PERIOD,,,,,,,contractor_bills\SATTI_MALL_C007_RunBill_02.xlsx,contractor_bills,SATTI_MALL
1,Flooring,sft,3488.1,720.0,2511432.0,Disputed,contractor_bills\SATTI_MALL_C007_RunBill_02.xlsx,contractor_bills,SATTI_MALL
2,Painting,sft,2426.4,2283.0,5539471.2,Verified,contractor_bills\SATTI_MALL_C007_RunBill_02.xlsx,contractor_bills,SATTI_MALL
3,Excavation,cft,"PKR 2,870",1389.0,3986985.6,,contractor_bills\SATTI_MALL_C007_RunBill_02.xlsx,contractor_bills,SATTI_MALL
4,Brick Masonry,cft,"2,314/-",1400.0,3239600.0,,contractor_bills\SATTI_MALL_C007_RunBill_02.xlsx,contractor_bills,SATTI_MALL
,,,,,1693281.49,,contractor_bills\SATTI_MALL_C007_RunBill_02.xlsx,contractor_bills,SATTI_MALL
,,,,,1117736.72,,contractor_bills\SATTI_MALL_C007_RunBill_02.xlsx,contractor_bills,SATTI_MALL
,,,,,169328.15,,contractor_bills\SATTI_MALL_C007_RunBill_02.xlsx,contractor_bills,SATTI_MALL
,,,,,,,contractor_bills\SATTI_MALL_C007_RunBill_02.xlsx,contractor_bills,SATTI_MALL
Prepared:,,Checked:,,,,,contractor_bills\SATTI_MALL_C007_RunBill_02.xlsx,contractor_bills,SATTI_MALL
Bill No:,RB-SAT-C007-03,,,,,,contractor_bills\SATTI_MALL_C007_RunBill_03.xlsx,contractor_bills,SATTI_MALL
Date:,08.06.2007,,,,,,contractor_bills\SATTI_MALL_C007_RunBill_03.xlsx,contractor_bills,SATTI_MALL
Project:,SATTI_MALL,,,,,,contractor_bills\SATTI_MALL_C007_RunBill_03.xlsx,contractor_bills,SATTI_MALL
Contractor:,Bilal Tiles & Flooring,,,,,,contractor_bills\SATTI_MALL_C007_RunBill_03.xlsx,contractor_bills,SATTI_MALL
Scope:,Flooring,,,,,,contractor_bills\SATTI_MALL_C007_RunBill_03.xlsx,contractor_bills,SATTI_MALL
Contract Value:,9585556.42,,,,,,contractor_bills\SATTI_MALL_C007_RunBill_03.xlsx,contractor_bills,SATTI_MALL
WORK DONE THIS PERIOD,,,,,,,contractor_bills\SATTI_MALL_C007_RunBill_03.xlsx,contractor_bills,SATTI_MALL
1,Electrical Wiring,point,4225.6,1964.0,8299078.4,,contractor_bills\SATTI_MALL_C007_RunBill_03.xlsx,contractor_bills,SATTI_MALL
2,RCC M20,cft,361.2,243.0,87771.6,,contractor_bills\SATTI_MALL_C007_RunBill_03.xlsx,contractor_bills,SATTI_MALL
3,Plumbing Fixture,nos,2780.6,1017.0,2827870.2,As per BOQ,contractor_bills\SATTI_MALL_C007_RunBill_03.xlsx,contractor_bills,SATTI_MALL
4,Excavation,cft,2900.6,853.0,2474212.0,,contractor_bills\SATTI_MALL_C007_RunBill_03.xlsx,contractor_bills,SATTI_MALL
,,,,,1264212.7,,contractor_bills\SATTI_MALL_C007_RunBill_03.xlsx,contractor_bills,SATTI_MALL
,,,,,6355506.21,,contractor_bills\SATTI_MALL_C007_RunBill_03.xlsx,contractor_bills,SATTI_MALL
,,,,,126421.27,,contractor_bills\SATTI_MALL_C007_RunBill_03.xlsx,contractor_bills,SATTI_MALL
,,,,,1137791.43,,contractor_bills\SATTI_MALL_C007_RunBill_03.xlsx,contractor_bills,SATTI_MALL
Prepared:,,Checked:,,,,,contractor_bills\SATTI_MALL_C007_RunBill_03.xlsx,contractor_bills,SATTI_MALL
Bill No:,RB-SAT-C007-04,,,,,,contractor_bills\SATTI_MALL_C007_RunBill_04.xlsx,contractor_bills,SATTI_MALL
Date:,2007/12/16,,,,,,contractor_bills\SATTI_MALL_C007_RunBill_04.xlsx,contractor_bills,SATTI_MALL
Project:,SATTI_MALL,,,,,,contractor_bills\SATTI_MALL_C007_RunBill_04.xlsx,contractor_bills,SATTI_MALL
Contractor:,Bilal Tiles & Flooring,,,,,,contractor_bills\SATTI_MALL_C007_RunBill_04.xlsx,contractor_bills,SATTI_MALL
Scope:,Flooring,,,,,,contractor_bills\SATTI_MALL_C007_RunBill_04.xlsx,contractor_bills,SATTI_MALL
Contract Value:,4128157.4,,,,,,contractor_bills\SATTI_MALL_C007_RunBill_04.xlsx,contractor_bills,SATTI_MALL
WORK DONE THIS PERIOD,,,,,,,contractor_bills\SATTI_MALL_C007_RunBill_04.xlsx,contractor_bills,SATTI_MALL
1,Electrical Wiring,point,4824.1,521.0,2513356.1,As per BOQ,contractor_bills\SATTI_MALL_C007_RunBill_04.xlsx,contractor_bills,SATTI_MALL
2,Door Frame,nos,1854,2007.0,3720978.0,As per BOQ,contractor_bills\SATTI_MALL_C007_RunBill_04.xlsx,contractor_bills,SATTI_MALL
3,Plastering,sft,1689.2,759.0,1282102.8,Verified,contractor_bills\SATTI_MALL_C007_RunBill_04.xlsx,contractor_bills,SATTI_MALL
4,Painting,sft,278,,,As per BOQ,contractor_bills\SATTI_MALL_C007_RunBill_04.xlsx,contractor_bills,SATTI_MALL
,,,,,,,contractor_bills\SATTI_MALL_C007_RunBill_04.xlsx,contractor_bills,SATTI_MALL
,,,,,135695.9,,contractor_bills\SATTI_MALL_C007_RunBill_04.xlsx,contractor_bills,SATTI_MALL
,,,,,77640.84,,contractor_bills\SATTI_MALL_C007_RunBill_04.xlsx,contractor_bills,SATTI_MALL
,,,,,698767.5900000001,,contractor_bills\SATTI_MALL_C007_RunBill_04.xlsx,contractor_bills,SATTI_MALL
Prepared:,,Checked:,,,,,contractor_bills\SATTI_MALL_C007_RunBill_04.xlsx,contractor_bills,SATTI_MALL
Bill No:,RB-SAT-C008-01,,,,,,contractor_bills\SATTI_MALL_C008_RunBill_01.xlsx,contractor_bills,SATTI_MALL
Date:,29/08/2007,,,,,,contractor_bills\SATTI_MALL_C008_RunBill_01.xlsx,contractor_bills,SATTI_MALL
Project:,SATTI_MALL,,,,,,contractor_bills\SATTI_MALL_C008_RunBill_01.xlsx,contractor_bills,SATTI_MALL
Contractor:,Sultan HVAC Services,,,,,,contractor_bills\SATTI_MALL_C008_RunBill_01.xlsx,contractor_bills,SATTI_MALL
Scope:,HVAC,,,,,,contractor_bills\SATTI_MALL_C008_RunBill_01.xlsx,contractor_bills,SATTI_MALL
Contract Value:,5003935.85,,,,,,contractor_bills\SATTI_MALL_C008_RunBill_01.xlsx,contractor_bills,SATTI_MALL
WORK DONE THIS PERIOD,,,,,,,contractor_bills\SATTI_MALL_C008_RunBill_01.xlsx,contractor_bills,SATTI_MALL
1,Door Frame,nos,2893.4,2212.0,6400200.8,Verified,contractor_bills\SATTI_MALL_C008_RunBill_01.xlsx,contractor_bills,SATTI_MALL
2,Plumbing Fixture,nos,4971.1,,5224626.1,,contractor_bills\SATTI_MALL_C008_RunBill_01.xlsx,contractor_bills,SATTI_MALL
3,Window Frame,nos,563.4,453.0,255220.2,Disputed,contractor_bills\SATTI_MALL_C008_RunBill_01.xlsx,contractor_bills,SATTI_MALL
4,RCC M20,cft,2156.1,1756.0,3786111.6,Disputed,contractor_bills\SATTI_MALL_C008_RunBill_01.xlsx,contractor_bills,SATTI_MALL
5,PCC 1:4:8,cft,4868.8,1607.0,7824161.6,Verified,contractor_bills\SATTI_MALL_C008_RunBill_01.xlsx,contractor_bills,SATTI_MALL
6,Excavation,cft,3362,1752.0,5890224.0,Verified,contractor_bills\SATTI_MALL_C008_RunBill_01.xlsx,contractor_bills,SATTI_MALL
7,Flooring,sft,3382.3,1102.0,3727294.6,Verified,contractor_bills\SATTI_MALL_C008_RunBill_01.xlsx,contractor_bills,SATTI_MALL
,,,,,487387.29,,contractor_bills\SATTI_MALL_C008_RunBill_01.xlsx,contractor_bills,SATTI_MALL
,,,,,470548.07,,contractor_bills\SATTI_MALL_C008_RunBill_01.xlsx,contractor_bills,SATTI_MALL
,,,,,48739.0,,contractor_bills\SATTI_MALL_C008_RunBill_01.xlsx,contractor_bills,SATTI_MALL
,,,,,438648.56,,contractor_bills\SATTI_MALL_C008_RunBill_01.xlsx,contractor_bills,SATTI_MALL
Prepared:,,Checked:,,,,,contractor_bills\SATTI_MALL_C008_RunBill_01.xlsx,contractor_bills,SATTI_MALL
Bill No:,RB-SAT-C008-02,,,,,,contractor_bills\SATTI_MALL_C008_RunBill_02.xlsx,contractor_bills,SATTI_MALL
Date:,15/11/06,,,,,,contractor_bills\SATTI_MALL_C008_RunBill_02.xlsx,contractor_bills,SATTI_MALL
Project:,SATTI_MALL,,,,,,contractor_bills\SATTI_MALL_C008_RunBill_02.xlsx,contractor_bills,SATTI_MALL
Contractor:,Sultan HVAC Services,,,,,,contractor_bills\SATTI_MALL_C008_RunBill_02.xlsx,contractor_bills,SATTI_MALL
Scope:,HVAC,,,,,,contractor_bills\SATTI_MALL_C008_RunBill_02.xlsx,contractor_bills,SATTI_MALL
Contract Value:,2735375.53,,,,,,contractor_bills\SATTI_MALL_C008_RunBill_02.xlsx,contractor_bills,SATTI_MALL
WORK DONE THIS PERIOD,,,,,,,contractor_bills\SATTI_MALL_C008_RunBill_02.xlsx,contractor_bills,SATTI_MALL
1,Window Frame,nos,4008,215.0,861720.0,Verified,contractor_bills\SATTI_MALL_C008_RunBill_02.xlsx,contractor_bills,SATTI_MALL
2,Flooring,sft,3180.4,131.0,416632.4,,contractor_bills\SATTI_MALL_C008_RunBill_02.xlsx,contractor_bills,SATTI_MALL
3,RCC M20,cft,732.7,1579.0,1156933.3,,contractor_bills\SATTI_MALL_C008_RunBill_02.xlsx,contractor_bills,SATTI_MALL
4,PCC 1:4:8,cft,4605,1765.0,8127825.0,Disputed,contractor_bills\SATTI_MALL_C008_RunBill_02.xlsx,contractor_bills,SATTI_MALL
5,Brick Masonry,cft,"2,531/-",1310.0,3315217.0,Verified,contractor_bills\SATTI_MALL_C008_RunBill_02.xlsx,contractor_bills,SATTI_MALL
6,Plumbing Fixture,nos,4584.8,2391.0,10962256.8,As per BOQ,contractor_bills\SATTI_MALL_C008_RunBill_02.xlsx,contractor_bills,SATTI_MALL
7,Excavation,cft,4396.3,1737.0,7636373.1,,contractor_bills\SATTI_MALL_C008_RunBill_02.xlsx,contractor_bills,SATTI_MALL
8,Plastering,sft,3212.5,1645.0,5284562.5,,contractor_bills\SATTI_MALL_C008_RunBill_02.xlsx,contractor_bills,SATTI_MALL
,,,,,320360.1,,contractor_bills\SATTI_MALL_C008_RunBill_02.xlsx,contractor_bills,SATTI_MALL
,,,,,1365082.77,,contractor_bills\SATTI_MALL_C008_RunBill_02.xlsx,contractor_bills,SATTI_MALL
,,,,,32036.01,,contractor_bills\SATTI_MALL_C008_RunBill_02.xlsx,contractor_bills,SATTI_MALL
,,,,,288324.09,,contractor_bills\SATTI_MALL_C008_RunBill_02.xlsx,contractor_bills,SATTI_MALL
Prepared:,,Checked:,,,,,contractor_bills\SATTI_MALL_C008_RunBill_02.xlsx,contractor_bills,SATTI_MALL
Bill No:,RB-SAT-C008-03,,,,,,contractor_bills\SATTI_MALL_C008_RunBill_03.xlsx,contractor_bills,SATTI_MALL
Date:,2007/11/03,,,,,,contractor_bills\SATTI_MALL_C008_RunBill_03.xlsx,contractor_bills,SATTI_MALL
Project:,SATTI_MALL,,,,,,contractor_bills\SATTI_MALL_C008_RunBill_03.xlsx,contractor_bills,SATTI_MALL
Contractor:,Sultan HVAC Services,,,,,,contractor_bills\SATTI_MALL_C008_RunBill_03.xlsx,contractor_bills,SATTI_MALL
Scope:,HVAC,,,,,,contractor_bills\SATTI_MALL_C008_RunBill_03.xlsx,contractor_bills,SATTI_MALL
Contract Value:,11162446.56,,,,,,contractor_bills\SATTI_MALL_C008_RunBill_03.xlsx,contractor_bills,SATTI_MALL
WORK DONE THIS PERIOD,,,,,,,contractor_bills\SATTI_MALL_C008_RunBill_03.xlsx,contractor_bills,SATTI_MALL
1,Electrical Wiring,point,,1501.0,4873747.0,,contractor_bills\SATTI_MALL_C008_RunBill_03.xlsx,contractor_bills,SATTI_MALL
2,Window Frame,nos,572.5,1633.0,934892.5,As per BOQ,contractor_bills\SATTI_MALL_C008_RunBill_03.xlsx,contractor_bills,SATTI_MALL
3,Flooring,sft,2837.2,2459.0,6976675.0,,contractor_bills\SATTI_MALL_C008_RunBill_03.xlsx,contractor_bills,SATTI_MALL
4,Plastering,sft,"PKR 1,068",407.0,,As per BOQ,contractor_bills\SATTI_MALL_C008_RunBill_03.xlsx,contractor_bills,SATTI_MALL
5,PCC 1:4:8,cft,91.2,1745.0,159144.0,,contractor_bills\SATTI_MALL_C008_RunBill_03.xlsx,contractor_bills,SATTI_MALL
6,RCC M20,cft,3160.6,1695.0,5357217.0,Disputed,contractor_bills\SATTI_MALL_C008_RunBill_03.xlsx,contractor_bills,SATTI_MALL
7,Plumbing Fixture,nos,TBD,2054.0,5634533.0,,contractor_bills\SATTI_MALL_C008_RunBill_03.xlsx,contractor_bills,SATTI_MALL
8,Door Frame,nos,1183.8,1405.0,1663239.0,,contractor_bills\SATTI_MALL_C008_RunBill_03.xlsx,contractor_bills,SATTI_MALL
9,Painting,sft,3778,1976.0,7465328.0,,contractor_bills\SATTI_MALL_C008_RunBill_03.xlsx,contractor_bills,SATTI_MALL
,,,,,,,contractor_bills\SATTI_MALL_C008_RunBill_03.xlsx,contractor_bills,SATTI_MALL
,,,,,6281483.55,,contractor_bills\SATTI_MALL_C008_RunBill_03.xlsx,contractor_bills,SATTI_MALL
,,,,,150899.29,,contractor_bills\SATTI_MALL_C008_RunBill_03.xlsx,contractor_bills,SATTI_MALL
,,,,,1358093.6,,contractor_bills\SATTI_MALL_C008_RunBill_03.xlsx,contractor_bills,SATTI_MALL
Prepared:,,Checked:,,,,,contractor_bills\SATTI_MALL_C008_RunBill_03.xlsx,contractor_bills,SATTI_MALL
Bill No:,RB-SAT-C008-04,,,,,,contractor_bills\SATTI_MALL_C008_RunBill_04.xlsx,contractor_bills,SATTI_MALL
Date:,09/08/2006,,,,,,contractor_bills\SATTI_MALL_C008_RunBill_04.xlsx,contractor_bills,SATTI_MALL
Project:,SATTI_MALL,,,,,,contractor_bills\SATTI_MALL_C008_RunBill_04.xlsx,contractor_bills,SATTI_MALL
Contractor:,Sultan HVAC Services,,,,,,contractor_bills\SATTI_MALL_C008_RunBill_04.xlsx,contractor_bills,SATTI_MALL
Scope:,HVAC,,,,,,contractor_bills\SATTI_MALL_C008_RunBill_04.xlsx,contractor_bills,SATTI_MALL
Contract Value:,1005603.53,,,,,,contractor_bills\SATTI_MALL_C008_RunBill_04.xlsx,contractor_bills,SATTI_MALL
WORK DONE THIS PERIOD,,,,,,,contractor_bills\SATTI_MALL_C008_RunBill_04.xlsx,contractor_bills,SATTI_MALL
1,Flooring,sft,4040.7,1377.0,5564043.9,,contractor_bills\SATTI_MALL_C008_RunBill_04.xlsx,contractor_bills,SATTI_MALL
2,Painting,sft,3096.9,153.0,473825.7,As per BOQ,contractor_bills\SATTI_MALL_C008_RunBill_04.xlsx,contractor_bills,SATTI_MALL
3,Plastering,sft,2745.7,771.0,2116934.7,,contractor_bills\SATTI_MALL_C008_RunBill_04.xlsx,contractor_bills,SATTI_MALL
4,PCC 1:4:8,cft,"PKR 1,948",1175.0,2289135.0,,contractor_bills\SATTI_MALL_C008_RunBill_04.xlsx,contractor_bills,SATTI_MALL
5,Electrical Wiring,point,3180,340.0,1081200.0,,contractor_bills\SATTI_MALL_C008_RunBill_04.xlsx,contractor_bills,SATTI_MALL
6,Excavation,cft,162.9,2017.0,328569.3,,contractor_bills\SATTI_MALL_C008_RunBill_04.xlsx,contractor_bills,SATTI_MALL
7,Door Frame,nos,1891.5,1748.0,3306342.0,Disputed,contractor_bills\SATTI_MALL_C008_RunBill_04.xlsx,contractor_bills,SATTI_MALL
8,RCC M20,cft,3822.4,928.0,3547187.2,As per BOQ,contractor_bills\SATTI_MALL_C008_RunBill_04.xlsx,contractor_bills,SATTI_MALL
9,Plumbing Fixture,nos,1520.6,243.0,369505.8,,contractor_bills\SATTI_MALL_C008_RunBill_04.xlsx,contractor_bills,SATTI_MALL
,,,,,166894.19,,contractor_bills\SATTI_MALL_C008_RunBill_04.xlsx,contractor_bills,SATTI_MALL
,,,,,139768.0,,contractor_bills\SATTI_MALL_C008_RunBill_04.xlsx,contractor_bills,SATTI_MALL
,,,,,16689.42,,contractor_bills\SATTI_MALL_C008_RunBill_04.xlsx,contractor_bills,SATTI_MALL
,,,,,150204.77,,contractor_bills\SATTI_MALL_C008_RunBill_04.xlsx,contractor_bills,SATTI_MALL
Prepared:,,Checked:,,,,,contractor_bills\SATTI_MALL_C008_RunBill_04.xlsx,contractor_bills,SATTI_MALL
Bill No:,RB-SAT-C008-05,,,,,,contractor_bills\SATTI_MALL_C008_RunBill_05.xlsx,contractor_bills,SATTI_MALL
Date:,18-Mar-2007,,,,,,contractor_bills\SATTI_MALL_C008_RunBill_05.xlsx,contractor_bills,SATTI_MALL
Project:,SATTI_MALL,,,,,,contractor_bills\SATTI_MALL_C008_RunBill_05.xlsx,contractor_bills,SATTI_MALL
Contractor:,Sultan HVAC Services,,,,,,contractor_bills\SATTI_MALL_C008_RunBill_05.xlsx,contractor_bills,SATTI_MALL
Scope:,HVAC,,,,,,contractor_bills\SATTI_MALL_C008_RunBill_05.xlsx,contractor_bills,SATTI_MALL
Contract Value:,14586973.65,,,,,,contractor_bills\SATTI_MALL_C008_RunBill_05.xlsx,contractor_bills,SATTI_MALL
WORK DONE THIS PERIOD,,,,,,,contractor_bills\SATTI_MALL_C008_RunBill_05.xlsx,contractor_bills,SATTI_MALL
1,Window Frame,nos,4409.4,2288.0,10088707.2,As per BOQ,contractor_bills\SATTI_MALL_C008_RunBill_05.xlsx,contractor_bills,SATTI_MALL
2,Electrical Wiring,point,2772.2,1718.0,4762640.0,Disputed,contractor_bills\SATTI_MALL_C008_RunBill_05.xlsx,contractor_bills,SATTI_MALL
3,PCC 1:4:8,cft,640.8,2120.0,1358496.0,,contractor_bills\SATTI_MALL_C008_RunBill_05.xlsx,contractor_bills,SATTI_MALL
4,Door Frame,nos,100/-,1849.0,185084.9,Verified,contractor_bills\SATTI_MALL_C008_RunBill_05.xlsx,contractor_bills,SATTI_MALL
5,Excavation,cft,4753.7,1175.0,5585597.5,Disputed,contractor_bills\SATTI_MALL_C008_RunBill_05.xlsx,contractor_bills,SATTI_MALL
6,Painting,sft,2520.5,2303.0,5804711.5,Verified,contractor_bills\SATTI_MALL_C008_RunBill_05.xlsx,contractor_bills,SATTI_MALL
,,,,,1794179.0,,contractor_bills\SATTI_MALL_C008_RunBill_05.xlsx,contractor_bills,SATTI_MALL
,,,,,1202622.83,,contractor_bills\SATTI_MALL_C008_RunBill_05.xlsx,contractor_bills,SATTI_MALL
,,,,,179417.86,,contractor_bills\SATTI_MALL_C008_RunBill_05.xlsx,contractor_bills,SATTI_MALL
,,,,,1614760.71,,contractor_bills\SATTI_MALL_C008_RunBill_05.xlsx,contractor_bills,SATTI_MALL
Prepared:,,Checked:,,,,,contractor_bills\SATTI_MALL_C008_RunBill_05.xlsx,contractor_bills,SATTI_MALL
Bill No:,RB-SAT-C001-01,,,,,,contractor_bills\SATTI_PLAZA_C001_RunBill_01.xlsx,contractor_bills,SATTI_PLAZA
Date:,02-24-2012,,,,,,contractor_bills\SATTI_PLAZA_C001_RunBill_01.xlsx,contractor_bills,SATTI_PLAZA
Project:,SATTI_PLAZA,,,,,,contractor_bills\SATTI_PLAZA_C001_RunBill_01.xlsx,contractor_bills,SATTI_PLAZA
Contractor:,Ahmad & Bros Construction,,,,,,contractor_bills\SATTI_PLAZA_C001_RunBill_01.xlsx,contractor_bills,SATTI_PLAZA
Scope:,Civil Works,,,,,,contractor_bills\SATTI_PLAZA_C001_RunBill_01.xlsx,contractor_bills,SATTI_PLAZA
Contract Value:,10488285.93,,,,,,contractor_bills\SATTI_PLAZA_C001_RunBill_01.xlsx,contractor_bills,SATTI_PLAZA
WORK DONE THIS PERIOD,,,,,,,contractor_bills\SATTI_PLAZA_C001_RunBill_01.xlsx,contractor_bills,SATTI_PLAZA
1,PCC 1:4:8,cft,4735.6,2162.0,10238367.2,,contractor_bills\SATTI_PLAZA_C001_RunBill_01.xlsx,contractor_bills,SATTI_PLAZA
2,Painting,sft,363.7,1104.0,401524.8,Verified,contractor_bills\SATTI_PLAZA_C001_RunBill_01.xlsx,contractor_bills,SATTI_PLAZA
3,RCC M20,cft,4151.6,1651.0,6854291.6,Verified,contractor_bills\SATTI_PLAZA_C001_RunBill_01.xlsx,contractor_bills,SATTI_PLAZA
4,Flooring,sft,1142.7,1632.0,1864886.4,,contractor_bills\SATTI_PLAZA_C001_RunBill_01.xlsx,contractor_bills,SATTI_PLAZA
5,Excavation,cft,4327.4,1060.0,4587044.0,,contractor_bills\SATTI_PLAZA_C001_RunBill_01.xlsx,contractor_bills,SATTI_PLAZA
6,Electrical Wiring,point,3666.2,2400.0,8798880.0,Disputed,contractor_bills\SATTI_PLAZA_C001_RunBill_01.xlsx,contractor_bills,SATTI_PLAZA
7,Door Frame,nos,1561.2,1369.0,2137282.8,,contractor_bills\SATTI_PLAZA_C001_RunBill_01.xlsx,contractor_bills,SATTI_PLAZA
8,Window Frame,nos,236.6,912.0,215779.2,As per BOQ,contractor_bills\SATTI_PLAZA_C001_RunBill_01.xlsx,contractor_bills,SATTI_PLAZA
9,Plastering,sft,4463.1,573.0,2557356.3,Verified,contractor_bills\SATTI_PLAZA_C001_RunBill_01.xlsx,contractor_bills,SATTI_PLAZA
,,,,,902575.44,,contractor_bills\SATTI_PLAZA_C001_RunBill_01.xlsx,contractor_bills,SATTI_PLAZA
,,,,,5264634.26,,contractor_bills\SATTI_PLAZA_C001_RunBill_01.xlsx,contractor_bills,SATTI_PLAZA
,,,,,90257.54,,contractor_bills\SATTI_PLAZA_C001_RunBill_01.xlsx,contractor_bills,SATTI_PLAZA
,,,,,,,contractor_bills\SATTI_PLAZA_C001_RunBill_01.xlsx,contractor_bills,SATTI_PLAZA
Prepared:,,Checked:,,,,,contractor_bills\SATTI_PLAZA_C001_RunBill_01.xlsx,contractor_bills,SATTI_PLAZA
Bill No:,RB-SAT-C001-02,,,,,,contractor_bills\SATTI_PLAZA_C001_RunBill_02.xlsx,contractor_bills,SATTI_PLAZA
Date:,2014/03/21,,,,,,contractor_bills\SATTI_PLAZA_C001_RunBill_02.xlsx,contractor_bills,SATTI_PLAZA
Project:,SATTI_PLAZA,,,,,,contractor_bills\SATTI_PLAZA_C001_RunBill_02.xlsx,contractor_bills,SATTI_PLAZA
Contractor:,Ahmad & Bros Construction,,,,,,contractor_bills\SATTI_PLAZA_C001_RunBill_02.xlsx,contractor_bills,SATTI_PLAZA
Scope:,Civil Works,,,,,,contractor_bills\SATTI_PLAZA_C001_RunBill_02.xlsx,contractor_bills,SATTI_PLAZA
Contract Value:,"PKR 1,376,895",,,,,,contractor_bills\SATTI_PLAZA_C001_RunBill_02.xlsx,contractor_bills,SATTI_PLAZA
WORK DONE THIS PERIOD,,,,,,,contractor_bills\SATTI_PLAZA_C001_RunBill_02.xlsx,contractor_bills,SATTI_PLAZA
1,Flooring,sft,274.8,2050.0,563340.0,Disputed,contractor_bills\SATTI_PLAZA_C001_RunBill_02.xlsx,contractor_bills,SATTI_PLAZA
2,RCC M20,cft,1768.7,942.0,,,contractor_bills\SATTI_PLAZA_C001_RunBill_02.xlsx,contractor_bills,SATTI_PLAZA
3,Window Frame,nos,2708.8,867.0,2348529.6,Verified,contractor_bills\SATTI_PLAZA_C001_RunBill_02.xlsx,contractor_bills,SATTI_PLAZA
4,Excavation,cft,3333.8,1520.0,5067376.0,,contractor_bills\SATTI_PLAZA_C001_RunBill_02.xlsx,contractor_bills,SATTI_PLAZA
5,Electrical Wiring,point,2542.5,1000.0,2542500.0,Verified,contractor_bills\SATTI_PLAZA_C001_RunBill_02.xlsx,contractor_bills,SATTI_PLAZA
6,Plumbing Fixture,nos,2231.5,,2238194.5,Disputed,contractor_bills\SATTI_PLAZA_C001_RunBill_02.xlsx,contractor_bills,SATTI_PLAZA
,,,,,271044.5,,contractor_bills\SATTI_PLAZA_C001_RunBill_02.xlsx,contractor_bills,SATTI_PLAZA
,,,,,830860.78,,contractor_bills\SATTI_PLAZA_C001_RunBill_02.xlsx,contractor_bills,SATTI_PLAZA
,,,,,27104.45,,contractor_bills\SATTI_PLAZA_C001_RunBill_02.xlsx,contractor_bills,SATTI_PLAZA
,,,,,243940.05,,contractor_bills\SATTI_PLAZA_C001_RunBill_02.xlsx,contractor_bills,SATTI_PLAZA
Prepared:,,Checked:,,,,,contractor_bills\SATTI_PLAZA_C001_RunBill_02.xlsx,contractor_bills,SATTI_PLAZA
Bill No:,RB-SAT-C001-03,,,,,,contractor_bills\SATTI_PLAZA_C001_RunBill_03.xlsx,contractor_bills,SATTI_PLAZA
Date:,"September 18, 2011",,,,,,contractor_bills\SATTI_PLAZA_C001_RunBill_03.xlsx,contractor_bills,SATTI_PLAZA
Project:,SATTI_PLAZA,,,,,,contractor_bills\SATTI_PLAZA_C001_RunBill_03.xlsx,contractor_bills,SATTI_PLAZA
Contractor:,Ahmad & Bros Construction,,,,,,contractor_bills\SATTI_PLAZA_C001_RunBill_03.xlsx,contractor_bills,SATTI_PLAZA
Scope:,Civil Works,,,,,,contractor_bills\SATTI_PLAZA_C001_RunBill_03.xlsx,contractor_bills,SATTI_PLAZA
Contract Value:,10397524.99,,,,,,contractor_bills\SATTI_PLAZA_C001_RunBill_03.xlsx,contractor_bills,SATTI_PLAZA
WORK DONE THIS PERIOD,,,,,,,contractor_bills\SATTI_PLAZA_C001_RunBill_03.xlsx,contractor_bills,SATTI_PLAZA
1,Plumbing Fixture,nos,1419.8,2392.0,3396161.6,As per BOQ,contractor_bills\SATTI_PLAZA_C001_RunBill_03.xlsx,contractor_bills,SATTI_PLAZA
2,Electrical Wiring,point,2758.2,2330.0,6426606.0,,contractor_bills\SATTI_PLAZA_C001_RunBill_03.xlsx,contractor_bills,SATTI_PLAZA
3,Plastering,sft,"PKR 3,336",2082.0,6944511.0,,contractor_bills\SATTI_PLAZA_C001_RunBill_03.xlsx,contractor_bills,SATTI_PLAZA
4,Door Frame,nos,1527.3,1817.0,2775104.1,Verified,contractor_bills\SATTI_PLAZA_C001_RunBill_03.xlsx,contractor_bills,SATTI_PLAZA
5,Painting,sft,4689.1,2202.0,10325398.2,Verified,contractor_bills\SATTI_PLAZA_C001_RunBill_03.xlsx,contractor_bills,SATTI_PLAZA
6,Window Frame,nos,2718.4,1586.0,4311382.4,Verified,contractor_bills\SATTI_PLAZA_C001_RunBill_03.xlsx,contractor_bills,SATTI_PLAZA
7,RCC M20,cft,3086.8,477.0,1472403.6,Verified,contractor_bills\SATTI_PLAZA_C001_RunBill_03.xlsx,contractor_bills,SATTI_PLAZA
8,Excavation,cft,1708.9,162.0,276841.8,Disputed,contractor_bills\SATTI_PLAZA_C001_RunBill_03.xlsx,contractor_bills,SATTI_PLAZA
9,PCC 1:4:8,cft,2892.3,1628.0,4708664.4,,contractor_bills\SATTI_PLAZA_C001_RunBill_03.xlsx,contractor_bills,SATTI_PLAZA
,,,,,1912576.08,,contractor_bills\SATTI_PLAZA_C001_RunBill_03.xlsx,contractor_bills,SATTI_PLAZA
,,,,,7265245.89,,contractor_bills\SATTI_PLAZA_C001_RunBill_03.xlsx,contractor_bills,SATTI_PLAZA
,,,,,191257.61,,contractor_bills\SATTI_PLAZA_C001_RunBill_03.xlsx,contractor_bills,SATTI_PLAZA
,,,,,1721318.0,,contractor_bills\SATTI_PLAZA_C001_RunBill_03.xlsx,contractor_bills,SATTI_PLAZA
Prepared:,,Checked:,,,,,contractor_bills\SATTI_PLAZA_C001_RunBill_03.xlsx,contractor_bills,SATTI_PLAZA
Bill No:,RB-SAT-C002-01,,,,,,contractor_bills\SATTI_PLAZA_C002_RunBill_01.xlsx,contractor_bills,SATTI_PLAZA
Date:,12-06-2013,,,,,,contractor_bills\SATTI_PLAZA_C002_RunBill_01.xlsx,contractor_bills,SATTI_PLAZA
Project:,SATTI_PLAZA,,,,,,contractor_bills\SATTI_PLAZA_C002_RunBill_01.xlsx,contractor_bills,SATTI_PLAZA
Contractor:,Iqbal Electrical Contractors,,,,,,contractor_bills\SATTI_PLAZA_C002_RunBill_01.xlsx,contractor_bills,SATTI_PLAZA
Scope:,Electrical,,,,,,contractor_bills\SATTI_PLAZA_C002_RunBill_01.xlsx,contractor_bills,SATTI_PLAZA
Contract Value:,7763830.68,,,,,,contractor_bills\SATTI_PLAZA_C002_RunBill_01.xlsx,contractor_bills,SATTI_PLAZA
WORK DONE THIS PERIOD,,,,,,,contractor_bills\SATTI_PLAZA_C002_RunBill_01.xlsx,contractor_bills,SATTI_PLAZA
1,Flooring,sft,926.4,,286258.0,As per BOQ,contractor_bills\SATTI_PLAZA_C002_RunBill_01.xlsx,contractor_bills,SATTI_PLAZA
2,Painting,sft,2867.7,1959.0,5617824.3,,contractor_bills\SATTI_PLAZA_C002_RunBill_01.xlsx,contractor_bills,SATTI_PLAZA
3,Plastering,sft,"PKR 3,689",128.0,472166.4,,contractor_bills\SATTI_PLAZA_C002_RunBill_01.xlsx,contractor_bills,SATTI_PLAZA
4,RCC M20,cft,38,1923.0,73074.0,As per BOQ,contractor_bills\SATTI_PLAZA_C002_RunBill_01.xlsx,contractor_bills,SATTI_PLAZA
5,Brick Masonry,cft,4433.1,336.0,1489521.6,,contractor_bills\SATTI_PLAZA_C002_RunBill_01.xlsx,contractor_bills,SATTI_PLAZA
,,,,,534120.17,,contractor_bills\SATTI_PLAZA_C002_RunBill_01.xlsx,contractor_bills,SATTI_PLAZA
,,,,,3773778.65,,contractor_bills\SATTI_PLAZA_C002_RunBill_01.xlsx,contractor_bills,SATTI_PLAZA
,,,,,53412.02,,contractor_bills\SATTI_PLAZA_C002_RunBill_01.xlsx,contractor_bills,SATTI_PLAZA
,,,,,480708.15,,contractor_bills\SATTI_PLAZA_C002_RunBill_01.xlsx,contractor_bills,SATTI_PLAZA
Prepared:,,Checked:,,,,,contractor_bills\SATTI_PLAZA_C002_RunBill_01.xlsx,contractor_bills,SATTI_PLAZA
Bill No:,RB-SAT-C002-02,,,,,,contractor_bills\SATTI_PLAZA_C002_RunBill_02.xlsx,contractor_bills,SATTI_PLAZA
Date:,21/10/13,,,,,,contractor_bills\SATTI_PLAZA_C002_RunBill_02.xlsx,contractor_bills,SATTI_PLAZA
Project:,SATTI_PLAZA,,,,,,contractor_bills\SATTI_PLAZA_C002_RunBill_02.xlsx,contractor_bills,SATTI_PLAZA
Contractor:,Iqbal Electrical Contractors,,,,,,contractor_bills\SATTI_PLAZA_C002_RunBill_02.xlsx,contractor_bills,SATTI_PLAZA
Scope:,Electrical,,,,,,contractor_bills\SATTI_PLAZA_C002_RunBill_02.xlsx,contractor_bills,SATTI_PLAZA
Contract Value:,5344203.45,,,,,,contractor_bills\SATTI_PLAZA_C002_RunBill_02.xlsx,contractor_bills,SATTI_PLAZA
WORK DONE THIS PERIOD,,,,,,,contractor_bills\SATTI_PLAZA_C002_RunBill_02.xlsx,contractor_bills,SATTI_PLAZA
1,Door Frame,nos,1286.6,2459.0,3163749.4,Disputed,contractor_bills\SATTI_PLAZA_C002_RunBill_02.xlsx,contractor_bills,SATTI_PLAZA
2,Painting,sft,4007.8,2113.0,8468481.0,As per BOQ,contractor_bills\SATTI_PLAZA_C002_RunBill_02.xlsx,contractor_bills,SATTI_PLAZA
3,Electrical Wiring,point,4787.6,292.0,,Verified,contractor_bills\SATTI_PLAZA_C002_RunBill_02.xlsx,contractor_bills,SATTI_PLAZA
4,RCC M20,cft,2626.9,355.0,932550.0,Verified,contractor_bills\SATTI_PLAZA_C002_RunBill_02.xlsx,contractor_bills,SATTI_PLAZA
5,Excavation,cft,2174.3,1943.0,4224664.9,,contractor_bills\SATTI_PLAZA_C002_RunBill_02.xlsx,contractor_bills,SATTI_PLAZA
,,,,,718185.71,,contractor_bills\SATTI_PLAZA_C002_RunBill_02.xlsx,contractor_bills,SATTI_PLAZA
,,,,,3278776.33,,contractor_bills\SATTI_PLAZA_C002_RunBill_02.xlsx,contractor_bills,SATTI_PLAZA
,,,,,71818.57,,contractor_bills\SATTI_PLAZA_C002_RunBill_02.xlsx,contractor_bills,SATTI_PLAZA
,,,,,646367.1399999999,,contractor_bills\SATTI_PLAZA_C002_RunBill_02.xlsx,contractor_bills,SATTI_PLAZA
Prepared:,,Checked:,,,,,contractor_bills\SATTI_PLAZA_C002_RunBill_02.xlsx,contractor_bills,SATTI_PLAZA
Bill No:,RB-SAT-C002-03,,,,,,contractor_bills\SATTI_PLAZA_C002_RunBill_03.xlsx,contractor_bills,SATTI_PLAZA
Date:,19.11.2013,,,,,,contractor_bills\SATTI_PLAZA_C002_RunBill_03.xlsx,contractor_bills,SATTI_PLAZA
Project:,SATTI_PLAZA,,,,,,contractor_bills\SATTI_PLAZA_C002_RunBill_03.xlsx,contractor_bills,SATTI_PLAZA
Contractor:,Iqbal Electrical Contractors,,,,,,contractor_bills\SATTI_PLAZA_C002_RunBill_03.xlsx,contractor_bills,SATTI_PLAZA
Scope:,Electrical,,,,,,contractor_bills\SATTI_PLAZA_C002_RunBill_03.xlsx,contractor_bills,SATTI_PLAZA
Contract Value:,"PKR 2,928,451",,,,,,contractor_bills\SATTI_PLAZA_C002_RunBill_03.xlsx,contractor_bills,SATTI_PLAZA
WORK DONE THIS PERIOD,,,,,,,contractor_bills\SATTI_PLAZA_C002_RunBill_03.xlsx,contractor_bills,SATTI_PLAZA
1,Excavation,cft,"3,772/-",448.0,1690035.2,,contractor_bills\SATTI_PLAZA_C002_RunBill_03.xlsx,contractor_bills,SATTI_PLAZA
2,PCC 1:4:8,cft,4633.8,2449.0,11348176.0,,contractor_bills\SATTI_PLAZA_C002_RunBill_03.xlsx,contractor_bills,SATTI_PLAZA
3,Window Frame,nos,2441.5,733.0,1789619.5,,contractor_bills\SATTI_PLAZA_C002_RunBill_03.xlsx,contractor_bills,SATTI_PLAZA
4,RCC M20,cft,339.5,2436.0,827022.0,,contractor_bills\SATTI_PLAZA_C002_RunBill_03.xlsx,contractor_bills,SATTI_PLAZA
5,Electrical Wiring,point,3681.2,1850.0,6810220.0,Verified,contractor_bills\SATTI_PLAZA_C002_RunBill_03.xlsx,contractor_bills,SATTI_PLAZA
6,Painting,sft,3482.4,587.0,2044168.8,As per BOQ,contractor_bills\SATTI_PLAZA_C002_RunBill_03.xlsx,contractor_bills,SATTI_PLAZA
,,,,,314099.71,,contractor_bills\SATTI_PLAZA_C002_RunBill_03.xlsx,contractor_bills,SATTI_PLAZA
,,,,,1415942.28,,contractor_bills\SATTI_PLAZA_C002_RunBill_03.xlsx,contractor_bills,SATTI_PLAZA
,,,,,,,contractor_bills\SATTI_PLAZA_C002_RunBill_03.xlsx,contractor_bills,SATTI_PLAZA
,,,,,282689.74,,contractor_bills\SATTI_PLAZA_C002_RunBill_03.xlsx,contractor_bills,SATTI_PLAZA
Prepared:,,Checked:,,,,,contractor_bills\SATTI_PLAZA_C002_RunBill_03.xlsx,contractor_bills,SATTI_PLAZA
Bill No:,RB-SAT-C003-01,,,,,,contractor_bills\SATTI_PLAZA_C003_RunBill_01.xlsx,contractor_bills,SATTI_PLAZA
Date:,25-Jan-2014,,,,,,contractor_bills\SATTI_PLAZA_C003_RunBill_01.xlsx,contractor_bills,SATTI_PLAZA
Project:,SATTI_PLAZA,,,,,,contractor_bills\SATTI_PLAZA_C003_RunBill_01.xlsx,contractor_bills,SATTI_PLAZA
Contractor:,Rehman Plumbing Works,,,,,,contractor_bills\SATTI_PLAZA_C003_RunBill_01.xlsx,contractor_bills,SATTI_PLAZA
Scope:,Plumbing,,,,,,contractor_bills\SATTI_PLAZA_C003_RunBill_01.xlsx,contractor_bills,SATTI_PLAZA
Contract Value:,1856287.23,,,,,,contractor_bills\SATTI_PLAZA_C003_RunBill_01.xlsx,contractor_bills,SATTI_PLAZA
WORK DONE THIS PERIOD,,,,,,,contractor_bills\SATTI_PLAZA_C003_RunBill_01.xlsx,contractor_bills,SATTI_PLAZA
1,Flooring,sft,1896.8,,2921072.0,,contractor_bills\SATTI_PLAZA_C003_RunBill_01.xlsx,contractor_bills,SATTI_PLAZA
2,PCC 1:4:8,cft,4721.1,121.0,571253.1,Verified,contractor_bills\SATTI_PLAZA_C003_RunBill_01.xlsx,contractor_bills,SATTI_PLAZA
3,Door Frame,nos,1941.6,447.0,867895.2,,contractor_bills\SATTI_PLAZA_C003_RunBill_01.xlsx,contractor_bills,SATTI_PLAZA
4,Plastering,sft,79.8,187.0,14922.6,Disputed,contractor_bills\SATTI_PLAZA_C003_RunBill_01.xlsx,contractor_bills,SATTI_PLAZA
,,,,,105910.89,,contractor_bills\SATTI_PLAZA_C003_RunBill_01.xlsx,contractor_bills,SATTI_PLAZA
,,,,,435903.77,,contractor_bills\SATTI_PLAZA_C003_RunBill_01.xlsx,contractor_bills,SATTI_PLAZA
,,,,,10591.09,,contractor_bills\SATTI_PLAZA_C003_RunBill_01.xlsx,contractor_bills,SATTI_PLAZA
,,,,,95319.8,,contractor_bills\SATTI_PLAZA_C003_RunBill_01.xlsx,contractor_bills,SATTI_PLAZA
Prepared:,,Checked:,,,,,contractor_bills\SATTI_PLAZA_C003_RunBill_01.xlsx,contractor_bills,SATTI_PLAZA
Bill No:,RB-SAT-C003-02,,,,,,contractor_bills\SATTI_PLAZA_C003_RunBill_02.xlsx,contractor_bills,SATTI_PLAZA
Date:,24.05.2013,,,,,,contractor_bills\SATTI_PLAZA_C003_RunBill_02.xlsx,contractor_bills,SATTI_PLAZA
Project:,SATTI_PLAZA,,,,,,contractor_bills\SATTI_PLAZA_C003_RunBill_02.xlsx,contractor_bills,SATTI_PLAZA
Contractor:,Rehman Plumbing Works,,,,,,contractor_bills\SATTI_PLAZA_C003_RunBill_02.xlsx,contractor_bills,SATTI_PLAZA
Scope:,Plumbing,,,,,,contractor_bills\SATTI_PLAZA_C003_RunBill_02.xlsx,contractor_bills,SATTI_PLAZA
Contract Value:,3891084.28,,,,,,contractor_bills\SATTI_PLAZA_C003_RunBill_02.xlsx,contractor_bills,SATTI_PLAZA
WORK DONE THIS PERIOD,,,,,,,contractor_bills\SATTI_PLAZA_C003_RunBill_02.xlsx,contractor_bills,SATTI_PLAZA
1,Brick Masonry,cft,451.4,2423.0,1093742.2,Verified,contractor_bills\SATTI_PLAZA_C003_RunBill_02.xlsx,contractor_bills,SATTI_PLAZA
2,RCC M20,cft,2778.5,835.0,2320047.5,,contractor_bills\SATTI_PLAZA_C003_RunBill_02.xlsx,contractor_bills,SATTI_PLAZA
3,Electrical Wiring,point,4775.2,1358.0,6484721.6,,contractor_bills\SATTI_PLAZA_C003_RunBill_02.xlsx,contractor_bills,SATTI_PLAZA
4,Flooring,sft,3117.6,1049.0,3270362.4,,contractor_bills\SATTI_PLAZA_C003_RunBill_02.xlsx,contractor_bills,SATTI_PLAZA
5,PCC 1:4:8,cft,2858.8,982.0,2807341.6,As per BOQ,contractor_bills\SATTI_PLAZA_C003_RunBill_02.xlsx,contractor_bills,SATTI_PLAZA
6,Plumbing Fixture,nos,4812.4,740.0,3561176.0,,contractor_bills\SATTI_PLAZA_C003_RunBill_02.xlsx,contractor_bills,SATTI_PLAZA
7,Excavation,cft,1186.9,652.0,773859.0,As per BOQ,contractor_bills\SATTI_PLAZA_C003_RunBill_02.xlsx,contractor_bills,SATTI_PLAZA
,,,,,283838.06,,contractor_bills\SATTI_PLAZA_C003_RunBill_02.xlsx,contractor_bills,SATTI_PLAZA
,,,,,1073164.37,,contractor_bills\SATTI_PLAZA_C003_RunBill_02.xlsx,contractor_bills,SATTI_PLAZA
,,,,,28383.81,,contractor_bills\SATTI_PLAZA_C003_RunBill_02.xlsx,contractor_bills,SATTI_PLAZA
,,,,,255454.25,,contractor_bills\SATTI_PLAZA_C003_RunBill_02.xlsx,contractor_bills,SATTI_PLAZA
Prepared:,,Checked:,,,,,contractor_bills\SATTI_PLAZA_C003_RunBill_02.xlsx,contractor_bills,SATTI_PLAZA
Bill No:,RB-SAT-C003-03,,,,,,contractor_bills\SATTI_PLAZA_C003_RunBill_03.xlsx,contractor_bills,SATTI_PLAZA
Date:,2011/05/28,,,,,,contractor_bills\SATTI_PLAZA_C003_RunBill_03.xlsx,contractor_bills,SATTI_PLAZA
Project:,SATTI_PLAZA,,,,,,contractor_bills\SATTI_PLAZA_C003_RunBill_03.xlsx,contractor_bills,SATTI_PLAZA
Contractor:,Rehman Plumbing Works,,,,,,contractor_bills\SATTI_PLAZA_C003_RunBill_03.xlsx,contractor_bills,SATTI_PLAZA
Scope:,Plumbing,,,,,,contractor_bills\SATTI_PLAZA_C003_RunBill_03.xlsx,contractor_bills,SATTI_PLAZA
Contract Value:,5920999.73,,,,,,contractor_bills\SATTI_PLAZA_C003_RunBill_03.xlsx,contractor_bills,SATTI_PLAZA
WORK DONE THIS PERIOD,,,,,,,contractor_bills\SATTI_PLAZA_C003_RunBill_03.xlsx,contractor_bills,SATTI_PLAZA
1,Door Frame,nos,4811.8,206.0,991231.0,Verified,contractor_bills\SATTI_PLAZA_C003_RunBill_03.xlsx,contractor_bills,SATTI_PLAZA
2,Plastering,sft,PKR 120,1759.0,211783.6,,contractor_bills\SATTI_PLAZA_C003_RunBill_03.xlsx,contractor_bills,SATTI_PLAZA
3,Flooring,sft,1538.7,264.0,406216.8,Verified,contractor_bills\SATTI_PLAZA_C003_RunBill_03.xlsx,contractor_bills,SATTI_PLAZA
4,Window Frame,nos,1862.4,984.0,1832601.6,As per BOQ,contractor_bills\SATTI_PLAZA_C003_RunBill_03.xlsx,contractor_bills,SATTI_PLAZA
5,Painting,sft,4351.9,727.0,3163831.3,,contractor_bills\SATTI_PLAZA_C003_RunBill_03.xlsx,contractor_bills,SATTI_PLAZA
6,Electrical Wiring,point,1930.2,2336.0,4508947.2,,contractor_bills\SATTI_PLAZA_C003_RunBill_03.xlsx,contractor_bills,SATTI_PLAZA
7,Plumbing Fixture,nos,1246.6,2248.0,2802356.8,Verified,contractor_bills\SATTI_PLAZA_C003_RunBill_03.xlsx,contractor_bills,SATTI_PLAZA
8,Brick Masonry,cft,1075.3,2034.0,2187160.2,Disputed,contractor_bills\SATTI_PLAZA_C003_RunBill_03.xlsx,contractor_bills,SATTI_PLAZA
,,,,,624483.34,,contractor_bills\SATTI_PLAZA_C003_RunBill_03.xlsx,contractor_bills,SATTI_PLAZA
,,,,,2979077.48,,contractor_bills\SATTI_PLAZA_C003_RunBill_03.xlsx,contractor_bills,SATTI_PLAZA
,,,,,62448.0,,contractor_bills\SATTI_PLAZA_C003_RunBill_03.xlsx,contractor_bills,SATTI_PLAZA
,,,,,562035.01,,contractor_bills\SATTI_PLAZA_C003_RunBill_03.xlsx,contractor_bills,SATTI_PLAZA
Prepared:,,Checked:,,,,,contractor_bills\SATTI_PLAZA_C003_RunBill_03.xlsx,contractor_bills,SATTI_PLAZA
Bill No:,RB-SAT-C004-01,,,,,,contractor_bills\SATTI_PLAZA_C004_RunBill_01.xlsx,contractor_bills,SATTI_PLAZA
Date:,01-10-2014,,,,,,contractor_bills\SATTI_PLAZA_C004_RunBill_01.xlsx,contractor_bills,SATTI_PLAZA
Project:,SATTI_PLAZA,,,,,,contractor_bills\SATTI_PLAZA_C004_RunBill_01.xlsx,contractor_bills,SATTI_PLAZA
Contractor:,Noor Finishing & Interior,,,,,,contractor_bills\SATTI_PLAZA_C004_RunBill_01.xlsx,contractor_bills,SATTI_PLAZA
Scope:,Finishing,,,,,,contractor_bills\SATTI_PLAZA_C004_RunBill_01.xlsx,contractor_bills,SATTI_PLAZA
Contract Value:,14132126.88,,,,,,contractor_bills\SATTI_PLAZA_C004_RunBill_01.xlsx,contractor_bills,SATTI_PLAZA
WORK DONE THIS PERIOD,,,,,,,contractor_bills\SATTI_PLAZA_C004_RunBill_01.xlsx,contractor_bills,SATTI_PLAZA
1,Excavation,cft,3460.6,1057.0,3657854.2,Disputed,contractor_bills\SATTI_PLAZA_C004_RunBill_01.xlsx,contractor_bills,SATTI_PLAZA
2,PCC 1:4:8,cft,669,1103.0,,,contractor_bills\SATTI_PLAZA_C004_RunBill_01.xlsx,contractor_bills,SATTI_PLAZA
3,Door Frame,nos,"PKR 4,556",1632.0,7435392.0,As per BOQ,contractor_bills\SATTI_PLAZA_C004_RunBill_01.xlsx,contractor_bills,SATTI_PLAZA
4,Brick Masonry,cft,4662.8,204.0,951211.2,,contractor_bills\SATTI_PLAZA_C004_RunBill_01.xlsx,contractor_bills,SATTI_PLAZA
5,Painting,sft,4604.7,1235.0,5686804.0,As per BOQ,contractor_bills\SATTI_PLAZA_C004_RunBill_01.xlsx,contractor_bills,SATTI_PLAZA
6,Electrical Wiring,point,3316.2,2366.0,7846129.2,,contractor_bills\SATTI_PLAZA_C004_RunBill_01.xlsx,contractor_bills,SATTI_PLAZA
7,Plumbing Fixture,nos,625.9,2300.0,1439570.0,,contractor_bills\SATTI_PLAZA_C004_RunBill_01.xlsx,contractor_bills,SATTI_PLAZA
,,,,,,,contractor_bills\SATTI_PLAZA_C004_RunBill_01.xlsx,contractor_bills,SATTI_PLAZA
,,,,,8131147.0,,contractor_bills\SATTI_PLAZA_C004_RunBill_01.xlsx,contractor_bills,SATTI_PLAZA
,,,,,265631.53,,contractor_bills\SATTI_PLAZA_C004_RunBill_01.xlsx,contractor_bills,SATTI_PLAZA
,,,,,2390683.77,,contractor_bills\SATTI_PLAZA_C004_RunBill_01.xlsx,contractor_bills,SATTI_PLAZA
Prepared:,,Checked:,,,,,contractor_bills\SATTI_PLAZA_C004_RunBill_01.xlsx,contractor_bills,SATTI_PLAZA
Bill No:,RB-SAT-C004-02,,,,,,contractor_bills\SATTI_PLAZA_C004_RunBill_02.xlsx,contractor_bills,SATTI_PLAZA
Date:,03-09-2013,,,,,,contractor_bills\SATTI_PLAZA_C004_RunBill_02.xlsx,contractor_bills,SATTI_PLAZA
Project:,SATTI_PLAZA,,,,,,contractor_bills\SATTI_PLAZA_C004_RunBill_02.xlsx,contractor_bills,SATTI_PLAZA
Contractor:,Noor Finishing & Interior,,,,,,contractor_bills\SATTI_PLAZA_C004_RunBill_02.xlsx,contractor_bills,SATTI_PLAZA
Scope:,Finishing,,,,,,contractor_bills\SATTI_PLAZA_C004_RunBill_02.xlsx,contractor_bills,SATTI_PLAZA
Contract Value:,5590434.18,,,,,,contractor_bills\SATTI_PLAZA_C004_RunBill_02.xlsx,contractor_bills,SATTI_PLAZA
WORK DONE THIS PERIOD,,,,,,,contractor_bills\SATTI_PLAZA_C004_RunBill_02.xlsx,contractor_bills,SATTI_PLAZA
1,Electrical Wiring,point,1443.8,2140.0,3089732.0,As per BOQ,contractor_bills\SATTI_PLAZA_C004_RunBill_02.xlsx,contractor_bills,SATTI_PLAZA
2,Brick Masonry,cft,1135.3,605.0,686856.5,Disputed,contractor_bills\SATTI_PLAZA_C004_RunBill_02.xlsx,contractor_bills,SATTI_PLAZA
3,Window Frame,nos,4537.9,1401.0,6357597.9,Disputed,contractor_bills\SATTI_PLAZA_C004_RunBill_02.xlsx,contractor_bills,SATTI_PLAZA
4,RCC M20,cft,,1289.0,789899.2,,contractor_bills\SATTI_PLAZA_C004_RunBill_02.xlsx,contractor_bills,SATTI_PLAZA
5,Excavation,cft,632.2,1021.0,645476.2,,contractor_bills\SATTI_PLAZA_C004_RunBill_02.xlsx,contractor_bills,SATTI_PLAZA
,,,,,929883.85,,contractor_bills\SATTI_PLAZA_C004_RunBill_02.xlsx,contractor_bills,SATTI_PLAZA
,,,,,603332.45,,contractor_bills\SATTI_PLAZA_C004_RunBill_02.xlsx,contractor_bills,SATTI_PLAZA
,,,,,92988.39,,contractor_bills\SATTI_PLAZA_C004_RunBill_02.xlsx,contractor_bills,SATTI_PLAZA
,,,,,,,contractor_bills\SATTI_PLAZA_C004_RunBill_02.xlsx,contractor_bills,SATTI_PLAZA
Prepared:,,Checked:,,,,,contractor_bills\SATTI_PLAZA_C004_RunBill_02.xlsx,contractor_bills,SATTI_PLAZA
Bill No:,RB-SAT-C005-01,,,,,,contractor_bills\SATTI_PLAZA_C005_RunBill_01.xlsx,contractor_bills,SATTI_PLAZA
Date:,"January 04, 2014",,,,,,contractor_bills\SATTI_PLAZA_C005_RunBill_01.xlsx,contractor_bills,SATTI_PLAZA
Project:,SATTI_PLAZA,,,,,,contractor_bills\SATTI_PLAZA_C005_RunBill_01.xlsx,contractor_bills,SATTI_PLAZA
Contractor:,Baig Steel Fabricators,,,,,,contractor_bills\SATTI_PLAZA_C005_RunBill_01.xlsx,contractor_bills,SATTI_PLAZA
Scope:,Steel/Metal,,,,,,contractor_bills\SATTI_PLAZA_C005_RunBill_01.xlsx,contractor_bills,SATTI_PLAZA
Contract Value:,10160199.3,,,,,,contractor_bills\SATTI_PLAZA_C005_RunBill_01.xlsx,contractor_bills,SATTI_PLAZA
WORK DONE THIS PERIOD,,,,,,,contractor_bills\SATTI_PLAZA_C005_RunBill_01.xlsx,contractor_bills,SATTI_PLAZA
1,RCC M20,cft,TBD,1597.0,7911857.4,,contractor_bills\SATTI_PLAZA_C005_RunBill_01.xlsx,contractor_bills,SATTI_PLAZA
2,Painting,sft,4107.1,1564.0,6423504.4,Disputed,contractor_bills\SATTI_PLAZA_C005_RunBill_01.xlsx,contractor_bills,SATTI_PLAZA
3,Window Frame,nos,4486.5,1986.0,8910189.0,,contractor_bills\SATTI_PLAZA_C005_RunBill_01.xlsx,contractor_bills,SATTI_PLAZA
4,Plumbing Fixture,nos,1365.1,1725.0,2354797.5,Disputed,contractor_bills\SATTI_PLAZA_C005_RunBill_01.xlsx,contractor_bills,SATTI_PLAZA
5,Electrical Wiring,point,1153.3,1419.0,1636532.7,As per BOQ,contractor_bills\SATTI_PLAZA_C005_RunBill_01.xlsx,contractor_bills,SATTI_PLAZA
6,Flooring,sft,3303.4,588.0,1942399.0,Verified,contractor_bills\SATTI_PLAZA_C005_RunBill_01.xlsx,contractor_bills,SATTI_PLAZA
,,,,,1170569.47,,contractor_bills\SATTI_PLAZA_C005_RunBill_01.xlsx,contractor_bills,SATTI_PLAZA
,,,,,5987102.27,,contractor_bills\SATTI_PLAZA_C005_RunBill_01.xlsx,contractor_bills,SATTI_PLAZA
,,,,,117056.95,,contractor_bills\SATTI_PLAZA_C005_RunBill_01.xlsx,contractor_bills,SATTI_PLAZA
,,,,,1053512.52,,contractor_bills\SATTI_PLAZA_C005_RunBill_01.xlsx,contractor_bills,SATTI_PLAZA
Prepared:,,Checked:,,,,,contractor_bills\SATTI_PLAZA_C005_RunBill_01.xlsx,contractor_bills,SATTI_PLAZA
Bill No:,RB-SAT-C005-02,,,,,,contractor_bills\SATTI_PLAZA_C005_RunBill_02.xlsx,contractor_bills,SATTI_PLAZA
Date:,08-Aug-2011,,,,,,contractor_bills\SATTI_PLAZA_C005_RunBill_02.xlsx,contractor_bills,SATTI_PLAZA
Project:,SATTI_PLAZA,,,,,,contractor_bills\SATTI_PLAZA_C005_RunBill_02.xlsx,contractor_bills,SATTI_PLAZA
Contractor:,Baig Steel Fabricators,,,,,,contractor_bills\SATTI_PLAZA_C005_RunBill_02.xlsx,contractor_bills,SATTI_PLAZA
Scope:,Steel/Metal,,,,,,contractor_bills\SATTI_PLAZA_C005_RunBill_02.xlsx,contractor_bills,SATTI_PLAZA
Contract Value:,5050549.06,,,,,,contractor_bills\SATTI_PLAZA_C005_RunBill_02.xlsx,contractor_bills,SATTI_PLAZA
WORK DONE THIS PERIOD,,,,,,,contractor_bills\SATTI_PLAZA_C005_RunBill_02.xlsx,contractor_bills,SATTI_PLAZA
1,Electrical Wiring,point,4026.2,197.0,793161.0,As per BOQ,contractor_bills\SATTI_PLAZA_C005_RunBill_02.xlsx,contractor_bills,SATTI_PLAZA
2,Painting,sft,799.9,87.0,69591.0,,contractor_bills\SATTI_PLAZA_C005_RunBill_02.xlsx,contractor_bills,SATTI_PLAZA
3,Door Frame,nos,375.7,544.0,204380.8,,contractor_bills\SATTI_PLAZA_C005_RunBill_02.xlsx,contractor_bills,SATTI_PLAZA
4,Window Frame,nos,2664.6,1636.0,4359285.6,As per BOQ,contractor_bills\SATTI_PLAZA_C005_RunBill_02.xlsx,contractor_bills,SATTI_PLAZA
5,RCC M20,cft,2137.5,2238.0,4783725.0,As per BOQ,contractor_bills\SATTI_PLAZA_C005_RunBill_02.xlsx,contractor_bills,SATTI_PLAZA
,,,,,613245.67,,contractor_bills\SATTI_PLAZA_C005_RunBill_02.xlsx,contractor_bills,SATTI_PLAZA
,,,,,978767.09,,contractor_bills\SATTI_PLAZA_C005_RunBill_02.xlsx,contractor_bills,SATTI_PLAZA
,,,,,61325.0,,contractor_bills\SATTI_PLAZA_C005_RunBill_02.xlsx,contractor_bills,SATTI_PLAZA
,,,,,551921.1000000001,,contractor_bills\SATTI_PLAZA_C005_RunBill_02.xlsx,contractor_bills,SATTI_PLAZA
Prepared:,,Checked:,,,,,contractor_bills\SATTI_PLAZA_C005_RunBill_02.xlsx,contractor_bills,SATTI_PLAZA
Bill No:,RB-SAT-C006-01,,,,,,contractor_bills\SATTI_PLAZA_C006_RunBill_01.xlsx,contractor_bills,SATTI_PLAZA
Date:,22-Mar-2014,,,,,,contractor_bills\SATTI_PLAZA_C006_RunBill_01.xlsx,contractor_bills,SATTI_PLAZA
Project:,SATTI_PLAZA,,,,,,contractor_bills\SATTI_PLAZA_C006_RunBill_01.xlsx,contractor_bills,SATTI_PLAZA
Contractor:,Qamar Civil Engineers,,,,,,contractor_bills\SATTI_PLAZA_C006_RunBill_01.xlsx,contractor_bills,SATTI_PLAZA
Scope:,Civil Works,,,,,,contractor_bills\SATTI_PLAZA_C006_RunBill_01.xlsx,contractor_bills,SATTI_PLAZA
Contract Value:,8254094.8,,,,,,contractor_bills\SATTI_PLAZA_C006_RunBill_01.xlsx,contractor_bills,SATTI_PLAZA
WORK DONE THIS PERIOD,,,,,,,contractor_bills\SATTI_PLAZA_C006_RunBill_01.xlsx,contractor_bills,SATTI_PLAZA
1,PCC 1:4:8,cft,"PKR 2,935",912.0,2676355.2,Verified,contractor_bills\SATTI_PLAZA_C006_RunBill_01.xlsx,contractor_bills,SATTI_PLAZA
2,RCC M20,cft,2819.6,1167.0,3290473.2,,contractor_bills\SATTI_PLAZA_C006_RunBill_01.xlsx,contractor_bills,SATTI_PLAZA
3,Excavation,cft,4841.2,1187.0,5746504.4,Disputed,contractor_bills\SATTI_PLAZA_C006_RunBill_01.xlsx,contractor_bills,SATTI_PLAZA
4,Electrical Wiring,point,2866.3,1503.0,4308049.0,As per BOQ,contractor_bills\SATTI_PLAZA_C006_RunBill_01.xlsx,contractor_bills,SATTI_PLAZA
5,Window Frame,nos,"PKR 1,744",1742.0,3038571.0,Disputed,contractor_bills\SATTI_PLAZA_C006_RunBill_01.xlsx,contractor_bills,SATTI_PLAZA
,,,,,1087101.38,,contractor_bills\SATTI_PLAZA_C006_RunBill_01.xlsx,contractor_bills,SATTI_PLAZA
,,,,,2745378.18,,contractor_bills\SATTI_PLAZA_C006_RunBill_01.xlsx,contractor_bills,SATTI_PLAZA
,,,,,,,contractor_bills\SATTI_PLAZA_C006_RunBill_01.xlsx,contractor_bills,SATTI_PLAZA
,,,,,978391.2399999999,,contractor_bills\SATTI_PLAZA_C006_RunBill_01.xlsx,contractor_bills,SATTI_PLAZA
Prepared:,,Checked:,,,,,contractor_bills\SATTI_PLAZA_C006_RunBill_01.xlsx,contractor_bills,SATTI_PLAZA
Bill No:,RB-SAT-C006-02,,,,,,contractor_bills\SATTI_PLAZA_C006_RunBill_02.xlsx,contractor_bills,SATTI_PLAZA
Date:,2013/05/30,,,,,,contractor_bills\SATTI_PLAZA_C006_RunBill_02.xlsx,contractor_bills,SATTI_PLAZA
Project:,SATTI_PLAZA,,,,,,contractor_bills\SATTI_PLAZA_C006_RunBill_02.xlsx,contractor_bills,SATTI_PLAZA
Contractor:,Qamar Civil Engineers,,,,,,contractor_bills\SATTI_PLAZA_C006_RunBill_02.xlsx,contractor_bills,SATTI_PLAZA
Scope:,Civil Works,,,,,,contractor_bills\SATTI_PLAZA_C006_RunBill_02.xlsx,contractor_bills,SATTI_PLAZA
Contract Value:,14638246.67,,,,,,contractor_bills\SATTI_PLAZA_C006_RunBill_02.xlsx,contractor_bills,SATTI_PLAZA
WORK DONE THIS PERIOD,,,,,,,contractor_bills\SATTI_PLAZA_C006_RunBill_02.xlsx,contractor_bills,SATTI_PLAZA
1,Plastering,sft,2075.6,1115.0,2314294.0,Verified,contractor_bills\SATTI_PLAZA_C006_RunBill_02.xlsx,contractor_bills,SATTI_PLAZA
2,Window Frame,nos,"1,544/-",681.0,1051395.9,Disputed,contractor_bills\SATTI_PLAZA_C006_RunBill_02.xlsx,contractor_bills,SATTI_PLAZA
3,Electrical Wiring,point,3021.4,649.0,1960888.6,Verified,contractor_bills\SATTI_PLAZA_C006_RunBill_02.xlsx,contractor_bills,SATTI_PLAZA
4,Painting,sft,2259.9,605.0,1367239.5,,contractor_bills\SATTI_PLAZA_C006_RunBill_02.xlsx,contractor_bills,SATTI_PLAZA
5,Plumbing Fixture,nos,,1764.0,7383222.0,,contractor_bills\SATTI_PLAZA_C006_RunBill_02.xlsx,contractor_bills,SATTI_PLAZA
6,Brick Masonry,cft,3031.1,1219.0,3694910.9,,contractor_bills\SATTI_PLAZA_C006_RunBill_02.xlsx,contractor_bills,SATTI_PLAZA
7,RCC M20,cft,4412.9,1477.0,,,contractor_bills\SATTI_PLAZA_C006_RunBill_02.xlsx,contractor_bills,SATTI_PLAZA
8,Flooring,sft,"3,804/-",,4343711.2,,contractor_bills\SATTI_PLAZA_C006_RunBill_02.xlsx,contractor_bills,SATTI_PLAZA
,,,,,2085493.51,,contractor_bills\SATTI_PLAZA_C006_RunBill_02.xlsx,contractor_bills,SATTI_PLAZA
,,,,,5789901.05,,contractor_bills\SATTI_PLAZA_C006_RunBill_02.xlsx,contractor_bills,SATTI_PLAZA
,,,,,208549.35,,contractor_bills\SATTI_PLAZA_C006_RunBill_02.xlsx,contractor_bills,SATTI_PLAZA
,,,,,1876944.16,,contractor_bills\SATTI_PLAZA_C006_RunBill_02.xlsx,contractor_bills,SATTI_PLAZA
Prepared:,,Checked:,,,,,contractor_bills\SATTI_PLAZA_C006_RunBill_02.xlsx,contractor_bills,SATTI_PLAZA
Bill No:,RB-SAT-C006-03,,,,,,contractor_bills\SATTI_PLAZA_C006_RunBill_03.xlsx,contractor_bills,SATTI_PLAZA
Date:,24/07/13,,,,,,contractor_bills\SATTI_PLAZA_C006_RunBill_03.xlsx,contractor_bills,SATTI_PLAZA
Project:,SATTI_PLAZA,,,,,,contractor_bills\SATTI_PLAZA_C006_RunBill_03.xlsx,contractor_bills,SATTI_PLAZA
Contractor:,Qamar Civil Engineers,,,,,,contractor_bills\SATTI_PLAZA_C006_RunBill_03.xlsx,contractor_bills,SATTI_PLAZA
Scope:,Civil Works,,,,,,contractor_bills\SATTI_PLAZA_C006_RunBill_03.xlsx,contractor_bills,SATTI_PLAZA
Contract Value:,5872888.38,,,,,,contractor_bills\SATTI_PLAZA_C006_RunBill_03.xlsx,contractor_bills,SATTI_PLAZA
WORK DONE THIS PERIOD,,,,,,,contractor_bills\SATTI_PLAZA_C006_RunBill_03.xlsx,contractor_bills,SATTI_PLAZA
1,Painting,sft,3143.7,2107.0,6623775.9,,contractor_bills\SATTI_PLAZA_C006_RunBill_03.xlsx,contractor_bills,SATTI_PLAZA
2,Window Frame,nos,3051.3,2364.0,7213273.2,Verified,contractor_bills\SATTI_PLAZA_C006_RunBill_03.xlsx,contractor_bills,SATTI_PLAZA
3,Flooring,sft,"1,989/-",592.0,1177369.6,,contractor_bills\SATTI_PLAZA_C006_RunBill_03.xlsx,contractor_bills,SATTI_PLAZA
4,Brick Masonry,cft,1490.2,,745100.0,As per BOQ,contractor_bills\SATTI_PLAZA_C006_RunBill_03.xlsx,contractor_bills,SATTI_PLAZA
5,RCC M20,cft,1250.8,810.0,1013148.0,,contractor_bills\SATTI_PLAZA_C006_RunBill_03.xlsx,contractor_bills,SATTI_PLAZA
6,Plastering,sft,1167.6,1154.0,1347410.4,Disputed,contractor_bills\SATTI_PLAZA_C006_RunBill_03.xlsx,contractor_bills,SATTI_PLAZA
7,Electrical Wiring,point,2706,119.0,322014.0,Verified,contractor_bills\SATTI_PLAZA_C006_RunBill_03.xlsx,contractor_bills,SATTI_PLAZA
,,,,,809523.44,,contractor_bills\SATTI_PLAZA_C006_RunBill_03.xlsx,contractor_bills,SATTI_PLAZA
,,,,,1942941.42,,contractor_bills\SATTI_PLAZA_C006_RunBill_03.xlsx,contractor_bills,SATTI_PLAZA
,,,,,80952.34,,contractor_bills\SATTI_PLAZA_C006_RunBill_03.xlsx,contractor_bills,SATTI_PLAZA
,,,,,728571.1,,contractor_bills\SATTI_PLAZA_C006_RunBill_03.xlsx,contractor_bills,SATTI_PLAZA
Prepared:,,Checked:,,,,,contractor_bills\SATTI_PLAZA_C006_RunBill_03.xlsx,contractor_bills,SATTI_PLAZA
Bill No:,RB-SAT-C006-04,,,,,,contractor_bills\SATTI_PLAZA_C006_RunBill_04.xlsx,contractor_bills,SATTI_PLAZA
Date:,"July 12, 2011",,,,,,contractor_bills\SATTI_PLAZA_C006_RunBill_04.xlsx,contractor_bills,SATTI_PLAZA
Project:,SATTI_PLAZA,,,,,,contractor_bills\SATTI_PLAZA_C006_RunBill_04.xlsx,contractor_bills,SATTI_PLAZA
Contractor:,Qamar Civil Engineers,,,,,,contractor_bills\SATTI_PLAZA_C006_RunBill_04.xlsx,contractor_bills,SATTI_PLAZA
Scope:,Civil Works,,,,,,contractor_bills\SATTI_PLAZA_C006_RunBill_04.xlsx,contractor_bills,SATTI_PLAZA
Contract Value:,2718364.26,,,,,,contractor_bills\SATTI_PLAZA_C006_RunBill_04.xlsx,contractor_bills,SATTI_PLAZA
WORK DONE THIS PERIOD,,,,,,,contractor_bills\SATTI_PLAZA_C006_RunBill_04.xlsx,contractor_bills,SATTI_PLAZA
1,Painting,sft,3121.8,623.0,1944881.4,,contractor_bills\SATTI_PLAZA_C006_RunBill_04.xlsx,contractor_bills,SATTI_PLAZA
2,RCC M20,cft,4390.3,613.0,2691253.9,,contractor_bills\SATTI_PLAZA_C006_RunBill_04.xlsx,contractor_bills,SATTI_PLAZA
3,Brick Masonry,cft,623.1,2257.0,1406336.7,Disputed,contractor_bills\SATTI_PLAZA_C006_RunBill_04.xlsx,contractor_bills,SATTI_PLAZA
4,Window Frame,nos,718.6,1222.0,878129.2,,contractor_bills\SATTI_PLAZA_C006_RunBill_04.xlsx,contractor_bills,SATTI_PLAZA
5,PCC 1:4:8,cft,"3,212/-",566.0,1818218.4,,contractor_bills\SATTI_PLAZA_C006_RunBill_04.xlsx,contractor_bills,SATTI_PLAZA
6,Plastering,sft,1299,1245.0,1617255.0,As per BOQ,contractor_bills\SATTI_PLAZA_C006_RunBill_04.xlsx,contractor_bills,SATTI_PLAZA
7,Flooring,sft,2705.5,1173.0,3173551.5,,contractor_bills\SATTI_PLAZA_C006_RunBill_04.xlsx,contractor_bills,SATTI_PLAZA
,,,,,172481.81,,contractor_bills\SATTI_PLAZA_C006_RunBill_04.xlsx,contractor_bills,SATTI_PLAZA
,,,,,1531261.03,,contractor_bills\SATTI_PLAZA_C006_RunBill_04.xlsx,contractor_bills,SATTI_PLAZA
,,,,,17248.18,,contractor_bills\SATTI_PLAZA_C006_RunBill_04.xlsx,contractor_bills,SATTI_PLAZA
,,,,,155233.63,,contractor_bills\SATTI_PLAZA_C006_RunBill_04.xlsx,contractor_bills,SATTI_PLAZA
Prepared:,,Checked:,,,,,contractor_bills\SATTI_PLAZA_C006_RunBill_04.xlsx,contractor_bills,SATTI_PLAZA
Bill No:,RB-SAT-C006-05,,,,,,contractor_bills\SATTI_PLAZA_C006_RunBill_05.xlsx,contractor_bills,SATTI_PLAZA
Date:,"July 16, 2011",,,,,,contractor_bills\SATTI_PLAZA_C006_RunBill_05.xlsx,contractor_bills,SATTI_PLAZA
Project:,SATTI_PLAZA,,,,,,contractor_bills\SATTI_PLAZA_C006_RunBill_05.xlsx,contractor_bills,SATTI_PLAZA
Contractor:,Qamar Civil Engineers,,,,,,contractor_bills\SATTI_PLAZA_C006_RunBill_05.xlsx,contractor_bills,SATTI_PLAZA
Scope:,Civil Works,,,,,,contractor_bills\SATTI_PLAZA_C006_RunBill_05.xlsx,contractor_bills,SATTI_PLAZA
Contract Value:,13275660.6,,,,,,contractor_bills\SATTI_PLAZA_C006_RunBill_05.xlsx,contractor_bills,SATTI_PLAZA
WORK DONE THIS PERIOD,,,,,,,contractor_bills\SATTI_PLAZA_C006_RunBill_05.xlsx,contractor_bills,SATTI_PLAZA
1,Plastering,sft,2712.7,,3702835.5,As per BOQ,contractor_bills\SATTI_PLAZA_C006_RunBill_05.xlsx,contractor_bills,SATTI_PLAZA
2,Excavation,cft,,207.0,902996.1,,contractor_bills\SATTI_PLAZA_C006_RunBill_05.xlsx,contractor_bills,SATTI_PLAZA
3,Flooring,sft,1722.8,1016.0,1750364.8,As per BOQ,contractor_bills\SATTI_PLAZA_C006_RunBill_05.xlsx,contractor_bills,SATTI_PLAZA
4,Painting,sft,2432.5,1587.0,3860378.0,As per BOQ,contractor_bills\SATTI_PLAZA_C006_RunBill_05.xlsx,contractor_bills,SATTI_PLAZA
5,Door Frame,nos,431.8,2449.0,1057478.2,As per BOQ,contractor_bills\SATTI_PLAZA_C006_RunBill_05.xlsx,contractor_bills,SATTI_PLAZA
,,,,,2285386.8,,contractor_bills\SATTI_PLAZA_C006_RunBill_05.xlsx,contractor_bills,SATTI_PLAZA
,,,,,543542.5,,contractor_bills\SATTI_PLAZA_C006_RunBill_05.xlsx,contractor_bills,SATTI_PLAZA
,,,,,228538.68,,contractor_bills\SATTI_PLAZA_C006_RunBill_05.xlsx,contractor_bills,SATTI_PLAZA
,,,,,2056848.12,,contractor_bills\SATTI_PLAZA_C006_RunBill_05.xlsx,contractor_bills,SATTI_PLAZA
Prepared:,,Checked:,,,,,contractor_bills\SATTI_PLAZA_C006_RunBill_05.xlsx,contractor_bills,SATTI_PLAZA
Bill No:,RB-SAT-C006-06,,,,,,contractor_bills\SATTI_PLAZA_C006_RunBill_06.xlsx,contractor_bills,SATTI_PLAZA
Date:,2011/07/12,,,,,,contractor_bills\SATTI_PLAZA_C006_RunBill_06.xlsx,contractor_bills,SATTI_PLAZA
Project:,SATTI_PLAZA,,,,,,contractor_bills\SATTI_PLAZA_C006_RunBill_06.xlsx,contractor_bills,SATTI_PLAZA
Contractor:,Qamar Civil Engineers,,,,,,contractor_bills\SATTI_PLAZA_C006_RunBill_06.xlsx,contractor_bills,SATTI_PLAZA
Scope:,Civil Works,,,,,,contractor_bills\SATTI_PLAZA_C006_RunBill_06.xlsx,contractor_bills,SATTI_PLAZA
Contract Value:,10209339.71,,,,,,contractor_bills\SATTI_PLAZA_C006_RunBill_06.xlsx,contractor_bills,SATTI_PLAZA
WORK DONE THIS PERIOD,,,,,,,contractor_bills\SATTI_PLAZA_C006_RunBill_06.xlsx,contractor_bills,SATTI_PLAZA
1,Flooring,sft,826.1,934.0,771577.4,Disputed,contractor_bills\SATTI_PLAZA_C006_RunBill_06.xlsx,contractor_bills,SATTI_PLAZA
2,Plastering,sft,3428.6,689.0,2362305.4,As per BOQ,contractor_bills\SATTI_PLAZA_C006_RunBill_06.xlsx,contractor_bills,SATTI_PLAZA
3,Brick Masonry,cft,TBD,1372.0,24010.0,Disputed,contractor_bills\SATTI_PLAZA_C006_RunBill_06.xlsx,contractor_bills,SATTI_PLAZA
4,Window Frame,nos,4169.2,797.0,3322852.4,Verified,contractor_bills\SATTI_PLAZA_C006_RunBill_06.xlsx,contractor_bills,SATTI_PLAZA
5,Electrical Wiring,point,"PKR 2,328",2021.0,4705898.5,,contractor_bills\SATTI_PLAZA_C006_RunBill_06.xlsx,contractor_bills,SATTI_PLAZA
6,Door Frame,nos,366.1,1927.0,705474.7,Verified,contractor_bills\SATTI_PLAZA_C006_RunBill_06.xlsx,contractor_bills,SATTI_PLAZA
7,PCC 1:4:8,cft,4519.8,1023.0,4623755.4,,contractor_bills\SATTI_PLAZA_C006_RunBill_06.xlsx,contractor_bills,SATTI_PLAZA
,,,,,1886901.71,,contractor_bills\SATTI_PLAZA_C006_RunBill_06.xlsx,contractor_bills,SATTI_PLAZA
,,,,,6366531.8,,contractor_bills\SATTI_PLAZA_C006_RunBill_06.xlsx,contractor_bills,SATTI_PLAZA
,,,,,188690.17,,contractor_bills\SATTI_PLAZA_C006_RunBill_06.xlsx,contractor_bills,SATTI_PLAZA
,,,,,1698211.54,,contractor_bills\SATTI_PLAZA_C006_RunBill_06.xlsx,contractor_bills,SATTI_PLAZA
Prepared:,,Checked:,,,,,contractor_bills\SATTI_PLAZA_C006_RunBill_06.xlsx,contractor_bills,SATTI_PLAZA
Bill No:,RB-SAT-C007-01,,,,,,contractor_bills\SATTI_PLAZA_C007_RunBill_01.xlsx,contractor_bills,SATTI_PLAZA
Date:,2012/03/15,,,,,,contractor_bills\SATTI_PLAZA_C007_RunBill_01.xlsx,contractor_bills,SATTI_PLAZA
Project:,SATTI_PLAZA,,,,,,contractor_bills\SATTI_PLAZA_C007_RunBill_01.xlsx,contractor_bills,SATTI_PLAZA
Contractor:,Bilal Tiles & Flooring,,,,,,contractor_bills\SATTI_PLAZA_C007_RunBill_01.xlsx,contractor_bills,SATTI_PLAZA
Scope:,Flooring,,,,,,contractor_bills\SATTI_PLAZA_C007_RunBill_01.xlsx,contractor_bills,SATTI_PLAZA
Contract Value:,"2,820,261/-",,,,,,contractor_bills\SATTI_PLAZA_C007_RunBill_01.xlsx,contractor_bills,SATTI_PLAZA
WORK DONE THIS PERIOD,,,,,,,contractor_bills\SATTI_PLAZA_C007_RunBill_01.xlsx,contractor_bills,SATTI_PLAZA
1,Electrical Wiring,point,4135.1,1821.0,7530017.0,Disputed,contractor_bills\SATTI_PLAZA_C007_RunBill_01.xlsx,contractor_bills,SATTI_PLAZA
2,Flooring,sft,"PKR 3,320",1578.0,5238328.8,As per BOQ,contractor_bills\SATTI_PLAZA_C007_RunBill_01.xlsx,contractor_bills,SATTI_PLAZA
3,Brick Masonry,cft,543.8,1654.0,899445.2,,contractor_bills\SATTI_PLAZA_C007_RunBill_01.xlsx,contractor_bills,SATTI_PLAZA
4,Plumbing Fixture,nos,"1,130/-",2146.0,,As per BOQ,contractor_bills\SATTI_PLAZA_C007_RunBill_01.xlsx,contractor_bills,SATTI_PLAZA
5,PCC 1:4:8,cft,4145.9,1966.0,8150839.4,,contractor_bills\SATTI_PLAZA_C007_RunBill_01.xlsx,contractor_bills,SATTI_PLAZA
6,Window Frame,nos,2696.2,2181.0,5880412.2,Verified,contractor_bills\SATTI_PLAZA_C007_RunBill_01.xlsx,contractor_bills,SATTI_PLAZA
7,Door Frame,nos,528.9,1478.0,781714.2,Disputed,contractor_bills\SATTI_PLAZA_C007_RunBill_01.xlsx,contractor_bills,SATTI_PLAZA
8,Painting,sft,1534.9,377.0,578657.3,As per BOQ,contractor_bills\SATTI_PLAZA_C007_RunBill_01.xlsx,contractor_bills,SATTI_PLAZA
9,Excavation,cft,2517.4,2334.0,5875611.6,Verified,contractor_bills\SATTI_PLAZA_C007_RunBill_01.xlsx,contractor_bills,SATTI_PLAZA
,,,,,205996.47,,contractor_bills\SATTI_PLAZA_C007_RunBill_01.xlsx,contractor_bills,SATTI_PLAZA
,,,,,708124.88,,contractor_bills\SATTI_PLAZA_C007_RunBill_01.xlsx,contractor_bills,SATTI_PLAZA
,,,,,20599.65,,contractor_bills\SATTI_PLAZA_C007_RunBill_01.xlsx,contractor_bills,SATTI_PLAZA
,,,,,185396.82,,contractor_bills\SATTI_PLAZA_C007_RunBill_01.xlsx,contractor_bills,SATTI_PLAZA
Prepared:,,Checked:,,,,,contractor_bills\SATTI_PLAZA_C007_RunBill_01.xlsx,contractor_bills,SATTI_PLAZA
Bill No:,RB-SAT-C007-02,,,,,,contractor_bills\SATTI_PLAZA_C007_RunBill_02.xlsx,contractor_bills,SATTI_PLAZA
Date:,2013/06/26,,,,,,contractor_bills\SATTI_PLAZA_C007_RunBill_02.xlsx,contractor_bills,SATTI_PLAZA
Project:,SATTI_PLAZA,,,,,,contractor_bills\SATTI_PLAZA_C007_RunBill_02.xlsx,contractor_bills,SATTI_PLAZA
Contractor:,Bilal Tiles & Flooring,,,,,,contractor_bills\SATTI_PLAZA_C007_RunBill_02.xlsx,contractor_bills,SATTI_PLAZA
Scope:,Flooring,,,,,,contractor_bills\SATTI_PLAZA_C007_RunBill_02.xlsx,contractor_bills,SATTI_PLAZA
Contract Value:,11359547.8,,,,,,contractor_bills\SATTI_PLAZA_C007_RunBill_02.xlsx,contractor_bills,SATTI_PLAZA
WORK DONE THIS PERIOD,,,,,,,contractor_bills\SATTI_PLAZA_C007_RunBill_02.xlsx,contractor_bills,SATTI_PLAZA
1,PCC 1:4:8,cft,2881.1,1341.0,,,contractor_bills\SATTI_PLAZA_C007_RunBill_02.xlsx,contractor_bills,SATTI_PLAZA
2,Plumbing Fixture,nos,1104.5,1108.0,1223786.0,,contractor_bills\SATTI_PLAZA_C007_RunBill_02.xlsx,contractor_bills,SATTI_PLAZA
3,Door Frame,nos,,532.0,928712.4,As per BOQ,contractor_bills\SATTI_PLAZA_C007_RunBill_02.xlsx,contractor_bills,SATTI_PLAZA
4,Window Frame,nos,29.2,,46661.6,,contractor_bills\SATTI_PLAZA_C007_RunBill_02.xlsx,contractor_bills,SATTI_PLAZA
5,Electrical Wiring,point,2753.7,55.0,151453.5,,contractor_bills\SATTI_PLAZA_C007_RunBill_02.xlsx,contractor_bills,SATTI_PLAZA
6,Brick Masonry,cft,"3,894/-",1930.0,7515420.0,Disputed,contractor_bills\SATTI_PLAZA_C007_RunBill_02.xlsx,contractor_bills,SATTI_PLAZA
7,Plastering,sft,2292.4,1119.0,2565195.6,As per BOQ,contractor_bills\SATTI_PLAZA_C007_RunBill_02.xlsx,contractor_bills,SATTI_PLAZA
8,RCC M20,cft,2513,2238.0,5624094.0,Disputed,contractor_bills\SATTI_PLAZA_C007_RunBill_02.xlsx,contractor_bills,SATTI_PLAZA
,,,,,770322.67,,contractor_bills\SATTI_PLAZA_C007_RunBill_02.xlsx,contractor_bills,SATTI_PLAZA
,,,,,6163117.6,,contractor_bills\SATTI_PLAZA_C007_RunBill_02.xlsx,contractor_bills,SATTI_PLAZA
,,,,,77032.27,,contractor_bills\SATTI_PLAZA_C007_RunBill_02.xlsx,contractor_bills,SATTI_PLAZA
,,,,,693290.4,,contractor_bills\SATTI_PLAZA_C007_RunBill_02.xlsx,contractor_bills,SATTI_PLAZA
Prepared:,,Checked:,,,,,contractor_bills\SATTI_PLAZA_C007_RunBill_02.xlsx,contractor_bills,SATTI_PLAZA
Bill No:,RB-SAT-C007-03,,,,,,contractor_bills\SATTI_PLAZA_C007_RunBill_03.xlsx,contractor_bills,SATTI_PLAZA
Date:,04-15-2014,,,,,,contractor_bills\SATTI_PLAZA_C007_RunBill_03.xlsx,contractor_bills,SATTI_PLAZA
Project:,SATTI_PLAZA,,,,,,contractor_bills\SATTI_PLAZA_C007_RunBill_03.xlsx,contractor_bills,SATTI_PLAZA
Contractor:,Bilal Tiles & Flooring,,,,,,contractor_bills\SATTI_PLAZA_C007_RunBill_03.xlsx,contractor_bills,SATTI_PLAZA
Scope:,Flooring,,,,,,contractor_bills\SATTI_PLAZA_C007_RunBill_03.xlsx,contractor_bills,SATTI_PLAZA
Contract Value:,13739238.86,,,,,,contractor_bills\SATTI_PLAZA_C007_RunBill_03.xlsx,contractor_bills,SATTI_PLAZA
WORK DONE THIS PERIOD,,,,,,,contractor_bills\SATTI_PLAZA_C007_RunBill_03.xlsx,contractor_bills,SATTI_PLAZA
1,PCC 1:4:8,cft,4763.8,1232.0,5869001.6,Verified,contractor_bills\SATTI_PLAZA_C007_RunBill_03.xlsx,contractor_bills,SATTI_PLAZA
2,Window Frame,nos,843.6,1605.0,1353978.0,Verified,contractor_bills\SATTI_PLAZA_C007_RunBill_03.xlsx,contractor_bills,SATTI_PLAZA
3,Door Frame,nos,384.6,362.0,139225.2,,contractor_bills\SATTI_PLAZA_C007_RunBill_03.xlsx,contractor_bills,SATTI_PLAZA
4,Painting,sft,1768.2,1504.0,2659372.8,Verified,contractor_bills\SATTI_PLAZA_C007_RunBill_03.xlsx,contractor_bills,SATTI_PLAZA
5,Electrical Wiring,point,"PKR 2,492",1849.0,4608447.6,Disputed,contractor_bills\SATTI_PLAZA_C007_RunBill_03.xlsx,contractor_bills,SATTI_PLAZA
6,Flooring,sft,3482.7,2064.0,7188292.8,Verified,contractor_bills\SATTI_PLAZA_C007_RunBill_03.xlsx,contractor_bills,SATTI_PLAZA
7,Excavation,cft,480.1,843.0,404724.3,As per BOQ,contractor_bills\SATTI_PLAZA_C007_RunBill_03.xlsx,contractor_bills,SATTI_PLAZA
8,Brick Masonry,cft,1125.3,718.0,807965.4,Verified,contractor_bills\SATTI_PLAZA_C007_RunBill_03.xlsx,contractor_bills,SATTI_PLAZA
,,,,,2269647.32,,contractor_bills\SATTI_PLAZA_C007_RunBill_03.xlsx,contractor_bills,SATTI_PLAZA
,,,,,7213509.47,,contractor_bills\SATTI_PLAZA_C007_RunBill_03.xlsx,contractor_bills,SATTI_PLAZA
,,,,,226964.73,,contractor_bills\SATTI_PLAZA_C007_RunBill_03.xlsx,contractor_bills,SATTI_PLAZA
,,,,,2042682.59,,contractor_bills\SATTI_PLAZA_C007_RunBill_03.xlsx,contractor_bills,SATTI_PLAZA
Prepared:,,Checked:,,,,,contractor_bills\SATTI_PLAZA_C007_RunBill_03.xlsx,contractor_bills,SATTI_PLAZA
Bill No:,RB-SAT-C007-04,,,,,,contractor_bills\SATTI_PLAZA_C007_RunBill_04.xlsx,contractor_bills,SATTI_PLAZA
Date:,18-Jan-2012,,,,,,contractor_bills\SATTI_PLAZA_C007_RunBill_04.xlsx,contractor_bills,SATTI_PLAZA
Project:,SATTI_PLAZA,,,,,,contractor_bills\SATTI_PLAZA_C007_RunBill_04.xlsx,contractor_bills,SATTI_PLAZA
Contractor:,Bilal Tiles & Flooring,,,,,,contractor_bills\SATTI_PLAZA_C007_RunBill_04.xlsx,contractor_bills,SATTI_PLAZA
Scope:,Flooring,,,,,,contractor_bills\SATTI_PLAZA_C007_RunBill_04.xlsx,contractor_bills,SATTI_PLAZA
Contract Value:,"11,590,067/-",,,,,,contractor_bills\SATTI_PLAZA_C007_RunBill_04.xlsx,contractor_bills,SATTI_PLAZA
WORK DONE THIS PERIOD,,,,,,,contractor_bills\SATTI_PLAZA_C007_RunBill_04.xlsx,contractor_bills,SATTI_PLAZA
1,Plastering,sft,1039.2,1846.0,1918363.2,Verified,contractor_bills\SATTI_PLAZA_C007_RunBill_04.xlsx,contractor_bills,SATTI_PLAZA
2,PCC 1:4:8,cft,2673.2,700.0,,,contractor_bills\SATTI_PLAZA_C007_RunBill_04.xlsx,contractor_bills,SATTI_PLAZA
3,Flooring,sft,,850.0,3723340.0,As per BOQ,contractor_bills\SATTI_PLAZA_C007_RunBill_04.xlsx,contractor_bills,SATTI_PLAZA
4,Door Frame,nos,4806.3,146.0,701719.8,,contractor_bills\SATTI_PLAZA_C007_RunBill_04.xlsx,contractor_bills,SATTI_PLAZA
5,Electrical Wiring,point,903.9,1360.0,1229304.0,,contractor_bills\SATTI_PLAZA_C007_RunBill_04.xlsx,contractor_bills,SATTI_PLAZA
6,RCC M20,cft,2702.7,1411.0,3813509.7,Verified,contractor_bills\SATTI_PLAZA_C007_RunBill_04.xlsx,contractor_bills,SATTI_PLAZA
7,Brick Masonry,cft,2708.9,631.0,1709315.9,,contractor_bills\SATTI_PLAZA_C007_RunBill_04.xlsx,contractor_bills,SATTI_PLAZA
8,Painting,sft,"PKR 2,086",2170.0,4526186.0,Verified,contractor_bills\SATTI_PLAZA_C007_RunBill_04.xlsx,contractor_bills,SATTI_PLAZA
,,,,,1605686.0,,contractor_bills\SATTI_PLAZA_C007_RunBill_04.xlsx,contractor_bills,SATTI_PLAZA
,,,,,3342621.73,,contractor_bills\SATTI_PLAZA_C007_RunBill_04.xlsx,contractor_bills,SATTI_PLAZA
,,,,,160568.61,,contractor_bills\SATTI_PLAZA_C007_RunBill_04.xlsx,contractor_bills,SATTI_PLAZA
,,,,,1445117.48,,contractor_bills\SATTI_PLAZA_C007_RunBill_04.xlsx,contractor_bills,SATTI_PLAZA
Prepared:,,Checked:,,,,,contractor_bills\SATTI_PLAZA_C007_RunBill_04.xlsx,contractor_bills,SATTI_PLAZA
Bill No:,RB-SAT-C008-01,,,,,,contractor_bills\SATTI_PLAZA_C008_RunBill_01.xlsx,contractor_bills,SATTI_PLAZA
Date:,"October 26, 2011",,,,,,contractor_bills\SATTI_PLAZA_C008_RunBill_01.xlsx,contractor_bills,SATTI_PLAZA
Project:,SATTI_PLAZA,,,,,,contractor_bills\SATTI_PLAZA_C008_RunBill_01.xlsx,contractor_bills,SATTI_PLAZA
Contractor:,Sultan HVAC Services,,,,,,contractor_bills\SATTI_PLAZA_C008_RunBill_01.xlsx,contractor_bills,SATTI_PLAZA
Scope:,HVAC,,,,,,contractor_bills\SATTI_PLAZA_C008_RunBill_01.xlsx,contractor_bills,SATTI_PLAZA
Contract Value:,9086521.17,,,,,,contractor_bills\SATTI_PLAZA_C008_RunBill_01.xlsx,contractor_bills,SATTI_PLAZA
WORK DONE THIS PERIOD,,,,,,,contractor_bills\SATTI_PLAZA_C008_RunBill_01.xlsx,contractor_bills,SATTI_PLAZA
1,Plumbing Fixture,nos,818.4,2202.0,1802116.8,As per BOQ,contractor_bills\SATTI_PLAZA_C008_RunBill_01.xlsx,contractor_bills,SATTI_PLAZA
2,PCC 1:4:8,cft,4443.9,351.0,1559808.9,Verified,contractor_bills\SATTI_PLAZA_C008_RunBill_01.xlsx,contractor_bills,SATTI_PLAZA
3,Window Frame,nos,2980.6,156.0,464973.6,,contractor_bills\SATTI_PLAZA_C008_RunBill_01.xlsx,contractor_bills,SATTI_PLAZA
4,Door Frame,nos,,2296.0,4615648.8,As per BOQ,contractor_bills\SATTI_PLAZA_C008_RunBill_01.xlsx,contractor_bills,SATTI_PLAZA
,,,,,1267261.06,,contractor_bills\SATTI_PLAZA_C008_RunBill_01.xlsx,contractor_bills,SATTI_PLAZA
,,,,,5530121.58,,contractor_bills\SATTI_PLAZA_C008_RunBill_01.xlsx,contractor_bills,SATTI_PLAZA
,,,,,126726.11,,contractor_bills\SATTI_PLAZA_C008_RunBill_01.xlsx,contractor_bills,SATTI_PLAZA
,,,,,1140534.95,,contractor_bills\SATTI_PLAZA_C008_RunBill_01.xlsx,contractor_bills,SATTI_PLAZA
Prepared:,,Checked:,,,,,contractor_bills\SATTI_PLAZA_C008_RunBill_01.xlsx,contractor_bills,SATTI_PLAZA
Bill No:,RB-SAT-C008-02,,,,,,contractor_bills\SATTI_PLAZA_C008_RunBill_02.xlsx,contractor_bills,SATTI_PLAZA
Date:,05/01/13,,,,,,contractor_bills\SATTI_PLAZA_C008_RunBill_02.xlsx,contractor_bills,SATTI_PLAZA
Project:,SATTI_PLAZA,,,,,,contractor_bills\SATTI_PLAZA_C008_RunBill_02.xlsx,contractor_bills,SATTI_PLAZA
Contractor:,Sultan HVAC Services,,,,,,contractor_bills\SATTI_PLAZA_C008_RunBill_02.xlsx,contractor_bills,SATTI_PLAZA
Scope:,HVAC,,,,,,contractor_bills\SATTI_PLAZA_C008_RunBill_02.xlsx,contractor_bills,SATTI_PLAZA
Contract Value:,TBD,,,,,,contractor_bills\SATTI_PLAZA_C008_RunBill_02.xlsx,contractor_bills,SATTI_PLAZA
WORK DONE THIS PERIOD,,,,,,,contractor_bills\SATTI_PLAZA_C008_RunBill_02.xlsx,contractor_bills,SATTI_PLAZA
1,Window Frame,nos,4153.9,2425.0,10073207.5,As per BOQ,contractor_bills\SATTI_PLAZA_C008_RunBill_02.xlsx,contractor_bills,SATTI_PLAZA
2,Brick Masonry,cft,"PKR 4,311",1510.0,6509006.0,As per BOQ,contractor_bills\SATTI_PLAZA_C008_RunBill_02.xlsx,contractor_bills,SATTI_PLAZA
3,Painting,sft,4653.3,217.0,1009766.1,As per BOQ,contractor_bills\SATTI_PLAZA_C008_RunBill_02.xlsx,contractor_bills,SATTI_PLAZA
4,Excavation,cft,2321.9,435.0,1010026.5,As per BOQ,contractor_bills\SATTI_PLAZA_C008_RunBill_02.xlsx,contractor_bills,SATTI_PLAZA
5,Electrical Wiring,point,2782.9,1795.0,,Verified,contractor_bills\SATTI_PLAZA_C008_RunBill_02.xlsx,contractor_bills,SATTI_PLAZA
,,,,,1088478.26,,contractor_bills\SATTI_PLAZA_C008_RunBill_02.xlsx,contractor_bills,SATTI_PLAZA
,,,,,7538509.76,,contractor_bills\SATTI_PLAZA_C008_RunBill_02.xlsx,contractor_bills,SATTI_PLAZA
,,,,,108847.83,,contractor_bills\SATTI_PLAZA_C008_RunBill_02.xlsx,contractor_bills,SATTI_PLAZA
,,,,,979630.43,,contractor_bills\SATTI_PLAZA_C008_RunBill_02.xlsx,contractor_bills,SATTI_PLAZA
Prepared:,,Checked:,,,,,contractor_bills\SATTI_PLAZA_C008_RunBill_02.xlsx,contractor_bills,SATTI_PLAZA
Bill No:,RB-SAT-C008-03,,,,,,contractor_bills\SATTI_PLAZA_C008_RunBill_03.xlsx,contractor_bills,SATTI_PLAZA
Date:,23/11/2011,,,,,,contractor_bills\SATTI_PLAZA_C008_RunBill_03.xlsx,contractor_bills,SATTI_PLAZA
Project:,SATTI_PLAZA,,,,,,contractor_bills\SATTI_PLAZA_C008_RunBill_03.xlsx,contractor_bills,SATTI_PLAZA
Contractor:,Sultan HVAC Services,,,,,,contractor_bills\SATTI_PLAZA_C008_RunBill_03.xlsx,contractor_bills,SATTI_PLAZA
Scope:,HVAC,,,,,,contractor_bills\SATTI_PLAZA_C008_RunBill_03.xlsx,contractor_bills,SATTI_PLAZA
Contract Value:,14673726.27,,,,,,contractor_bills\SATTI_PLAZA_C008_RunBill_03.xlsx,contractor_bills,SATTI_PLAZA
WORK DONE THIS PERIOD,,,,,,,contractor_bills\SATTI_PLAZA_C008_RunBill_03.xlsx,contractor_bills,SATTI_PLAZA
1,Plastering,sft,1307.2,2126.0,2779107.2,,contractor_bills\SATTI_PLAZA_C008_RunBill_03.xlsx,contractor_bills,SATTI_PLAZA
2,PCC 1:4:8,cft,1119,356.0,398364.0,As per BOQ,contractor_bills\SATTI_PLAZA_C008_RunBill_03.xlsx,contractor_bills,SATTI_PLAZA
3,Door Frame,nos,3225.1,2300.0,7417730.0,Disputed,contractor_bills\SATTI_PLAZA_C008_RunBill_03.xlsx,contractor_bills,SATTI_PLAZA
4,Electrical Wiring,point,4449.2,2040.0,,,contractor_bills\SATTI_PLAZA_C008_RunBill_03.xlsx,contractor_bills,SATTI_PLAZA
5,RCC M20,cft,58.1,2077.0,120674.0,As per BOQ,contractor_bills\SATTI_PLAZA_C008_RunBill_03.xlsx,contractor_bills,SATTI_PLAZA
6,Plumbing Fixture,nos,3460.6,1051.0,3637090.6,As per BOQ,contractor_bills\SATTI_PLAZA_C008_RunBill_03.xlsx,contractor_bills,SATTI_PLAZA
7,Flooring,sft,4030.8,1304.0,5256163.2,Disputed,contractor_bills\SATTI_PLAZA_C008_RunBill_03.xlsx,contractor_bills,SATTI_PLAZA
8,Brick Masonry,cft,948.1,734.0,695905.4,Disputed,contractor_bills\SATTI_PLAZA_C008_RunBill_03.xlsx,contractor_bills,SATTI_PLAZA
9,Excavation,cft,2966.5,1024.0,3037696.0,Disputed,contractor_bills\SATTI_PLAZA_C008_RunBill_03.xlsx,contractor_bills,SATTI_PLAZA
,,,,,1544211.73,,contractor_bills\SATTI_PLAZA_C008_RunBill_03.xlsx,contractor_bills,SATTI_PLAZA
,,,,,3365921.2,,contractor_bills\SATTI_PLAZA_C008_RunBill_03.xlsx,contractor_bills,SATTI_PLAZA
,,,,,154421.17,,contractor_bills\SATTI_PLAZA_C008_RunBill_03.xlsx,contractor_bills,SATTI_PLAZA
,,,,,1389790.56,,contractor_bills\SATTI_PLAZA_C008_RunBill_03.xlsx,contractor_bills,SATTI_PLAZA
Prepared:,,Checked:,,,,,contractor_bills\SATTI_PLAZA_C008_RunBill_03.xlsx,contractor_bills,SATTI_PLAZA
Bill No:,RB-SAT-C008-04,,,,,,contractor_bills\SATTI_PLAZA_C008_RunBill_04.xlsx,contractor_bills,SATTI_PLAZA
Date:,18.09.2012,,,,,,contractor_bills\SATTI_PLAZA_C008_RunBill_04.xlsx,contractor_bills,SATTI_PLAZA
Project:,SATTI_PLAZA,,,,,,contractor_bills\SATTI_PLAZA_C008_RunBill_04.xlsx,contractor_bills,SATTI_PLAZA
Contractor:,Sultan HVAC Services,,,,,,contractor_bills\SATTI_PLAZA_C008_RunBill_04.xlsx,contractor_bills,SATTI_PLAZA
Scope:,HVAC,,,,,,contractor_bills\SATTI_PLAZA_C008_RunBill_04.xlsx,contractor_bills,SATTI_PLAZA
Contract Value:,14589197.41,,,,,,contractor_bills\SATTI_PLAZA_C008_RunBill_04.xlsx,contractor_bills,SATTI_PLAZA
WORK DONE THIS PERIOD,,,,,,,contractor_bills\SATTI_PLAZA_C008_RunBill_04.xlsx,contractor_bills,SATTI_PLAZA
1,Plastering,sft,3623.7,1478.0,5355828.6,Disputed,contractor_bills\SATTI_PLAZA_C008_RunBill_04.xlsx,contractor_bills,SATTI_PLAZA
2,Window Frame,nos,3552.8,904.0,3211731.2,,contractor_bills\SATTI_PLAZA_C008_RunBill_04.xlsx,contractor_bills,SATTI_PLAZA
3,Electrical Wiring,point,725.9,1131.0,820992.9,,contractor_bills\SATTI_PLAZA_C008_RunBill_04.xlsx,contractor_bills,SATTI_PLAZA
4,Plumbing Fixture,nos,1503.2,1374.0,2065396.8,,contractor_bills\SATTI_PLAZA_C008_RunBill_04.xlsx,contractor_bills,SATTI_PLAZA
5,Door Frame,nos,4631.9,1889.0,8749659.1,Verified,contractor_bills\SATTI_PLAZA_C008_RunBill_04.xlsx,contractor_bills,SATTI_PLAZA
6,Painting,sft,3951.6,1997.0,7891345.2,,contractor_bills\SATTI_PLAZA_C008_RunBill_04.xlsx,contractor_bills,SATTI_PLAZA
7,Flooring,sft,TBD,307.0,1507493.0,,contractor_bills\SATTI_PLAZA_C008_RunBill_04.xlsx,contractor_bills,SATTI_PLAZA
,,,,,2063477.23,,contractor_bills\SATTI_PLAZA_C008_RunBill_04.xlsx,contractor_bills,SATTI_PLAZA
,,,,,3487088.59,,contractor_bills\SATTI_PLAZA_C008_RunBill_04.xlsx,contractor_bills,SATTI_PLAZA
,,,,,206347.72,,contractor_bills\SATTI_PLAZA_C008_RunBill_04.xlsx,contractor_bills,SATTI_PLAZA
,,,,,1857130.0,,contractor_bills\SATTI_PLAZA_C008_RunBill_04.xlsx,contractor_bills,SATTI_PLAZA
Prepared:,,Checked:,,,,,contractor_bills\SATTI_PLAZA_C008_RunBill_04.xlsx,contractor_bills,SATTI_PLAZA
Bill No:,RB-SAT-C008-05,,,,,,contractor_bills\SATTI_PLAZA_C008_RunBill_05.xlsx,contractor_bills,SATTI_PLAZA
Date:,16/08/2012,,,,,,contractor_bills\SATTI_PLAZA_C008_RunBill_05.xlsx,contractor_bills,SATTI_PLAZA
Project:,SATTI_PLAZA,,,,,,contractor_bills\SATTI_PLAZA_C008_RunBill_05.xlsx,contractor_bills,SATTI_PLAZA
Contractor:,Sultan HVAC Services,,,,,,contractor_bills\SATTI_PLAZA_C008_RunBill_05.xlsx,contractor_bills,SATTI_PLAZA
Scope:,HVAC,,,,,,contractor_bills\SATTI_PLAZA_C008_RunBill_05.xlsx,contractor_bills,SATTI_PLAZA
Contract Value:,9341441.8,,,,,,contractor_bills\SATTI_PLAZA_C008_RunBill_05.xlsx,contractor_bills,SATTI_PLAZA
WORK DONE THIS PERIOD,,,,,,,contractor_bills\SATTI_PLAZA_C008_RunBill_05.xlsx,contractor_bills,SATTI_PLAZA
1,Window Frame,nos,4117.3,965.0,3973194.5,,contractor_bills\SATTI_PLAZA_C008_RunBill_05.xlsx,contractor_bills,SATTI_PLAZA
2,Flooring,sft,3775.2,1188.0,4484937.6,As per BOQ,contractor_bills\SATTI_PLAZA_C008_RunBill_05.xlsx,contractor_bills,SATTI_PLAZA
3,Electrical Wiring,point,1978.9,1878.0,3716374.2,,contractor_bills\SATTI_PLAZA_C008_RunBill_05.xlsx,contractor_bills,SATTI_PLAZA
4,Brick Masonry,cft,4793,1355.0,6494515.0,Verified,contractor_bills\SATTI_PLAZA_C008_RunBill_05.xlsx,contractor_bills,SATTI_PLAZA
5,PCC 1:4:8,cft,1224.3,1095.0,1340608.5,,contractor_bills\SATTI_PLAZA_C008_RunBill_05.xlsx,contractor_bills,SATTI_PLAZA
,,,,,1636095.83,,contractor_bills\SATTI_PLAZA_C008_RunBill_05.xlsx,contractor_bills,SATTI_PLAZA
,,,,,6446417.21,,contractor_bills\SATTI_PLAZA_C008_RunBill_05.xlsx,contractor_bills,SATTI_PLAZA
,,,,,163610.0,,contractor_bills\SATTI_PLAZA_C008_RunBill_05.xlsx,contractor_bills,SATTI_PLAZA
,,,,,1472486.25,,contractor_bills\SATTI_PLAZA_C008_RunBill_05.xlsx,contractor_bills,SATTI_PLAZA
Prepared:,,Checked:,,,,,contractor_bills\SATTI_PLAZA_C008_RunBill_05.xlsx,contractor_bills,SATTI_PLAZA
