date,description,doc_no,credit,debit,balance,_source_file,_folder,_project
2016-01-01,Emergency Repair,PC-254,,7509.0,33040.0,petty_cash\SATTI_APTS_PettyCash_Jan2016.xlsx,petty_cash,SATTI_APTS
2016-01-02,Garbage Removal,PC-162,11683.0,,44723.0,petty_cash\SATTI_APTS_PettyCash_Jan2016.xlsx,petty_cash,SATTI_APTS
2016-01-03,Emergency Repair,PC-376,,1618.0,43105.0,petty_cash\SATTI_APTS_PettyCash_Jan2016.xlsx,petty_cash,SATTI_APTS
2016-01-04,Photocopies,PC-222,,1671.0,41434.0,petty_cash\SATTI_APTS_PettyCash_Jan2016.xlsx,petty_cash,SATTI_APTS
2016-01-05,Newspaper,PC-223,,9630.0,31804.0,petty_cash\SATTI_APTS_PettyCash_Jan2016.xlsx,petty_cash,SATTI_APTS
2016-01-06,Photocopies,PC-497,,,28978.0,petty_cash\SATTI_APTS_PettyCash_Jan2016.xlsx,petty_cash,SATTI_APTS
2016-01-07,Photocopies,PC-036,,6511.0,22467.0,petty_cash\SATTI_APTS_PettyCash_Jan2016.xlsx,petty_cash,SATTI_APTS
2016-01-08,Misc Stationery,PC-101,,13484.0,8983.0,petty_cash\SATTI_APTS_PettyCash_Jan2016.xlsx,petty_cash,SATTI_APTS
2016-01-09,Water Supply,PC-706,,13580.0,-4597.0,petty_cash\SATTI_APTS_PettyCash_Jan2016.xlsx,petty_cash,SATTI_APTS
2016-01-10,Emergency Repair,PC-767,8811.0,,4214.0,petty_cash\SATTI_APTS_PettyCash_Jan2016.xlsx,petty_cash,SATTI_APTS
2016-01-11,Misc Stationery,PC-841,,,-10186.0,petty_cash\SATTI_APTS_PettyCash_Jan2016.xlsx,petty_cash,SATTI_APTS
2016-01-12,Misc Stationery,PC-803,,3729.0,-13915.0,petty_cash\SATTI_APTS_PettyCash_Jan2016.xlsx,petty_cash,SATTI_APTS
2016-01-13,Site Cleaning,PC-292,13715.0,,-200.0,petty_cash\SATTI_APTS_PettyCash_Jan2016.xlsx,petty_cash,SATTI_APTS
2016-01-14,Newspaper,PC-060,7085.0,,6885.0,petty_cash\SATTI_APTS_PettyCash_Jan2016.xlsx,petty_cash,SATTI_APTS
2016-01-15,Photocopies,PC-928,2281.0,,9166.0,petty_cash\SATTI_APTS_PettyCash_Jan2016.xlsx,petty_cash,SATTI_APTS
Closing Balance:,,,,,9166.0,petty_cash\SATTI_APTS_PettyCash_Jan2016.xlsx,petty_cash,SATTI_APTS
2017-01-01,Petrol,PC-170,4506.0,,17220.0,petty_cash\SATTI_APTS_PettyCash_Jan2017.xlsx,petty_cash,SATTI_APTS
2017-01-02,Small Tool Purchase,PC-024,,13740.0,3480.0,petty_cash\SATTI_APTS_PettyCash_Jan2017.xlsx,petty_cash,SATTI_APTS
2017-01-03,Site Cleaning,PC-806,,1101.0,2379.0,petty_cash\SATTI_APTS_PettyCash_Jan2017.xlsx,petty_cash,SATTI_APTS
2017-01-04,Emergency Repair,PC-284,,5178.0,-2799.0,petty_cash\SATTI_APTS_PettyCash_Jan2017.xlsx,petty_cash,SATTI_APTS
2017-01-05,Site Cleaning,PC-039,,14189.0,-16988.0,petty_cash\SATTI_APTS_PettyCash_Jan2017.xlsx,petty_cash,SATTI_APTS
2017-01-06,Emergency Repair,PC-793,,13913.0,-30901.0,petty_cash\SATTI_APTS_PettyCash_Jan2017.xlsx,petty_cash,SATTI_APTS
2017-01-07,Emergency Repair,PC-768,,3930.0,-34831.0,petty_cash\SATTI_APTS_PettyCash_Jan2017.xlsx,petty_cash,SATTI_APTS
2017-01-08,Photocopies,PC-175,,5088.0,-39919.0,petty_cash\SATTI_APTS_PettyCash_Jan2017.xlsx,petty_cash,SATTI_APTS
2017-01-09,Emergency Repair,PC-607,,6406.0,-46325.0,petty_cash\SATTI_APTS_PettyCash_Jan2017.xlsx,petty_cash,SATTI_APTS
2017-01-10,Photocopies,PC-873,,5004.0,-51329.0,petty_cash\SATTI_APTS_PettyCash_Jan2017.xlsx,petty_cash,SATTI_APTS
Closing Balance:,,,,,0.0,petty_cash\SATTI_APTS_PettyCash_Jan2017.xlsx,petty_cash,SATTI_APTS
2018-01-01,Security Tip,PC-361,,1456.0,29389.0,petty_cash\SATTI_APTS_PettyCash_Jan2018.xlsx,petty_cash,SATTI_APTS
2018-01-02,Photocopies,PC-721,,14928.0,14461.0,petty_cash\SATTI_APTS_PettyCash_Jan2018.xlsx,petty_cash,SATTI_APTS
2018-01-03,Rickshaw Fare,PC-726,,5051.0,9410.0,petty_cash\SATTI_APTS_PettyCash_Jan2018.xlsx,petty_cash,SATTI_APTS
2018-01-04,Rickshaw Fare,PC-576,,2139.0,7271.0,petty_cash\SATTI_APTS_PettyCash_Jan2018.xlsx,petty_cash,SATTI_APTS
2018-01-05,Security Tip,PC-263,12816.0,,20087.0,petty_cash\SATTI_APTS_PettyCash_Jan2018.xlsx,petty_cash,SATTI_APTS
2018-01-06,Security Tip,PC-405,,14804.0,5283.0,petty_cash\SATTI_APTS_PettyCash_Jan2018.xlsx,petty_cash,SATTI_APTS
2018-01-07,Site Cleaning,PC-641,,12695.0,-7412.0,petty_cash\SATTI_APTS_PettyCash_Jan2018.xlsx,petty_cash,SATTI_APTS
2018-01-08,Garbage Removal,PC-597,,703.0,-8115.0,petty_cash\SATTI_APTS_PettyCash_Jan2018.xlsx,petty_cash,SATTI_APTS
2018-01-09,Phone Balance,PC-528,,6124.0,-14239.0,petty_cash\SATTI_APTS_PettyCash_Jan2018.xlsx,petty_cash,SATTI_APTS
2018-01-10,Emergency Repair,PC-783,,14600.0,-28839.0,petty_cash\SATTI_APTS_PettyCash_Jan2018.xlsx,petty_cash,SATTI_APTS
2018-01-11,Tea & Refreshment,PC-946,,5878.0,-34717.0,petty_cash\SATTI_APTS_PettyCash_Jan2018.xlsx,petty_cash,SATTI_APTS
2018-01-12,Petrol,PC-393,7003.0,,-27714.0,petty_cash\SATTI_APTS_PettyCash_Jan2018.xlsx,petty_cash,SATTI_APTS
2018-01-13,Small Tool Purchase,PC-505,,708.0,-28422.0,petty_cash\SATTI_APTS_PettyCash_Jan2018.xlsx,petty_cash,SATTI_APTS
2018-01-14,Tea & Refreshment,PC-925,10100.0,,-18322.0,petty_cash\SATTI_APTS_PettyCash_Jan2018.xlsx,petty_cash,SATTI_APTS
2018-01-15,Small Tool Purchase,PC-103,,,-26671.0,petty_cash\SATTI_APTS_PettyCash_Jan2018.xlsx,petty_cash,SATTI_APTS
2018-01-16,Security Tip,PC-489,,6518.0,-33189.0,petty_cash\SATTI_APTS_PettyCash_Jan2018.xlsx,petty_cash,SATTI_APTS
Closing Balance:,,,,,0.0,petty_cash\SATTI_APTS_PettyCash_Jan2018.xlsx,petty_cash,SATTI_APTS
2015-07-01,Security Tip,PC-619,2148.0,,46953.0,petty_cash\SATTI_APTS_PettyCash_Jul2015.xlsx,petty_cash,SATTI_APTS
2015-07-02,Photocopies,PC-453,9088.0,,56041.0,petty_cash\SATTI_APTS_PettyCash_Jul2015.xlsx,petty_cash,SATTI_APTS
2015-07-03,Newspaper,PC-943,,4863.0,51178.0,petty_cash\SATTI_APTS_PettyCash_Jul2015.xlsx,petty_cash,SATTI_APTS
2015-07-04,Petrol,PC-963,,,,petty_cash\SATTI_APTS_PettyCash_Jul2015.xlsx,petty_cash,SATTI_APTS
2015-07-05,Security Tip,PC-670,,10652.0,51669.0,petty_cash\SATTI_APTS_PettyCash_Jul2015.xlsx,petty_cash,SATTI_APTS
2015-07-06,Security Tip,PC-258,10814.0,,62483.0,petty_cash\SATTI_APTS_PettyCash_Jul2015.xlsx,petty_cash,SATTI_APTS
2015-07-07,Misc Stationery,PC-844,,4494.0,57989.0,petty_cash\SATTI_APTS_PettyCash_Jul2015.xlsx,petty_cash,SATTI_APTS
2015-07-08,Rickshaw Fare,PC-151,,8906.0,49083.0,petty_cash\SATTI_APTS_PettyCash_Jul2015.xlsx,petty_cash,SATTI_APTS
2015-07-09,Phone Balance,PC-645,,,39536.0,petty_cash\SATTI_APTS_PettyCash_Jul2015.xlsx,petty_cash,SATTI_APTS
2015-07-10,Misc Stationery,PC-327,,10823.0,28713.0,petty_cash\SATTI_APTS_PettyCash_Jul2015.xlsx,petty_cash,SATTI_APTS
2015-07-11,Garbage Removal,PC-457,,13556.0,15157.0,petty_cash\SATTI_APTS_PettyCash_Jul2015.xlsx,petty_cash,SATTI_APTS
2015-07-12,Misc Stationery,PC-554,13757.0,,28914.0,petty_cash\SATTI_APTS_PettyCash_Jul2015.xlsx,petty_cash,SATTI_APTS
2015-07-13,Tea & Refreshment,PC-682,842.0,,29756.0,petty_cash\SATTI_APTS_PettyCash_Jul2015.xlsx,petty_cash,SATTI_APTS
2015-07-14,Petrol,PC-661,,11017.0,18739.0,petty_cash\SATTI_APTS_PettyCash_Jul2015.xlsx,petty_cash,SATTI_APTS
2015-07-15,Petrol,PC-124,,,13068.0,petty_cash\SATTI_APTS_PettyCash_Jul2015.xlsx,petty_cash,SATTI_APTS
2015-07-16,Misc Stationery,PC-297,,9882.0,3186.0,petty_cash\SATTI_APTS_PettyCash_Jul2015.xlsx,petty_cash,SATTI_APTS
2015-07-17,Security Tip,PC-388,,10734.0,-7548.0,petty_cash\SATTI_APTS_PettyCash_Jul2015.xlsx,petty_cash,SATTI_APTS
2015-07-18,Small Tool Purchase,PC-292,,12864.0,-20412.0,petty_cash\SATTI_APTS_PettyCash_Jul2015.xlsx,petty_cash,SATTI_APTS
2015-07-19,Site Cleaning,PC-124,,11076.0,-31488.0,petty_cash\SATTI_APTS_PettyCash_Jul2015.xlsx,petty_cash,SATTI_APTS
2015-07-20,Security Tip,PC-528,,11393.0,-42881.0,petty_cash\SATTI_APTS_PettyCash_Jul2015.xlsx,petty_cash,SATTI_APTS
2015-07-21,Newspaper,PC-396,,6059.0,-48940.0,petty_cash\SATTI_APTS_PettyCash_Jul2015.xlsx,petty_cash,SATTI_APTS
2015-07-22,Emergency Repair,PC-422,,6244.0,-55184.0,petty_cash\SATTI_APTS_PettyCash_Jul2015.xlsx,petty_cash,SATTI_APTS
2015-07-23,Misc Stationery,PC-723,,13792.0,-68976.0,petty_cash\SATTI_APTS_PettyCash_Jul2015.xlsx,petty_cash,SATTI_APTS
2015-07-24,Water Supply,PC-279,12677.0,,-56299.0,petty_cash\SATTI_APTS_PettyCash_Jul2015.xlsx,petty_cash,SATTI_APTS
2015-07-25,Garbage Removal,PC-131,2564.0,,-53735.0,petty_cash\SATTI_APTS_PettyCash_Jul2015.xlsx,petty_cash,SATTI_APTS
2015-07-26,Newspaper,PC-378,,13784.0,-67519.0,petty_cash\SATTI_APTS_PettyCash_Jul2015.xlsx,petty_cash,SATTI_APTS
2015-07-27,Petrol,PC-047,7373.0,,-60146.0,petty_cash\SATTI_APTS_PettyCash_Jul2015.xlsx,petty_cash,SATTI_APTS
Closing Balance:,,,,,0.0,petty_cash\SATTI_APTS_PettyCash_Jul2015.xlsx,petty_cash,SATTI_APTS
2016-07-01,Photocopies,PC-470,,7630.0,18714.0,petty_cash\SATTI_APTS_PettyCash_Jul2016.xlsx,petty_cash,SATTI_APTS
2016-07-02,Site Cleaning,PC-718,9504.0,,28218.0,petty_cash\SATTI_APTS_PettyCash_Jul2016.xlsx,petty_cash,SATTI_APTS
2016-07-03,Tea & Refreshment,PC-916,13537.0,,41755.0,petty_cash\SATTI_APTS_PettyCash_Jul2016.xlsx,petty_cash,SATTI_APTS
2016-07-04,Water Supply,PC-621,,6471.0,35284.0,petty_cash\SATTI_APTS_PettyCash_Jul2016.xlsx,petty_cash,SATTI_APTS
2016-07-05,Photocopies,PC-694,,4433.0,30851.0,petty_cash\SATTI_APTS_PettyCash_Jul2016.xlsx,petty_cash,SATTI_APTS
2016-07-06,Emergency Repair,PC-694,,11430.0,19421.0,petty_cash\SATTI_APTS_PettyCash_Jul2016.xlsx,petty_cash,SATTI_APTS
2016-07-07,Petrol,PC-678,11049.0,,30470.0,petty_cash\SATTI_APTS_PettyCash_Jul2016.xlsx,petty_cash,SATTI_APTS
2016-07-08,Security Tip,PC-232,3884.0,,34354.0,petty_cash\SATTI_APTS_PettyCash_Jul2016.xlsx,petty_cash,SATTI_APTS
2016-07-09,Photocopies,PC-058,5978.0,,40332.0,petty_cash\SATTI_APTS_PettyCash_Jul2016.xlsx,petty_cash,SATTI_APTS
2016-07-10,Courier Charges,PC-269,,11737.0,28595.0,petty_cash\SATTI_APTS_PettyCash_Jul2016.xlsx,petty_cash,SATTI_APTS
2016-07-11,Garbage Removal,PC-706,,,25491.0,petty_cash\SATTI_APTS_PettyCash_Jul2016.xlsx,petty_cash,SATTI_APTS
2016-07-12,Security Tip,PC-541,,2736.0,22755.0,petty_cash\SATTI_APTS_PettyCash_Jul2016.xlsx,petty_cash,SATTI_APTS
2016-07-13,Rickshaw Fare,PC-283,6999.0,,29754.0,petty_cash\SATTI_APTS_PettyCash_Jul2016.xlsx,petty_cash,SATTI_APTS
2016-07-14,Newspaper,PC-966,13635.0,,43389.0,petty_cash\SATTI_APTS_PettyCash_Jul2016.xlsx,petty_cash,SATTI_APTS
2016-07-15,Courier Charges,PC-479,,1444.0,41945.0,petty_cash\SATTI_APTS_PettyCash_Jul2016.xlsx,petty_cash,SATTI_APTS
2016-07-16,Phone Balance,PC-657,,,33344.0,petty_cash\SATTI_APTS_PettyCash_Jul2016.xlsx,petty_cash,SATTI_APTS
Closing Balance:,,,,,33344.0,petty_cash\SATTI_APTS_PettyCash_Jul2016.xlsx,petty_cash,SATTI_APTS
2017-07-01,Petrol,PC-673,,12576.0,26135.0,petty_cash\SATTI_APTS_PettyCash_Jul2017.xlsx,petty_cash,SATTI_APTS
2017-07-02,Security Tip,PC-599,,2337.0,23798.0,petty_cash\SATTI_APTS_PettyCash_Jul2017.xlsx,petty_cash,SATTI_APTS
2017-07-03,Photocopies,PC-898,,4687.0,19111.0,petty_cash\SATTI_APTS_PettyCash_Jul2017.xlsx,petty_cash,SATTI_APTS
2017-07-04,Phone Balance,PC-912,,5087.0,14024.0,petty_cash\SATTI_APTS_PettyCash_Jul2017.xlsx,petty_cash,SATTI_APTS
2017-07-05,Newspaper,PC-355,,7423.0,6601.0,petty_cash\SATTI_APTS_PettyCash_Jul2017.xlsx,petty_cash,SATTI_APTS
2017-07-06,Tea & Refreshment,PC-767,,6881.0,-280.0,petty_cash\SATTI_APTS_PettyCash_Jul2017.xlsx,petty_cash,SATTI_APTS
2017-07-07,Site Cleaning,PC-926,,11430.0,-11710.0,petty_cash\SATTI_APTS_PettyCash_Jul2017.xlsx,petty_cash,SATTI_APTS
2017-07-08,Water Supply,PC-318,,1048.0,-12758.0,petty_cash\SATTI_APTS_PettyCash_Jul2017.xlsx,petty_cash,SATTI_APTS
2017-07-09,Phone Balance,PC-248,,12464.0,-25222.0,petty_cash\SATTI_APTS_PettyCash_Jul2017.xlsx,petty_cash,SATTI_APTS
2017-07-10,Courier Charges,PC-227,,1767.0,-26989.0,petty_cash\SATTI_APTS_PettyCash_Jul2017.xlsx,petty_cash,SATTI_APTS
2017-07-11,Newspaper,PC-764,,2087.0,-29076.0,petty_cash\SATTI_APTS_PettyCash_Jul2017.xlsx,petty_cash,SATTI_APTS
2017-07-12,Phone Balance,PC-354,,12677.0,-41753.0,petty_cash\SATTI_APTS_PettyCash_Jul2017.xlsx,petty_cash,SATTI_APTS
2017-07-13,Misc Stationery,PC-891,,10066.0,-51819.0,petty_cash\SATTI_APTS_PettyCash_Jul2017.xlsx,petty_cash,SATTI_APTS
2017-07-14,Site Cleaning,PC-943,,13507.0,-65326.0,petty_cash\SATTI_APTS_PettyCash_Jul2017.xlsx,petty_cash,SATTI_APTS
2017-07-15,Small Tool Purchase,PC-958,,13291.0,-78617.0,petty_cash\SATTI_APTS_PettyCash_Jul2017.xlsx,petty_cash,SATTI_APTS
2017-07-16,Site Cleaning,PC-856,,10450.0,-89067.0,petty_cash\SATTI_APTS_PettyCash_Jul2017.xlsx,petty_cash,SATTI_APTS
2017-07-17,Postage,PC-913,,8483.0,-97550.0,petty_cash\SATTI_APTS_PettyCash_Jul2017.xlsx,petty_cash,SATTI_APTS
2017-07-18,Petrol,PC-257,,11245.0,-108795.0,petty_cash\SATTI_APTS_PettyCash_Jul2017.xlsx,petty_cash,SATTI_APTS
2017-07-19,Water Supply,PC-424,,4841.0,-113636.0,petty_cash\SATTI_APTS_PettyCash_Jul2017.xlsx,petty_cash,SATTI_APTS
2017-07-20,Misc Stationery,PC-192,,5146.0,-118782.0,petty_cash\SATTI_APTS_PettyCash_Jul2017.xlsx,petty_cash,SATTI_APTS
2017-07-21,Petrol,PC-622,2399.0,,-116383.0,petty_cash\SATTI_APTS_PettyCash_Jul2017.xlsx,petty_cash,SATTI_APTS
2017-07-22,Petrol,PC-926,,9690.0,-126073.0,petty_cash\SATTI_APTS_PettyCash_Jul2017.xlsx,petty_cash,SATTI_APTS
2017-07-23,Water Supply,PC-899,,12625.0,-138698.0,petty_cash\SATTI_APTS_PettyCash_Jul2017.xlsx,petty_cash,SATTI_APTS
2017-07-24,Security Tip,PC-520,,8652.0,-147350.0,petty_cash\SATTI_APTS_PettyCash_Jul2017.xlsx,petty_cash,SATTI_APTS
2017-07-25,Garbage Removal,PC-230,8660.0,,-138690.0,petty_cash\SATTI_APTS_PettyCash_Jul2017.xlsx,petty_cash,SATTI_APTS
2017-07-26,Petrol,PC-585,10688.0,,,petty_cash\SATTI_APTS_PettyCash_Jul2017.xlsx,petty_cash,SATTI_APTS
2017-07-27,Courier Charges,PC-433,,8538.0,-136540.0,petty_cash\SATTI_APTS_PettyCash_Jul2017.xlsx,petty_cash,SATTI_APTS
Closing Balance:,,,,,0.0,petty_cash\SATTI_APTS_PettyCash_Jul2017.xlsx,petty_cash,SATTI_APTS
2018-07-01,Security Tip,PC-597,,14889.0,14618.0,petty_cash\SATTI_APTS_PettyCash_Jul2018.xlsx,petty_cash,SATTI_APTS
2018-07-02,Site Cleaning,PC-522,11439.0,,26057.0,petty_cash\SATTI_APTS_PettyCash_Jul2018.xlsx,petty_cash,SATTI_APTS
2018-07-03,Site Cleaning,PC-386,,11234.0,14823.0,petty_cash\SATTI_APTS_PettyCash_Jul2018.xlsx,petty_cash,SATTI_APTS
2018-07-04,Misc Stationery,PC-308,,8756.0,6067.0,petty_cash\SATTI_APTS_PettyCash_Jul2018.xlsx,petty_cash,SATTI_APTS
2018-07-05,Tea & Refreshment,PC-348,,4951.0,1116.0,petty_cash\SATTI_APTS_PettyCash_Jul2018.xlsx,petty_cash,SATTI_APTS
2018-07-06,Small Tool Purchase,PC-962,,7164.0,,petty_cash\SATTI_APTS_PettyCash_Jul2018.xlsx,petty_cash,SATTI_APTS
2018-07-07,Misc Stationery,PC-824,,12394.0,-18442.0,petty_cash\SATTI_APTS_PettyCash_Jul2018.xlsx,petty_cash,SATTI_APTS
2018-07-08,Phone Balance,PC-091,,13638.0,-32080.0,petty_cash\SATTI_APTS_PettyCash_Jul2018.xlsx,petty_cash,SATTI_APTS
2018-07-09,Water Supply,PC-952,,11639.0,-43719.0,petty_cash\SATTI_APTS_PettyCash_Jul2018.xlsx,petty_cash,SATTI_APTS
2018-07-10,Water Supply,PC-257,,7048.0,-50767.0,petty_cash\SATTI_APTS_PettyCash_Jul2018.xlsx,petty_cash,SATTI_APTS
2018-07-11,Newspaper,PC-481,,14965.0,-65732.0,petty_cash\SATTI_APTS_PettyCash_Jul2018.xlsx,petty_cash,SATTI_APTS
2018-07-12,Small Tool Purchase,PC-776,,4331.0,-70063.0,petty_cash\SATTI_APTS_PettyCash_Jul2018.xlsx,petty_cash,SATTI_APTS
2018-07-13,Security Tip,PC-194,,1621.0,,petty_cash\SATTI_APTS_PettyCash_Jul2018.xlsx,petty_cash,SATTI_APTS
2018-07-14,Courier Charges,PC-791,,14281.0,,petty_cash\SATTI_APTS_PettyCash_Jul2018.xlsx,petty_cash,SATTI_APTS
2018-07-15,Small Tool Purchase,PC-772,,3499.0,-89464.0,petty_cash\SATTI_APTS_PettyCash_Jul2018.xlsx,petty_cash,SATTI_APTS
2018-07-16,Site Cleaning,PC-247,,5998.0,-95462.0,petty_cash\SATTI_APTS_PettyCash_Jul2018.xlsx,petty_cash,SATTI_APTS
2018-07-17,Rickshaw Fare,PC-350,7627.0,,-87835.0,petty_cash\SATTI_APTS_PettyCash_Jul2018.xlsx,petty_cash,SATTI_APTS
2018-07-18,Garbage Removal,PC-543,,4911.0,-92746.0,petty_cash\SATTI_APTS_PettyCash_Jul2018.xlsx,petty_cash,SATTI_APTS
2018-07-19,Petrol,PC-231,3637.0,,-89109.0,petty_cash\SATTI_APTS_PettyCash_Jul2018.xlsx,petty_cash,SATTI_APTS
2018-07-20,Misc Stationery,PC-335,,6580.0,-95689.0,petty_cash\SATTI_APTS_PettyCash_Jul2018.xlsx,petty_cash,SATTI_APTS
2018-07-21,Security Tip,PC-774,,6812.0,-102501.0,petty_cash\SATTI_APTS_PettyCash_Jul2018.xlsx,petty_cash,SATTI_APTS
2018-07-22,Small Tool Purchase,PC-599,12459.0,,-90042.0,petty_cash\SATTI_APTS_PettyCash_Jul2018.xlsx,petty_cash,SATTI_APTS
2018-07-23,Emergency Repair,PC-376,11736.0,,,petty_cash\SATTI_APTS_PettyCash_Jul2018.xlsx,petty_cash,SATTI_APTS
2018-07-24,Site Cleaning,PC-396,,13627.0,-91933.0,petty_cash\SATTI_APTS_PettyCash_Jul2018.xlsx,petty_cash,SATTI_APTS
2018-07-25,Newspaper,PC-537,,948.0,-92881.0,petty_cash\SATTI_APTS_PettyCash_Jul2018.xlsx,petty_cash,SATTI_APTS
Closing Balance:,,,,,0.0,petty_cash\SATTI_APTS_PettyCash_Jul2018.xlsx,petty_cash,SATTI_APTS
2015-03-01,Tea & Refreshment,PC-513,5421.0,,21748.0,petty_cash\SATTI_APTS_PettyCash_Mar2015.xlsx,petty_cash,SATTI_APTS
2015-03-02,Rickshaw Fare,PC-338,,8875.0,12873.0,petty_cash\SATTI_APTS_PettyCash_Mar2015.xlsx,petty_cash,SATTI_APTS
2015-03-03,Postage,PC-551,,4455.0,8418.0,petty_cash\SATTI_APTS_PettyCash_Mar2015.xlsx,petty_cash,SATTI_APTS
2015-03-04,Photocopies,PC-480,,7417.0,1001.0,petty_cash\SATTI_APTS_PettyCash_Mar2015.xlsx,petty_cash,SATTI_APTS
2015-03-05,Newspaper,PC-717,6581.0,,7582.0,petty_cash\SATTI_APTS_PettyCash_Mar2015.xlsx,petty_cash,SATTI_APTS
2015-03-06,Security Tip,PC-550,,2718.0,4864.0,petty_cash\SATTI_APTS_PettyCash_Mar2015.xlsx,petty_cash,SATTI_APTS
2015-03-07,Rickshaw Fare,PC-036,,11820.0,-6956.0,petty_cash\SATTI_APTS_PettyCash_Mar2015.xlsx,petty_cash,SATTI_APTS
2015-03-08,Petrol,PC-208,,12940.0,,petty_cash\SATTI_APTS_PettyCash_Mar2015.xlsx,petty_cash,SATTI_APTS
2015-03-09,Tea & Refreshment,PC-199,,4003.0,,petty_cash\SATTI_APTS_PettyCash_Mar2015.xlsx,petty_cash,SATTI_APTS
2015-03-10,Misc Stationery,PC-841,,13487.0,-37386.0,petty_cash\SATTI_APTS_PettyCash_Mar2015.xlsx,petty_cash,SATTI_APTS
2015-03-11,Rickshaw Fare,PC-685,13059.0,,-24327.0,petty_cash\SATTI_APTS_PettyCash_Mar2015.xlsx,petty_cash,SATTI_APTS
2015-03-12,Phone Balance,PC-328,,5278.0,-29605.0,petty_cash\SATTI_APTS_PettyCash_Mar2015.xlsx,petty_cash,SATTI_APTS
2015-03-13,Site Cleaning,PC-077,,,-23593.0,petty_cash\SATTI_APTS_PettyCash_Mar2015.xlsx,petty_cash,SATTI_APTS
2015-03-14,Water Supply,PC-977,,5327.0,-28920.0,petty_cash\SATTI_APTS_PettyCash_Mar2015.xlsx,petty_cash,SATTI_APTS
2015-03-15,Small Tool Purchase,PC-205,,8664.0,-37584.0,petty_cash\SATTI_APTS_PettyCash_Mar2015.xlsx,petty_cash,SATTI_APTS
2015-03-16,Site Cleaning,PC-993,3775.0,,-33809.0,petty_cash\SATTI_APTS_PettyCash_Mar2015.xlsx,petty_cash,SATTI_APTS
2015-03-17,Newspaper,PC-209,,13176.0,-46985.0,petty_cash\SATTI_APTS_PettyCash_Mar2015.xlsx,petty_cash,SATTI_APTS
2015-03-18,Water Supply,PC-551,,10717.0,-57702.0,petty_cash\SATTI_APTS_PettyCash_Mar2015.xlsx,petty_cash,SATTI_APTS
2015-03-19,Site Cleaning,PC-968,,13867.0,-71569.0,petty_cash\SATTI_APTS_PettyCash_Mar2015.xlsx,petty_cash,SATTI_APTS
2015-03-20,Postage,PC-114,9298.0,,-62271.0,petty_cash\SATTI_APTS_PettyCash_Mar2015.xlsx,petty_cash,SATTI_APTS
2015-03-21,Garbage Removal,PC-618,12939.0,,-49332.0,petty_cash\SATTI_APTS_PettyCash_Mar2015.xlsx,petty_cash,SATTI_APTS
Closing Balance:,,,,,0.0,petty_cash\SATTI_APTS_PettyCash_Mar2015.xlsx,petty_cash,SATTI_APTS
2016-03-01,Newspaper,PC-731,,3191.0,,petty_cash\SATTI_APTS_PettyCash_Mar2016.xlsx,petty_cash,SATTI_APTS
2016-03-02,Newspaper,PC-698,,1876.0,23318.0,petty_cash\SATTI_APTS_PettyCash_Mar2016.xlsx,petty_cash,SATTI_APTS
2016-03-03,Rickshaw Fare,PC-715,,3377.0,19941.0,petty_cash\SATTI_APTS_PettyCash_Mar2016.xlsx,petty_cash,SATTI_APTS
2016-03-04,Water Supply,PC-462,,,14557.0,petty_cash\SATTI_APTS_PettyCash_Mar2016.xlsx,petty_cash,SATTI_APTS
2016-03-05,Courier Charges,PC-226,,13284.0,1273.0,petty_cash\SATTI_APTS_PettyCash_Mar2016.xlsx,petty_cash,SATTI_APTS
2016-03-06,Small Tool Purchase,PC-978,,4494.0,-3221.0,petty_cash\SATTI_APTS_PettyCash_Mar2016.xlsx,petty_cash,SATTI_APTS
2016-03-07,Water Supply,PC-776,,593.0,-3814.0,petty_cash\SATTI_APTS_PettyCash_Mar2016.xlsx,petty_cash,SATTI_APTS
2016-03-08,Garbage Removal,PC-480,6608.0,,2794.0,petty_cash\SATTI_APTS_PettyCash_Mar2016.xlsx,petty_cash,SATTI_APTS
2016-03-09,Tea & Refreshment,PC-184,,14306.0,,petty_cash\SATTI_APTS_PettyCash_Mar2016.xlsx,petty_cash,SATTI_APTS
2016-03-10,Photocopies,PC-443,,3998.0,-15510.0,petty_cash\SATTI_APTS_PettyCash_Mar2016.xlsx,petty_cash,SATTI_APTS
2016-03-11,Rickshaw Fare,PC-086,9299.0,,-6211.0,petty_cash\SATTI_APTS_PettyCash_Mar2016.xlsx,petty_cash,SATTI_APTS
2016-03-12,Tea & Refreshment,PC-290,,9683.0,-15894.0,petty_cash\SATTI_APTS_PettyCash_Mar2016.xlsx,petty_cash,SATTI_APTS
2016-03-13,Emergency Repair,PC-077,7924.0,,-7970.0,petty_cash\SATTI_APTS_PettyCash_Mar2016.xlsx,petty_cash,SATTI_APTS
2016-03-14,Small Tool Purchase,PC-266,,4932.0,-12902.0,petty_cash\SATTI_APTS_PettyCash_Mar2016.xlsx,petty_cash,SATTI_APTS
2016-03-15,Tea & Refreshment,PC-239,,7443.0,-20345.0,petty_cash\SATTI_APTS_PettyCash_Mar2016.xlsx,petty_cash,SATTI_APTS
2016-03-16,Water Supply,PC-008,,7484.0,-27829.0,petty_cash\SATTI_APTS_PettyCash_Mar2016.xlsx,petty_cash,SATTI_APTS
2016-03-17,Rickshaw Fare,PC-676,6853.0,,-20976.0,petty_cash\SATTI_APTS_PettyCash_Mar2016.xlsx,petty_cash,SATTI_APTS
2016-03-18,Water Supply,PC-918,,4965.0,-25941.0,petty_cash\SATTI_APTS_PettyCash_Mar2016.xlsx,petty_cash,SATTI_APTS
2016-03-19,Postage,PC-454,,6928.0,-32869.0,petty_cash\SATTI_APTS_PettyCash_Mar2016.xlsx,petty_cash,SATTI_APTS
2016-03-20,Security Tip,PC-707,582.0,,-32287.0,petty_cash\SATTI_APTS_PettyCash_Mar2016.xlsx,petty_cash,SATTI_APTS
2016-03-21,Photocopies,PC-065,,,-33819.0,petty_cash\SATTI_APTS_PettyCash_Mar2016.xlsx,petty_cash,SATTI_APTS
2016-03-22,Small Tool Purchase,PC-032,,12778.0,-46597.0,petty_cash\SATTI_APTS_PettyCash_Mar2016.xlsx,petty_cash,SATTI_APTS
2016-03-23,Tea & Refreshment,PC-411,,2846.0,-49443.0,petty_cash\SATTI_APTS_PettyCash_Mar2016.xlsx,petty_cash,SATTI_APTS
2016-03-24,Security Tip,PC-974,,12512.0,-61955.0,petty_cash\SATTI_APTS_PettyCash_Mar2016.xlsx,petty_cash,SATTI_APTS
2016-03-25,Rickshaw Fare,PC-554,,10091.0,-72046.0,petty_cash\SATTI_APTS_PettyCash_Mar2016.xlsx,petty_cash,SATTI_APTS
2016-03-26,Small Tool Purchase,PC-416,,13703.0,-85749.0,petty_cash\SATTI_APTS_PettyCash_Mar2016.xlsx,petty_cash,SATTI_APTS
Closing Balance:,,,,,0.0,petty_cash\SATTI_APTS_PettyCash_Mar2016.xlsx,petty_cash,SATTI_APTS
2017-03-01,Emergency Repair,PC-640,,2599.0,33255.0,petty_cash\SATTI_APTS_PettyCash_Mar2017.xlsx,petty_cash,SATTI_APTS
2017-03-02,Postage,PC-055,,14046.0,19209.0,petty_cash\SATTI_APTS_PettyCash_Mar2017.xlsx,petty_cash,SATTI_APTS
2017-03-03,Phone Balance,PC-001,,4184.0,15025.0,petty_cash\SATTI_APTS_PettyCash_Mar2017.xlsx,petty_cash,SATTI_APTS
2017-03-04,Photocopies,PC-290,,10775.0,4250.0,petty_cash\SATTI_APTS_PettyCash_Mar2017.xlsx,petty_cash,SATTI_APTS
2017-03-05,Security Tip,PC-712,,4938.0,-688.0,petty_cash\SATTI_APTS_PettyCash_Mar2017.xlsx,petty_cash,SATTI_APTS
2017-03-06,Security Tip,PC-494,,14136.0,-14824.0,petty_cash\SATTI_APTS_PettyCash_Mar2017.xlsx,petty_cash,SATTI_APTS
2017-03-07,Rickshaw Fare,PC-134,,6375.0,,petty_cash\SATTI_APTS_PettyCash_Mar2017.xlsx,petty_cash,SATTI_APTS
2017-03-08,Photocopies,PC-023,,7765.0,-28964.0,petty_cash\SATTI_APTS_PettyCash_Mar2017.xlsx,petty_cash,SATTI_APTS
2017-03-09,Small Tool Purchase,PC-614,,1328.0,,petty_cash\SATTI_APTS_PettyCash_Mar2017.xlsx,petty_cash,SATTI_APTS
2017-03-10,Petrol,PC-924,2857.0,,-27435.0,petty_cash\SATTI_APTS_PettyCash_Mar2017.xlsx,petty_cash,SATTI_APTS
2017-03-11,Small Tool Purchase,PC-043,3434.0,,-24001.0,petty_cash\SATTI_APTS_PettyCash_Mar2017.xlsx,petty_cash,SATTI_APTS
2017-03-12,Garbage Removal,PC-825,1458.0,,-22543.0,petty_cash\SATTI_APTS_PettyCash_Mar2017.xlsx,petty_cash,SATTI_APTS
2017-03-13,Newspaper,PC-237,,11122.0,-33665.0,petty_cash\SATTI_APTS_PettyCash_Mar2017.xlsx,petty_cash,SATTI_APTS
2017-03-14,Rickshaw Fare,PC-256,,8031.0,-41696.0,petty_cash\SATTI_APTS_PettyCash_Mar2017.xlsx,petty_cash,SATTI_APTS
2017-03-15,Tea & Refreshment,PC-646,2875.0,,-38821.0,petty_cash\SATTI_APTS_PettyCash_Mar2017.xlsx,petty_cash,SATTI_APTS
2017-03-16,Tea & Refreshment,PC-749,,8389.0,-47210.0,petty_cash\SATTI_APTS_PettyCash_Mar2017.xlsx,petty_cash,SATTI_APTS
2017-03-17,Phone Balance,PC-743,,13961.0,-61171.0,petty_cash\SATTI_APTS_PettyCash_Mar2017.xlsx,petty_cash,SATTI_APTS
2017-03-18,Misc Stationery,PC-874,,7064.0,-68235.0,petty_cash\SATTI_APTS_PettyCash_Mar2017.xlsx,petty_cash,SATTI_APTS
2017-03-19,Rickshaw Fare,PC-339,,5485.0,-73720.0,petty_cash\SATTI_APTS_PettyCash_Mar2017.xlsx,petty_cash,SATTI_APTS
2017-03-20,Postage,PC-339,,7663.0,-81383.0,petty_cash\SATTI_APTS_PettyCash_Mar2017.xlsx,petty_cash,SATTI_APTS
2017-03-21,Courier Charges,PC-111,,11138.0,-92521.0,petty_cash\SATTI_APTS_PettyCash_Mar2017.xlsx,petty_cash,SATTI_APTS
2017-03-22,Misc Stationery,PC-843,,5698.0,-98219.0,petty_cash\SATTI_APTS_PettyCash_Mar2017.xlsx,petty_cash,SATTI_APTS
Closing Balance:,,,,,0.0,petty_cash\SATTI_APTS_PettyCash_Mar2017.xlsx,petty_cash,SATTI_APTS
2018-03-01,Petrol,PC-371,,14807.0,3479.0,petty_cash\SATTI_APTS_PettyCash_Mar2018.xlsx,petty_cash,SATTI_APTS
2018-03-02,Tea & Refreshment,PC-356,9508.0,,12987.0,petty_cash\SATTI_APTS_PettyCash_Mar2018.xlsx,petty_cash,SATTI_APTS
2018-03-03,Security Tip,PC-199,,12617.0,370.0,petty_cash\SATTI_APTS_PettyCash_Mar2018.xlsx,petty_cash,SATTI_APTS
2018-03-04,Phone Balance,PC-207,,5988.0,-5618.0,petty_cash\SATTI_APTS_PettyCash_Mar2018.xlsx,petty_cash,SATTI_APTS
2018-03-05,Water Supply,PC-350,,283.0,-5901.0,petty_cash\SATTI_APTS_PettyCash_Mar2018.xlsx,petty_cash,SATTI_APTS
2018-03-06,Misc Stationery,PC-736,,7528.0,-13429.0,petty_cash\SATTI_APTS_PettyCash_Mar2018.xlsx,petty_cash,SATTI_APTS
2018-03-07,Courier Charges,PC-060,,,-19975.0,petty_cash\SATTI_APTS_PettyCash_Mar2018.xlsx,petty_cash,SATTI_APTS
2018-03-08,Emergency Repair,PC-181,14521.0,,-5454.0,petty_cash\SATTI_APTS_PettyCash_Mar2018.xlsx,petty_cash,SATTI_APTS
2018-03-09,Emergency Repair,PC-521,,14770.0,-20224.0,petty_cash\SATTI_APTS_PettyCash_Mar2018.xlsx,petty_cash,SATTI_APTS
2018-03-10,Security Tip,PC-093,,4727.0,-24951.0,petty_cash\SATTI_APTS_PettyCash_Mar2018.xlsx,petty_cash,SATTI_APTS
2018-03-11,Emergency Repair,PC-751,,11854.0,-36805.0,petty_cash\SATTI_APTS_PettyCash_Mar2018.xlsx,petty_cash,SATTI_APTS
2018-03-12,Garbage Removal,PC-948,,1023.0,-37828.0,petty_cash\SATTI_APTS_PettyCash_Mar2018.xlsx,petty_cash,SATTI_APTS
2018-03-13,Phone Balance,PC-940,,4013.0,-41841.0,petty_cash\SATTI_APTS_PettyCash_Mar2018.xlsx,petty_cash,SATTI_APTS
2018-03-14,Security Tip,PC-412,,4389.0,-46230.0,petty_cash\SATTI_APTS_PettyCash_Mar2018.xlsx,petty_cash,SATTI_APTS
2018-03-15,Postage,PC-283,,680.0,-46910.0,petty_cash\SATTI_APTS_PettyCash_Mar2018.xlsx,petty_cash,SATTI_APTS
2018-03-16,Phone Balance,PC-070,,8714.0,-55624.0,petty_cash\SATTI_APTS_PettyCash_Mar2018.xlsx,petty_cash,SATTI_APTS
2018-03-17,Photocopies,PC-955,,5382.0,-61006.0,petty_cash\SATTI_APTS_PettyCash_Mar2018.xlsx,petty_cash,SATTI_APTS
Closing Balance:,,,,,0.0,petty_cash\SATTI_APTS_PettyCash_Mar2018.xlsx,petty_cash,SATTI_APTS
2015-05-01,Security Tip,PC-371,,6588.0,38252.0,petty_cash\SATTI_APTS_PettyCash_May2015.xlsx,petty_cash,SATTI_APTS
2015-05-02,Postage,PC-745,,6625.0,31627.0,petty_cash\SATTI_APTS_PettyCash_May2015.xlsx,petty_cash,SATTI_APTS
2015-05-03,Photocopies,PC-671,13190.0,,44817.0,petty_cash\SATTI_APTS_PettyCash_May2015.xlsx,petty_cash,SATTI_APTS
2015-05-04,Emergency Repair,PC-636,,1060.0,43757.0,petty_cash\SATTI_APTS_PettyCash_May2015.xlsx,petty_cash,SATTI_APTS
2015-05-05,Misc Stationery,PC-553,,12583.0,31174.0,petty_cash\SATTI_APTS_PettyCash_May2015.xlsx,petty_cash,SATTI_APTS
2015-05-06,Emergency Repair,PC-375,11683.0,,42857.0,petty_cash\SATTI_APTS_PettyCash_May2015.xlsx,petty_cash,SATTI_APTS
2015-05-07,Emergency Repair,PC-392,,5407.0,37450.0,petty_cash\SATTI_APTS_PettyCash_May2015.xlsx,petty_cash,SATTI_APTS
2015-05-08,Photocopies,PC-155,,6373.0,31077.0,petty_cash\SATTI_APTS_PettyCash_May2015.xlsx,petty_cash,SATTI_APTS
2015-05-09,Misc Stationery,PC-617,,9556.0,21521.0,petty_cash\SATTI_APTS_PettyCash_May2015.xlsx,petty_cash,SATTI_APTS
2015-05-10,Water Supply,PC-135,,4462.0,17059.0,petty_cash\SATTI_APTS_PettyCash_May2015.xlsx,petty_cash,SATTI_APTS
2015-05-11,Tea & Refreshment,PC-241,,14325.0,2734.0,petty_cash\SATTI_APTS_PettyCash_May2015.xlsx,petty_cash,SATTI_APTS
2015-05-12,Small Tool Purchase,PC-859,,9010.0,-6276.0,petty_cash\SATTI_APTS_PettyCash_May2015.xlsx,petty_cash,SATTI_APTS
2015-05-13,Rickshaw Fare,PC-542,,,-3987.0,petty_cash\SATTI_APTS_PettyCash_May2015.xlsx,petty_cash,SATTI_APTS
2015-05-14,Tea & Refreshment,PC-779,4344.0,,357.0,petty_cash\SATTI_APTS_PettyCash_May2015.xlsx,petty_cash,SATTI_APTS
2015-05-15,Tea & Refreshment,PC-876,,2925.0,-2568.0,petty_cash\SATTI_APTS_PettyCash_May2015.xlsx,petty_cash,SATTI_APTS
2015-05-16,Photocopies,PC-272,,7091.0,-9659.0,petty_cash\SATTI_APTS_PettyCash_May2015.xlsx,petty_cash,SATTI_APTS
2015-05-17,Postage,PC-013,,556.0,-10215.0,petty_cash\SATTI_APTS_PettyCash_May2015.xlsx,petty_cash,SATTI_APTS
2015-05-18,Water Supply,PC-707,10230.0,,15.0,petty_cash\SATTI_APTS_PettyCash_May2015.xlsx,petty_cash,SATTI_APTS
2015-05-19,Newspaper,PC-226,,7226.0,-7211.0,petty_cash\SATTI_APTS_PettyCash_May2015.xlsx,petty_cash,SATTI_APTS
2015-05-20,Photocopies,PC-455,,1160.0,-8371.0,petty_cash\SATTI_APTS_PettyCash_May2015.xlsx,petty_cash,SATTI_APTS
2015-05-21,Courier Charges,PC-296,,8450.0,,petty_cash\SATTI_APTS_PettyCash_May2015.xlsx,petty_cash,SATTI_APTS
2015-05-22,Site Cleaning,PC-913,,6534.0,-23355.0,petty_cash\SATTI_APTS_PettyCash_May2015.xlsx,petty_cash,SATTI_APTS
2015-05-23,Photocopies,PC-622,,,-34581.0,petty_cash\SATTI_APTS_PettyCash_May2015.xlsx,petty_cash,SATTI_APTS
2015-05-24,Site Cleaning,PC-061,,14433.0,-49014.0,petty_cash\SATTI_APTS_PettyCash_May2015.xlsx,petty_cash,SATTI_APTS
2015-05-25,Misc Stationery,PC-584,,3494.0,-52508.0,petty_cash\SATTI_APTS_PettyCash_May2015.xlsx,petty_cash,SATTI_APTS
2015-05-26,Postage,PC-660,,8186.0,-60694.0,petty_cash\SATTI_APTS_PettyCash_May2015.xlsx,petty_cash,SATTI_APTS
Closing Balance:,,,,,0.0,petty_cash\SATTI_APTS_PettyCash_May2015.xlsx,petty_cash,SATTI_APTS
2016-05-01,Newspaper,PC-083,,4607.0,2913.0,petty_cash\SATTI_APTS_PettyCash_May2016.xlsx,petty_cash,SATTI_APTS
2016-05-02,Courier Charges,PC-103,1124.0,,4037.0,petty_cash\SATTI_APTS_PettyCash_May2016.xlsx,petty_cash,SATTI_APTS
2016-05-03,Phone Balance,PC-815,,10541.0,-6504.0,petty_cash\SATTI_APTS_PettyCash_May2016.xlsx,petty_cash,SATTI_APTS
2016-05-04,Site Cleaning,PC-133,,8850.0,-15354.0,petty_cash\SATTI_APTS_PettyCash_May2016.xlsx,petty_cash,SATTI_APTS
2016-05-05,Photocopies,PC-810,777.0,,-14577.0,petty_cash\SATTI_APTS_PettyCash_May2016.xlsx,petty_cash,SATTI_APTS
2016-05-06,Security Tip,PC-971,13513.0,,-1064.0,petty_cash\SATTI_APTS_PettyCash_May2016.xlsx,petty_cash,SATTI_APTS
2016-05-07,Small Tool Purchase,PC-005,,10049.0,-11113.0,petty_cash\SATTI_APTS_PettyCash_May2016.xlsx,petty_cash,SATTI_APTS
2016-05-08,Security Tip,PC-167,,6891.0,-18004.0,petty_cash\SATTI_APTS_PettyCash_May2016.xlsx,petty_cash,SATTI_APTS
2016-05-09,Tea & Refreshment,PC-633,,10982.0,-28986.0,petty_cash\SATTI_APTS_PettyCash_May2016.xlsx,petty_cash,SATTI_APTS
Closing Balance:,,,,,,petty_cash\SATTI_APTS_PettyCash_May2016.xlsx,petty_cash,SATTI_APTS
2017-05-01,Courier Charges,PC-319,,10245.0,37334.0,petty_cash\SATTI_APTS_PettyCash_May2017.xlsx,petty_cash,SATTI_APTS
2017-05-02,Photocopies,PC-386,,7075.0,30259.0,petty_cash\SATTI_APTS_PettyCash_May2017.xlsx,petty_cash,SATTI_APTS
2017-05-03,Phone Balance,PC-289,,410.0,29849.0,petty_cash\SATTI_APTS_PettyCash_May2017.xlsx,petty_cash,SATTI_APTS
2017-05-04,Rickshaw Fare,PC-835,12409.0,,,petty_cash\SATTI_APTS_PettyCash_May2017.xlsx,petty_cash,SATTI_APTS
2017-05-05,Petrol,PC-983,,13586.0,28672.0,petty_cash\SATTI_APTS_PettyCash_May2017.xlsx,petty_cash,SATTI_APTS
2017-05-06,Phone Balance,PC-714,,9981.0,18691.0,petty_cash\SATTI_APTS_PettyCash_May2017.xlsx,petty_cash,SATTI_APTS
2017-05-07,Tea & Refreshment,PC-448,8830.0,,27521.0,petty_cash\SATTI_APTS_PettyCash_May2017.xlsx,petty_cash,SATTI_APTS
2017-05-08,Tea & Refreshment,PC-162,2682.0,,30203.0,petty_cash\SATTI_APTS_PettyCash_May2017.xlsx,petty_cash,SATTI_APTS
2017-05-09,Phone Balance,PC-474,,9376.0,20827.0,petty_cash\SATTI_APTS_PettyCash_May2017.xlsx,petty_cash,SATTI_APTS
2017-05-10,Emergency Repair,PC-573,4114.0,,24941.0,petty_cash\SATTI_APTS_PettyCash_May2017.xlsx,petty_cash,SATTI_APTS
2017-05-11,Rickshaw Fare,PC-851,,10831.0,14110.0,petty_cash\SATTI_APTS_PettyCash_May2017.xlsx,petty_cash,SATTI_APTS
Closing Balance:,,,,,14110.0,petty_cash\SATTI_APTS_PettyCash_May2017.xlsx,petty_cash,SATTI_APTS
2018-05-01,Site Cleaning,PC-616,,3106.0,6554.0,petty_cash\SATTI_APTS_PettyCash_May2018.xlsx,petty_cash,SATTI_APTS
2018-05-02,Rickshaw Fare,PC-065,,,-3441.0,petty_cash\SATTI_APTS_PettyCash_May2018.xlsx,petty_cash,SATTI_APTS
2018-05-03,Postage,PC-038,,11127.0,-14568.0,petty_cash\SATTI_APTS_PettyCash_May2018.xlsx,petty_cash,SATTI_APTS
2018-05-04,Water Supply,PC-459,8456.0,,-6112.0,petty_cash\SATTI_APTS_PettyCash_May2018.xlsx,petty_cash,SATTI_APTS
2018-05-05,Newspaper,PC-397,,,-6849.0,petty_cash\SATTI_APTS_PettyCash_May2018.xlsx,petty_cash,SATTI_APTS
2018-05-06,Security Tip,PC-073,,4939.0,-11788.0,petty_cash\SATTI_APTS_PettyCash_May2018.xlsx,petty_cash,SATTI_APTS
2018-05-07,Postage,PC-838,3344.0,,-8444.0,petty_cash\SATTI_APTS_PettyCash_May2018.xlsx,petty_cash,SATTI_APTS
2018-05-08,Newspaper,PC-200,,10103.0,-18547.0,petty_cash\SATTI_APTS_PettyCash_May2018.xlsx,petty_cash,SATTI_APTS
2018-05-09,Emergency Repair,PC-583,,2584.0,-21131.0,petty_cash\SATTI_APTS_PettyCash_May2018.xlsx,petty_cash,SATTI_APTS
2018-05-10,Tea & Refreshment,PC-185,,6826.0,-27957.0,petty_cash\SATTI_APTS_PettyCash_May2018.xlsx,petty_cash,SATTI_APTS
2018-05-11,Courier Charges,PC-357,265.0,,-27692.0,petty_cash\SATTI_APTS_PettyCash_May2018.xlsx,petty_cash,SATTI_APTS
2018-05-12,Security Tip,PC-108,3504.0,,-24188.0,petty_cash\SATTI_APTS_PettyCash_May2018.xlsx,petty_cash,SATTI_APTS
2018-05-13,Phone Balance,PC-416,6678.0,,-17510.0,petty_cash\SATTI_APTS_PettyCash_May2018.xlsx,petty_cash,SATTI_APTS
2018-05-14,Security Tip,PC-833,10624.0,,-6886.0,petty_cash\SATTI_APTS_PettyCash_May2018.xlsx,petty_cash,SATTI_APTS
2018-05-15,Tea & Refreshment,PC-944,,13144.0,-20030.0,petty_cash\SATTI_APTS_PettyCash_May2018.xlsx,petty_cash,SATTI_APTS
2018-05-16,Rickshaw Fare,PC-035,,12097.0,-32127.0,petty_cash\SATTI_APTS_PettyCash_May2018.xlsx,petty_cash,SATTI_APTS
2018-05-17,Tea & Refreshment,PC-215,10258.0,,-21869.0,petty_cash\SATTI_APTS_PettyCash_May2018.xlsx,petty_cash,SATTI_APTS
2018-05-18,Security Tip,PC-659,,1839.0,-23708.0,petty_cash\SATTI_APTS_PettyCash_May2018.xlsx,petty_cash,SATTI_APTS
2018-05-19,Site Cleaning,PC-350,,2790.0,-26498.0,petty_cash\SATTI_APTS_PettyCash_May2018.xlsx,petty_cash,SATTI_APTS
2018-05-20,Security Tip,PC-425,,4371.0,-30869.0,petty_cash\SATTI_APTS_PettyCash_May2018.xlsx,petty_cash,SATTI_APTS
2018-05-21,Site Cleaning,PC-235,11227.0,,,petty_cash\SATTI_APTS_PettyCash_May2018.xlsx,petty_cash,SATTI_APTS
2018-05-22,Emergency Repair,PC-305,,4647.0,-24289.0,petty_cash\SATTI_APTS_PettyCash_May2018.xlsx,petty_cash,SATTI_APTS
2018-05-23,Site Cleaning,PC-143,,14750.0,-39039.0,petty_cash\SATTI_APTS_PettyCash_May2018.xlsx,petty_cash,SATTI_APTS
2018-05-24,Water Supply,PC-116,,14514.0,-53553.0,petty_cash\SATTI_APTS_PettyCash_May2018.xlsx,petty_cash,SATTI_APTS
2018-05-25,Courier Charges,PC-323,,1725.0,-55278.0,petty_cash\SATTI_APTS_PettyCash_May2018.xlsx,petty_cash,SATTI_APTS
2018-05-26,Site Cleaning,PC-077,,8243.0,-63521.0,petty_cash\SATTI_APTS_PettyCash_May2018.xlsx,petty_cash,SATTI_APTS
2018-05-27,Newspaper,PC-378,,14899.0,-78420.0,petty_cash\SATTI_APTS_PettyCash_May2018.xlsx,petty_cash,SATTI_APTS
Closing Balance:,,,,,0.0,petty_cash\SATTI_APTS_PettyCash_May2018.xlsx,petty_cash,SATTI_APTS
2015-11-01,Photocopies,PC-585,,9572.0,10521.0,petty_cash\SATTI_APTS_PettyCash_Nov2015.xlsx,petty_cash,SATTI_APTS
2015-11-02,Misc Stationery,PC-827,,12784.0,-2263.0,petty_cash\SATTI_APTS_PettyCash_Nov2015.xlsx,petty_cash,SATTI_APTS
2015-11-03,Newspaper,PC-969,,7420.0,-9683.0,petty_cash\SATTI_APTS_PettyCash_Nov2015.xlsx,petty_cash,SATTI_APTS
2015-11-04,Postage,PC-729,,12337.0,-22020.0,petty_cash\SATTI_APTS_PettyCash_Nov2015.xlsx,petty_cash,SATTI_APTS
2015-11-05,Misc Stationery,PC-800,,7119.0,-29139.0,petty_cash\SATTI_APTS_PettyCash_Nov2015.xlsx,petty_cash,SATTI_APTS
2015-11-06,Petrol,PC-427,,13191.0,-42330.0,petty_cash\SATTI_APTS_PettyCash_Nov2015.xlsx,petty_cash,SATTI_APTS
2015-11-07,Water Supply,PC-762,,4614.0,-46944.0,petty_cash\SATTI_APTS_PettyCash_Nov2015.xlsx,petty_cash,SATTI_APTS
2015-11-08,Photocopies,PC-515,,7795.0,-54739.0,petty_cash\SATTI_APTS_PettyCash_Nov2015.xlsx,petty_cash,SATTI_APTS
2015-11-09,Phone Balance,PC-966,,10492.0,-65231.0,petty_cash\SATTI_APTS_PettyCash_Nov2015.xlsx,petty_cash,SATTI_APTS
2015-11-10,Rickshaw Fare,PC-911,,13433.0,-78664.0,petty_cash\SATTI_APTS_PettyCash_Nov2015.xlsx,petty_cash,SATTI_APTS
2015-11-11,Garbage Removal,PC-638,,9820.0,-88484.0,petty_cash\SATTI_APTS_PettyCash_Nov2015.xlsx,petty_cash,SATTI_APTS
2015-11-12,Emergency Repair,PC-089,,4995.0,-93479.0,petty_cash\SATTI_APTS_PettyCash_Nov2015.xlsx,petty_cash,SATTI_APTS
2015-11-13,Misc Stationery,PC-713,,14630.0,-108109.0,petty_cash\SATTI_APTS_PettyCash_Nov2015.xlsx,petty_cash,SATTI_APTS
2015-11-14,Petrol,PC-594,,,-108718.0,petty_cash\SATTI_APTS_PettyCash_Nov2015.xlsx,petty_cash,SATTI_APTS
Closing Balance:,,,,,0.0,petty_cash\SATTI_APTS_PettyCash_Nov2015.xlsx,petty_cash,SATTI_APTS
2016-11-01,Photocopies,PC-062,,1870.0,26145.0,petty_cash\SATTI_APTS_PettyCash_Nov2016.xlsx,petty_cash,SATTI_APTS
2016-11-02,Rickshaw Fare,PC-145,,9333.0,16812.0,petty_cash\SATTI_APTS_PettyCash_Nov2016.xlsx,petty_cash,SATTI_APTS
2016-11-03,Postage,PC-834,,5835.0,10977.0,petty_cash\SATTI_APTS_PettyCash_Nov2016.xlsx,petty_cash,SATTI_APTS
2016-11-04,Garbage Removal,PC-064,,2626.0,8351.0,petty_cash\SATTI_APTS_PettyCash_Nov2016.xlsx,petty_cash,SATTI_APTS
2016-11-05,Petrol,PC-015,,2219.0,6132.0,petty_cash\SATTI_APTS_PettyCash_Nov2016.xlsx,petty_cash,SATTI_APTS
2016-11-06,Small Tool Purchase,PC-940,10642.0,,16774.0,petty_cash\SATTI_APTS_PettyCash_Nov2016.xlsx,petty_cash,SATTI_APTS
2016-11-07,Water Supply,PC-949,,2711.0,14063.0,petty_cash\SATTI_APTS_PettyCash_Nov2016.xlsx,petty_cash,SATTI_APTS
2016-11-08,Site Cleaning,PC-676,,4244.0,9819.0,petty_cash\SATTI_APTS_PettyCash_Nov2016.xlsx,petty_cash,SATTI_APTS
2016-11-09,Emergency Repair,PC-624,,,2370.0,petty_cash\SATTI_APTS_PettyCash_Nov2016.xlsx,petty_cash,SATTI_APTS
2016-11-10,Postage,PC-481,,7584.0,-5214.0,petty_cash\SATTI_APTS_PettyCash_Nov2016.xlsx,petty_cash,SATTI_APTS
2016-11-11,Phone Balance,PC-445,,3293.0,-8507.0,petty_cash\SATTI_APTS_PettyCash_Nov2016.xlsx,petty_cash,SATTI_APTS
2016-11-12,Misc Stationery,PC-620,5661.0,,-2846.0,petty_cash\SATTI_APTS_PettyCash_Nov2016.xlsx,petty_cash,SATTI_APTS
2016-11-13,Security Tip,PC-868,,11624.0,-14470.0,petty_cash\SATTI_APTS_PettyCash_Nov2016.xlsx,petty_cash,SATTI_APTS
2016-11-14,Water Supply,PC-027,,12166.0,-26636.0,petty_cash\SATTI_APTS_PettyCash_Nov2016.xlsx,petty_cash,SATTI_APTS
2016-11-15,Newspaper,PC-987,,6265.0,-32901.0,petty_cash\SATTI_APTS_PettyCash_Nov2016.xlsx,petty_cash,SATTI_APTS
2016-11-16,Rickshaw Fare,PC-693,,3330.0,-36231.0,petty_cash\SATTI_APTS_PettyCash_Nov2016.xlsx,petty_cash,SATTI_APTS
Closing Balance:,,,,,0.0,petty_cash\SATTI_APTS_PettyCash_Nov2016.xlsx,petty_cash,SATTI_APTS
2017-11-01,Newspaper,PC-864,,8193.0,-2614.0,petty_cash\SATTI_APTS_PettyCash_Nov2017.xlsx,petty_cash,SATTI_APTS
2017-11-02,Newspaper,PC-423,,5077.0,-7691.0,petty_cash\SATTI_APTS_PettyCash_Nov2017.xlsx,petty_cash,SATTI_APTS
2017-11-03,Newspaper,PC-896,9812.0,,2121.0,petty_cash\SATTI_APTS_PettyCash_Nov2017.xlsx,petty_cash,SATTI_APTS
2017-11-04,Courier Charges,PC-478,,7637.0,-5516.0,petty_cash\SATTI_APTS_PettyCash_Nov2017.xlsx,petty_cash,SATTI_APTS
2017-11-05,Petrol,PC-395,,9636.0,-15152.0,petty_cash\SATTI_APTS_PettyCash_Nov2017.xlsx,petty_cash,SATTI_APTS
2017-11-06,Photocopies,PC-520,,4695.0,,petty_cash\SATTI_APTS_PettyCash_Nov2017.xlsx,petty_cash,SATTI_APTS
2017-11-07,Small Tool Purchase,PC-287,,5030.0,-24877.0,petty_cash\SATTI_APTS_PettyCash_Nov2017.xlsx,petty_cash,SATTI_APTS
2017-11-08,Water Supply,PC-178,,9244.0,-34121.0,petty_cash\SATTI_APTS_PettyCash_Nov2017.xlsx,petty_cash,SATTI_APTS
2017-11-09,Phone Balance,PC-370,,12523.0,-46644.0,petty_cash\SATTI_APTS_PettyCash_Nov2017.xlsx,petty_cash,SATTI_APTS
2017-11-10,Misc Stationery,PC-160,,1793.0,-48437.0,petty_cash\SATTI_APTS_PettyCash_Nov2017.xlsx,petty_cash,SATTI_APTS
2017-11-11,Water Supply,PC-338,,6834.0,-55271.0,petty_cash\SATTI_APTS_PettyCash_Nov2017.xlsx,petty_cash,SATTI_APTS
2017-11-12,Emergency Repair,PC-849,,902.0,-56173.0,petty_cash\SATTI_APTS_PettyCash_Nov2017.xlsx,petty_cash,SATTI_APTS
2017-11-13,Tea & Refreshment,PC-468,,6931.0,-63104.0,petty_cash\SATTI_APTS_PettyCash_Nov2017.xlsx,petty_cash,SATTI_APTS
2017-11-14,Rickshaw Fare,PC-870,,5080.0,-68184.0,petty_cash\SATTI_APTS_PettyCash_Nov2017.xlsx,petty_cash,SATTI_APTS
2017-11-15,Photocopies,PC-819,,7607.0,-75791.0,petty_cash\SATTI_APTS_PettyCash_Nov2017.xlsx,petty_cash,SATTI_APTS
2017-11-16,Garbage Removal,PC-005,,13512.0,-89303.0,petty_cash\SATTI_APTS_PettyCash_Nov2017.xlsx,petty_cash,SATTI_APTS
Closing Balance:,,,,,0.0,petty_cash\SATTI_APTS_PettyCash_Nov2017.xlsx,petty_cash,SATTI_APTS
2015-09-01,Phone Balance,PC-159,,3466.0,39615.0,petty_cash\SATTI_APTS_PettyCash_Sep2015.xlsx,petty_cash,SATTI_APTS
2015-09-02,Site Cleaning,PC-654,11732.0,,51347.0,petty_cash\SATTI_APTS_PettyCash_Sep2015.xlsx,petty_cash,SATTI_APTS
2015-09-03,Photocopies,PC-622,,9170.0,42177.0,petty_cash\SATTI_APTS_PettyCash_Sep2015.xlsx,petty_cash,SATTI_APTS
2015-09-04,Garbage Removal,PC-313,,10072.0,32105.0,petty_cash\SATTI_APTS_PettyCash_Sep2015.xlsx,petty_cash,SATTI_APTS
2015-09-05,Petrol,PC-694,,7021.0,25084.0,petty_cash\SATTI_APTS_PettyCash_Sep2015.xlsx,petty_cash,SATTI_APTS
2015-09-06,Small Tool Purchase,PC-480,1006.0,,26090.0,petty_cash\SATTI_APTS_PettyCash_Sep2015.xlsx,petty_cash,SATTI_APTS
2015-09-07,Petrol,PC-469,,11323.0,14767.0,petty_cash\SATTI_APTS_PettyCash_Sep2015.xlsx,petty_cash,SATTI_APTS
2015-09-08,Rickshaw Fare,PC-311,,7686.0,7081.0,petty_cash\SATTI_APTS_PettyCash_Sep2015.xlsx,petty_cash,SATTI_APTS
2015-09-09,Misc Stationery,PC-442,,10380.0,-3299.0,petty_cash\SATTI_APTS_PettyCash_Sep2015.xlsx,petty_cash,SATTI_APTS
2015-09-10,Small Tool Purchase,PC-419,,,-8077.0,petty_cash\SATTI_APTS_PettyCash_Sep2015.xlsx,petty_cash,SATTI_APTS
Closing Balance:,,,,,0.0,petty_cash\SATTI_APTS_PettyCash_Sep2015.xlsx,petty_cash,SATTI_APTS
2016-09-01,Garbage Removal,PC-376,,,35849.0,petty_cash\SATTI_APTS_PettyCash_Sep2016.xlsx,petty_cash,SATTI_APTS
2016-09-02,Emergency Repair,PC-503,,6236.0,29613.0,petty_cash\SATTI_APTS_PettyCash_Sep2016.xlsx,petty_cash,SATTI_APTS
2016-09-03,Postage,PC-611,,4466.0,,petty_cash\SATTI_APTS_PettyCash_Sep2016.xlsx,petty_cash,SATTI_APTS
2016-09-04,Misc Stationery,PC-668,,3224.0,21923.0,petty_cash\SATTI_APTS_PettyCash_Sep2016.xlsx,petty_cash,SATTI_APTS
2016-09-05,Emergency Repair,PC-122,,9748.0,12175.0,petty_cash\SATTI_APTS_PettyCash_Sep2016.xlsx,petty_cash,SATTI_APTS
2016-09-06,Rickshaw Fare,PC-378,,12181.0,-6.0,petty_cash\SATTI_APTS_PettyCash_Sep2016.xlsx,petty_cash,SATTI_APTS
2016-09-07,Postage,PC-182,,7306.0,-7312.0,petty_cash\SATTI_APTS_PettyCash_Sep2016.xlsx,petty_cash,SATTI_APTS
2016-09-08,Small Tool Purchase,PC-176,,12229.0,,petty_cash\SATTI_APTS_PettyCash_Sep2016.xlsx,petty_cash,SATTI_APTS
2016-09-09,Courier Charges,PC-144,10918.0,,-8623.0,petty_cash\SATTI_APTS_PettyCash_Sep2016.xlsx,petty_cash,SATTI_APTS
2016-09-10,Small Tool Purchase,PC-656,,11193.0,-19816.0,petty_cash\SATTI_APTS_PettyCash_Sep2016.xlsx,petty_cash,SATTI_APTS
2016-09-11,Tea & Refreshment,PC-838,3243.0,,-16573.0,petty_cash\SATTI_APTS_PettyCash_Sep2016.xlsx,petty_cash,SATTI_APTS
2016-09-12,Water Supply,PC-762,,6501.0,-23074.0,petty_cash\SATTI_APTS_PettyCash_Sep2016.xlsx,petty_cash,SATTI_APTS
2016-09-13,Newspaper,PC-424,,13001.0,-36075.0,petty_cash\SATTI_APTS_PettyCash_Sep2016.xlsx,petty_cash,SATTI_APTS
2016-09-14,Photocopies,PC-819,,13238.0,-49313.0,petty_cash\SATTI_APTS_PettyCash_Sep2016.xlsx,petty_cash,SATTI_APTS
2016-09-15,Newspaper,PC-038,,14345.0,-63658.0,petty_cash\SATTI_APTS_PettyCash_Sep2016.xlsx,petty_cash,SATTI_APTS
2016-09-16,Courier Charges,PC-359,,4141.0,-67799.0,petty_cash\SATTI_APTS_PettyCash_Sep2016.xlsx,petty_cash,SATTI_APTS
2016-09-17,Water Supply,PC-196,233.0,,-67566.0,petty_cash\SATTI_APTS_PettyCash_Sep2016.xlsx,petty_cash,SATTI_APTS
2016-09-18,Garbage Removal,PC-493,,980.0,-68546.0,petty_cash\SATTI_APTS_PettyCash_Sep2016.xlsx,petty_cash,SATTI_APTS
Closing Balance:,,,,,0.0,petty_cash\SATTI_APTS_PettyCash_Sep2016.xlsx,petty_cash,SATTI_APTS
2017-09-01,Courier Charges,PC-772,5979.0,,52231.0,petty_cash\SATTI_APTS_PettyCash_Sep2017.xlsx,petty_cash,SATTI_APTS
2017-09-02,Newspaper,PC-668,,3807.0,48424.0,petty_cash\SATTI_APTS_PettyCash_Sep2017.xlsx,petty_cash,SATTI_APTS
2017-09-03,Tea & Refreshment,PC-431,,12222.0,,petty_cash\SATTI_APTS_PettyCash_Sep2017.xlsx,petty_cash,SATTI_APTS
2017-09-04,Phone Balance,PC-212,,5355.0,30847.0,petty_cash\SATTI_APTS_PettyCash_Sep2017.xlsx,petty_cash,SATTI_APTS
2017-09-05,Rickshaw Fare,PC-171,,9381.0,21466.0,petty_cash\SATTI_APTS_PettyCash_Sep2017.xlsx,petty_cash,SATTI_APTS
2017-09-06,Garbage Removal,PC-009,12029.0,,33495.0,petty_cash\SATTI_APTS_PettyCash_Sep2017.xlsx,petty_cash,SATTI_APTS
2017-09-07,Misc Stationery,PC-019,,2558.0,30937.0,petty_cash\SATTI_APTS_PettyCash_Sep2017.xlsx,petty_cash,SATTI_APTS
2017-09-08,Rickshaw Fare,PC-886,,10700.0,20237.0,petty_cash\SATTI_APTS_PettyCash_Sep2017.xlsx,petty_cash,SATTI_APTS
2017-09-09,Water Supply,PC-235,,2084.0,18153.0,petty_cash\SATTI_APTS_PettyCash_Sep2017.xlsx,petty_cash,SATTI_APTS
Closing Balance:,,,,,18153.0,petty_cash\SATTI_APTS_PettyCash_Sep2017.xlsx,petty_cash,SATTI_APTS
2007-01-01,Tea & Refreshment,PC-984,1814.0,,32277.0,petty_cash\SATTI_MALL_PettyCash_Jan2007.xlsx,petty_cash,SATTI_MALL
2007-01-02,Petrol,PC-353,4799.0,,37076.0,petty_cash\SATTI_MALL_PettyCash_Jan2007.xlsx,petty_cash,SATTI_MALL
2007-01-03,Newspaper,PC-341,,12199.0,24877.0,petty_cash\SATTI_MALL_PettyCash_Jan2007.xlsx,petty_cash,SATTI_MALL
2007-01-04,Site Cleaning,PC-888,,14174.0,10703.0,petty_cash\SATTI_MALL_PettyCash_Jan2007.xlsx,petty_cash,SATTI_MALL
2007-01-05,Small Tool Purchase,PC-148,,7936.0,2767.0,petty_cash\SATTI_MALL_PettyCash_Jan2007.xlsx,petty_cash,SATTI_MALL
2007-01-06,Rickshaw Fare,PC-303,,,360.0,petty_cash\SATTI_MALL_PettyCash_Jan2007.xlsx,petty_cash,SATTI_MALL
2007-01-07,Garbage Removal,PC-478,,1928.0,-1568.0,petty_cash\SATTI_MALL_PettyCash_Jan2007.xlsx,petty_cash,SATTI_MALL
2007-01-08,Misc Stationery,PC-258,,5101.0,-6669.0,petty_cash\SATTI_MALL_PettyCash_Jan2007.xlsx,petty_cash,SATTI_MALL
2007-01-09,Phone Balance,PC-163,,7760.0,-14429.0,petty_cash\SATTI_MALL_PettyCash_Jan2007.xlsx,petty_cash,SATTI_MALL
2007-01-10,Petrol,PC-726,,5819.0,-20248.0,petty_cash\SATTI_MALL_PettyCash_Jan2007.xlsx,petty_cash,SATTI_MALL
2007-01-11,Water Supply,PC-714,,4629.0,-24877.0,petty_cash\SATTI_MALL_PettyCash_Jan2007.xlsx,petty_cash,SATTI_MALL
2007-01-12,Phone Balance,PC-321,,1023.0,-25900.0,petty_cash\SATTI_MALL_PettyCash_Jan2007.xlsx,petty_cash,SATTI_MALL
2007-01-13,Small Tool Purchase,PC-369,,,-39587.0,petty_cash\SATTI_MALL_PettyCash_Jan2007.xlsx,petty_cash,SATTI_MALL
2007-01-14,Photocopies,PC-098,,2217.0,-41804.0,petty_cash\SATTI_MALL_PettyCash_Jan2007.xlsx,petty_cash,SATTI_MALL
2007-01-15,Courier Charges,PC-264,,13497.0,-55301.0,petty_cash\SATTI_MALL_PettyCash_Jan2007.xlsx,petty_cash,SATTI_MALL
2007-01-16,Emergency Repair,PC-397,,2002.0,-57303.0,petty_cash\SATTI_MALL_PettyCash_Jan2007.xlsx,petty_cash,SATTI_MALL
2007-01-17,Postage,PC-392,11869.0,,-45434.0,petty_cash\SATTI_MALL_PettyCash_Jan2007.xlsx,petty_cash,SATTI_MALL
2007-01-18,Courier Charges,PC-610,,3230.0,-48664.0,petty_cash\SATTI_MALL_PettyCash_Jan2007.xlsx,petty_cash,SATTI_MALL
2007-01-19,Site Cleaning,PC-233,,10316.0,-58980.0,petty_cash\SATTI_MALL_PettyCash_Jan2007.xlsx,petty_cash,SATTI_MALL
2007-01-20,Photocopies,PC-638,,14006.0,-72986.0,petty_cash\SATTI_MALL_PettyCash_Jan2007.xlsx,petty_cash,SATTI_MALL
2007-01-21,Water Supply,PC-211,11300.0,,-61686.0,petty_cash\SATTI_MALL_PettyCash_Jan2007.xlsx,petty_cash,SATTI_MALL
2007-01-22,Site Cleaning,PC-757,,9075.0,-70761.0,petty_cash\SATTI_MALL_PettyCash_Jan2007.xlsx,petty_cash,SATTI_MALL
2007-01-23,Courier Charges,PC-752,,6318.0,-77079.0,petty_cash\SATTI_MALL_PettyCash_Jan2007.xlsx,petty_cash,SATTI_MALL
2007-01-24,Tea & Refreshment,PC-971,,7774.0,-84853.0,petty_cash\SATTI_MALL_PettyCash_Jan2007.xlsx,petty_cash,SATTI_MALL
2007-01-25,Postage,PC-158,5622.0,,-79231.0,petty_cash\SATTI_MALL_PettyCash_Jan2007.xlsx,petty_cash,SATTI_MALL
Closing Balance:,,,,,0.0,petty_cash\SATTI_MALL_PettyCash_Jan2007.xlsx,petty_cash,SATTI_MALL
2008-01-01,Tea & Refreshment,PC-932,,13669.0,26510.0,petty_cash\SATTI_MALL_PettyCash_Jan2008.xlsx,petty_cash,SATTI_MALL
2008-01-02,Site Cleaning,PC-455,,13745.0,12765.0,petty_cash\SATTI_MALL_PettyCash_Jan2008.xlsx,petty_cash,SATTI_MALL
2008-01-03,Small Tool Purchase,PC-964,,,3879.0,petty_cash\SATTI_MALL_PettyCash_Jan2008.xlsx,petty_cash,SATTI_MALL
2008-01-04,Misc Stationery,PC-539,,10263.0,-6384.0,petty_cash\SATTI_MALL_PettyCash_Jan2008.xlsx,petty_cash,SATTI_MALL
2008-01-05,Security Tip,PC-695,,7393.0,-13777.0,petty_cash\SATTI_MALL_PettyCash_Jan2008.xlsx,petty_cash,SATTI_MALL
2008-01-06,Photocopies,PC-601,,4262.0,-18039.0,petty_cash\SATTI_MALL_PettyCash_Jan2008.xlsx,petty_cash,SATTI_MALL
2008-01-07,Site Cleaning,PC-663,,13088.0,-31127.0,petty_cash\SATTI_MALL_PettyCash_Jan2008.xlsx,petty_cash,SATTI_MALL
2008-01-08,Courier Charges,PC-345,,9988.0,-41115.0,petty_cash\SATTI_MALL_PettyCash_Jan2008.xlsx,petty_cash,SATTI_MALL
2008-01-09,Petrol,PC-746,,2034.0,-43149.0,petty_cash\SATTI_MALL_PettyCash_Jan2008.xlsx,petty_cash,SATTI_MALL
2008-01-10,Small Tool Purchase,PC-465,,4075.0,-47224.0,petty_cash\SATTI_MALL_PettyCash_Jan2008.xlsx,petty_cash,SATTI_MALL
Closing Balance:,,,,,0.0,petty_cash\SATTI_MALL_PettyCash_Jan2008.xlsx,petty_cash,SATTI_MALL
2006-07-01,Photocopies,PC-044,,5425.0,5897.0,petty_cash\SATTI_MALL_PettyCash_Jul2006.xlsx,petty_cash,SATTI_MALL
2006-07-02,Tea & Refreshment,PC-967,,812.0,5085.0,petty_cash\SATTI_MALL_PettyCash_Jul2006.xlsx,petty_cash,SATTI_MALL
2006-07-03,Phone Balance,PC-372,13948.0,,19033.0,petty_cash\SATTI_MALL_PettyCash_Jul2006.xlsx,petty_cash,SATTI_MALL
2006-07-04,Tea & Refreshment,PC-398,,3972.0,15061.0,petty_cash\SATTI_MALL_PettyCash_Jul2006.xlsx,petty_cash,SATTI_MALL
2006-07-05,Garbage Removal,PC-425,,14728.0,333.0,petty_cash\SATTI_MALL_PettyCash_Jul2006.xlsx,petty_cash,SATTI_MALL
2006-07-06,Tea & Refreshment,PC-398,3597.0,,3930.0,petty_cash\SATTI_MALL_PettyCash_Jul2006.xlsx,petty_cash,SATTI_MALL
2006-07-07,Newspaper,PC-096,4906.0,,8836.0,petty_cash\SATTI_MALL_PettyCash_Jul2006.xlsx,petty_cash,SATTI_MALL
2006-07-08,Small Tool Purchase,PC-084,9720.0,,18556.0,petty_cash\SATTI_MALL_PettyCash_Jul2006.xlsx,petty_cash,SATTI_MALL
2006-07-09,Misc Stationery,PC-896,,9747.0,8809.0,petty_cash\SATTI_MALL_PettyCash_Jul2006.xlsx,petty_cash,SATTI_MALL
2006-07-10,Site Cleaning,PC-366,,1077.0,7732.0,petty_cash\SATTI_MALL_PettyCash_Jul2006.xlsx,petty_cash,SATTI_MALL
2006-07-11,Photocopies,PC-061,,10866.0,-3134.0,petty_cash\SATTI_MALL_PettyCash_Jul2006.xlsx,petty_cash,SATTI_MALL
2006-07-12,Site Cleaning,PC-615,,12277.0,-15411.0,petty_cash\SATTI_MALL_PettyCash_Jul2006.xlsx,petty_cash,SATTI_MALL
2006-07-13,Security Tip,PC-108,,14947.0,-30358.0,petty_cash\SATTI_MALL_PettyCash_Jul2006.xlsx,petty_cash,SATTI_MALL
2006-07-14,Emergency Repair,PC-415,,1795.0,-32153.0,petty_cash\SATTI_MALL_PettyCash_Jul2006.xlsx,petty_cash,SATTI_MALL
2006-07-15,Courier Charges,PC-067,,5288.0,-37441.0,petty_cash\SATTI_MALL_PettyCash_Jul2006.xlsx,petty_cash,SATTI_MALL
Closing Balance:,,,,,0.0,petty_cash\SATTI_MALL_PettyCash_Jul2006.xlsx,petty_cash,SATTI_MALL
2007-07-01,Security Tip,PC-989,,9355.0,848.0,petty_cash\SATTI_MALL_PettyCash_Jul2007.xlsx,petty_cash,SATTI_MALL
2007-07-02,Security Tip,PC-424,,11006.0,-10158.0,petty_cash\SATTI_MALL_PettyCash_Jul2007.xlsx,petty_cash,SATTI_MALL
2007-07-03,Small Tool Purchase,PC-705,,6213.0,-16371.0,petty_cash\SATTI_MALL_PettyCash_Jul2007.xlsx,petty_cash,SATTI_MALL
2007-07-04,Garbage Removal,PC-775,,1130.0,-17501.0,petty_cash\SATTI_MALL_PettyCash_Jul2007.xlsx,petty_cash,SATTI_MALL
2007-07-05,Petrol,PC-992,,5332.0,-22833.0,petty_cash\SATTI_MALL_PettyCash_Jul2007.xlsx,petty_cash,SATTI_MALL
2007-07-06,Misc Stationery,PC-972,,4541.0,-27374.0,petty_cash\SATTI_MALL_PettyCash_Jul2007.xlsx,petty_cash,SATTI_MALL
2007-07-07,Phone Balance,PC-053,,4219.0,,petty_cash\SATTI_MALL_PettyCash_Jul2007.xlsx,petty_cash,SATTI_MALL
2007-07-08,Petrol,PC-907,,7493.0,-39086.0,petty_cash\SATTI_MALL_PettyCash_Jul2007.xlsx,petty_cash,SATTI_MALL
2007-07-09,Rickshaw Fare,PC-754,,13104.0,-52190.0,petty_cash\SATTI_MALL_PettyCash_Jul2007.xlsx,petty_cash,SATTI_MALL
2007-07-10,Security Tip,PC-598,,9362.0,-61552.0,petty_cash\SATTI_MALL_PettyCash_Jul2007.xlsx,petty_cash,SATTI_MALL
2007-07-11,Newspaper,PC-829,5433.0,,-56119.0,petty_cash\SATTI_MALL_PettyCash_Jul2007.xlsx,petty_cash,SATTI_MALL
2007-07-12,Newspaper,PC-037,,12980.0,-69099.0,petty_cash\SATTI_MALL_PettyCash_Jul2007.xlsx,petty_cash,SATTI_MALL
2007-07-13,Phone Balance,PC-174,,3772.0,-72871.0,petty_cash\SATTI_MALL_PettyCash_Jul2007.xlsx,petty_cash,SATTI_MALL
2007-07-14,Small Tool Purchase,PC-626,,12510.0,-85381.0,petty_cash\SATTI_MALL_PettyCash_Jul2007.xlsx,petty_cash,SATTI_MALL
2007-07-15,Tea & Refreshment,PC-243,,5125.0,-90506.0,petty_cash\SATTI_MALL_PettyCash_Jul2007.xlsx,petty_cash,SATTI_MALL
2007-07-16,Emergency Repair,PC-992,,14139.0,-104645.0,petty_cash\SATTI_MALL_PettyCash_Jul2007.xlsx,petty_cash,SATTI_MALL
2007-07-17,Small Tool Purchase,PC-381,,3141.0,,petty_cash\SATTI_MALL_PettyCash_Jul2007.xlsx,petty_cash,SATTI_MALL
2007-07-18,Postage,PC-389,,3866.0,-111652.0,petty_cash\SATTI_MALL_PettyCash_Jul2007.xlsx,petty_cash,SATTI_MALL
2007-07-19,Emergency Repair,PC-030,,4295.0,-115947.0,petty_cash\SATTI_MALL_PettyCash_Jul2007.xlsx,petty_cash,SATTI_MALL
Closing Balance:,,,,,0.0,petty_cash\SATTI_MALL_PettyCash_Jul2007.xlsx,petty_cash,SATTI_MALL
2007-03-01,Garbage Removal,PC-216,,867.0,,petty_cash\SATTI_MALL_PettyCash_Mar2007.xlsx,petty_cash,SATTI_MALL
2007-03-02,Rickshaw Fare,PC-571,,9111.0,17119.0,petty_cash\SATTI_MALL_PettyCash_Mar2007.xlsx,petty_cash,SATTI_MALL
2007-03-03,Courier Charges,PC-320,,3260.0,13859.0,petty_cash\SATTI_MALL_PettyCash_Mar2007.xlsx,petty_cash,SATTI_MALL
2007-03-04,Petrol,PC-569,,3431.0,10428.0,petty_cash\SATTI_MALL_PettyCash_Mar2007.xlsx,petty_cash,SATTI_MALL
2007-03-05,Phone Balance,PC-019,,3986.0,6442.0,petty_cash\SATTI_MALL_PettyCash_Mar2007.xlsx,petty_cash,SATTI_MALL
2007-03-06,Petrol,PC-013,,11482.0,-5040.0,petty_cash\SATTI_MALL_PettyCash_Mar2007.xlsx,petty_cash,SATTI_MALL
2007-03-07,Security Tip,PC-563,,,-7301.0,petty_cash\SATTI_MALL_PettyCash_Mar2007.xlsx,petty_cash,SATTI_MALL
2007-03-08,Small Tool Purchase,PC-131,10374.0,,3073.0,petty_cash\SATTI_MALL_PettyCash_Mar2007.xlsx,petty_cash,SATTI_MALL
2007-03-09,Security Tip,PC-982,,,-4578.0,petty_cash\SATTI_MALL_PettyCash_Mar2007.xlsx,petty_cash,SATTI_MALL
2007-03-10,Petrol,PC-268,,6717.0,-11295.0,petty_cash\SATTI_MALL_PettyCash_Mar2007.xlsx,petty_cash,SATTI_MALL
2007-03-11,Rickshaw Fare,PC-740,364.0,,-10931.0,petty_cash\SATTI_MALL_PettyCash_Mar2007.xlsx,petty_cash,SATTI_MALL
2007-03-12,Newspaper,PC-779,,8635.0,-19566.0,petty_cash\SATTI_MALL_PettyCash_Mar2007.xlsx,petty_cash,SATTI_MALL
2007-03-13,Rickshaw Fare,PC-557,,680.0,-20246.0,petty_cash\SATTI_MALL_PettyCash_Mar2007.xlsx,petty_cash,SATTI_MALL
2007-03-14,Rickshaw Fare,PC-211,,9871.0,-30117.0,petty_cash\SATTI_MALL_PettyCash_Mar2007.xlsx,petty_cash,SATTI_MALL
2007-03-15,Courier Charges,PC-116,,14995.0,-45112.0,petty_cash\SATTI_MALL_PettyCash_Mar2007.xlsx,petty_cash,SATTI_MALL
2007-03-16,Photocopies,PC-991,,,-50514.0,petty_cash\SATTI_MALL_PettyCash_Mar2007.xlsx,petty_cash,SATTI_MALL
2007-03-17,Small Tool Purchase,PC-699,,3679.0,-54193.0,petty_cash\SATTI_MALL_PettyCash_Mar2007.xlsx,petty_cash,SATTI_MALL
2007-03-18,Misc Stationery,PC-809,,10713.0,-64906.0,petty_cash\SATTI_MALL_PettyCash_Mar2007.xlsx,petty_cash,SATTI_MALL
Closing Balance:,,,,,0.0,petty_cash\SATTI_MALL_PettyCash_Mar2007.xlsx,petty_cash,SATTI_MALL
2006-05-01,Postage,PC-126,,11073.0,5607.0,petty_cash\SATTI_MALL_PettyCash_May2006.xlsx,petty_cash,SATTI_MALL
2006-05-02,Emergency Repair,PC-347,2826.0,,8433.0,petty_cash\SATTI_MALL_PettyCash_May2006.xlsx,petty_cash,SATTI_MALL
2006-05-03,Water Supply,PC-321,,10273.0,-1840.0,petty_cash\SATTI_MALL_PettyCash_May2006.xlsx,petty_cash,SATTI_MALL
2006-05-04,Courier Charges,PC-654,,13908.0,-15748.0,petty_cash\SATTI_MALL_PettyCash_May2006.xlsx,petty_cash,SATTI_MALL
2006-05-05,Site Cleaning,PC-534,,4680.0,-20428.0,petty_cash\SATTI_MALL_PettyCash_May2006.xlsx,petty_cash,SATTI_MALL
2006-05-06,Water Supply,PC-733,8248.0,,-12180.0,petty_cash\SATTI_MALL_PettyCash_May2006.xlsx,petty_cash,SATTI_MALL
2006-05-07,Water Supply,PC-001,,4844.0,,petty_cash\SATTI_MALL_PettyCash_May2006.xlsx,petty_cash,SATTI_MALL
2006-05-08,Misc Stationery,PC-809,,12848.0,-29872.0,petty_cash\SATTI_MALL_PettyCash_May2006.xlsx,petty_cash,SATTI_MALL
2006-05-09,Security Tip,PC-302,,1215.0,-31087.0,petty_cash\SATTI_MALL_PettyCash_May2006.xlsx,petty_cash,SATTI_MALL
2006-05-10,Site Cleaning,PC-573,,1571.0,-32658.0,petty_cash\SATTI_MALL_PettyCash_May2006.xlsx,petty_cash,SATTI_MALL
2006-05-11,Postage,PC-582,,9047.0,,petty_cash\SATTI_MALL_PettyCash_May2006.xlsx,petty_cash,SATTI_MALL
2006-05-12,Site Cleaning,PC-038,,11809.0,-53514.0,petty_cash\SATTI_MALL_PettyCash_May2006.xlsx,petty_cash,SATTI_MALL
2006-05-13,Postage,PC-228,,11147.0,-64661.0,petty_cash\SATTI_MALL_PettyCash_May2006.xlsx,petty_cash,SATTI_MALL
2006-05-14,Emergency Repair,PC-677,,7625.0,-72286.0,petty_cash\SATTI_MALL_PettyCash_May2006.xlsx,petty_cash,SATTI_MALL
2006-05-15,Photocopies,PC-612,4806.0,,,petty_cash\SATTI_MALL_PettyCash_May2006.xlsx,petty_cash,SATTI_MALL
2006-05-16,Small Tool Purchase,PC-929,,14382.0,-81862.0,petty_cash\SATTI_MALL_PettyCash_May2006.xlsx,petty_cash,SATTI_MALL
2006-05-17,Garbage Removal,PC-934,,456.0,-82318.0,petty_cash\SATTI_MALL_PettyCash_May2006.xlsx,petty_cash,SATTI_MALL
Closing Balance:,,,,,,petty_cash\SATTI_MALL_PettyCash_May2006.xlsx,petty_cash,SATTI_MALL
2007-05-01,Emergency Repair,PC-641,,12340.0,18732.0,petty_cash\SATTI_MALL_PettyCash_May2007.xlsx,petty_cash,SATTI_MALL
2007-05-02,Phone Balance,PC-588,,,28147.0,petty_cash\SATTI_MALL_PettyCash_May2007.xlsx,petty_cash,SATTI_MALL
2007-05-03,Garbage Removal,PC-706,,6270.0,21877.0,petty_cash\SATTI_MALL_PettyCash_May2007.xlsx,petty_cash,SATTI_MALL
2007-05-04,Small Tool Purchase,PC-505,,7026.0,14851.0,petty_cash\SATTI_MALL_PettyCash_May2007.xlsx,petty_cash,SATTI_MALL
2007-05-05,Courier Charges,PC-214,,8473.0,6378.0,petty_cash\SATTI_MALL_PettyCash_May2007.xlsx,petty_cash,SATTI_MALL
2007-05-06,Postage,PC-355,,9015.0,-2637.0,petty_cash\SATTI_MALL_PettyCash_May2007.xlsx,petty_cash,SATTI_MALL
2007-05-07,Small Tool Purchase,PC-819,,,5669.0,petty_cash\SATTI_MALL_PettyCash_May2007.xlsx,petty_cash,SATTI_MALL
2007-05-08,Postage,PC-622,,3041.0,2628.0,petty_cash\SATTI_MALL_PettyCash_May2007.xlsx,petty_cash,SATTI_MALL
2007-05-09,Tea & Refreshment,PC-034,,5577.0,-2949.0,petty_cash\SATTI_MALL_PettyCash_May2007.xlsx,petty_cash,SATTI_MALL
2007-05-10,Tea & Refreshment,PC-316,,,,petty_cash\SATTI_MALL_PettyCash_May2007.xlsx,petty_cash,SATTI_MALL
2007-05-11,Photocopies,PC-777,,7591.0,-5782.0,petty_cash\SATTI_MALL_PettyCash_May2007.xlsx,petty_cash,SATTI_MALL
2007-05-12,Water Supply,PC-538,238.0,,-5544.0,petty_cash\SATTI_MALL_PettyCash_May2007.xlsx,petty_cash,SATTI_MALL
2007-05-13,Rickshaw Fare,PC-846,,13630.0,-19174.0,petty_cash\SATTI_MALL_PettyCash_May2007.xlsx,petty_cash,SATTI_MALL
2007-05-14,Newspaper,PC-618,,14715.0,-33889.0,petty_cash\SATTI_MALL_PettyCash_May2007.xlsx,petty_cash,SATTI_MALL
2007-05-15,Newspaper,PC-945,,3518.0,-37407.0,petty_cash\SATTI_MALL_PettyCash_May2007.xlsx,petty_cash,SATTI_MALL
2007-05-16,Misc Stationery,PC-397,,,-44441.0,petty_cash\SATTI_MALL_PettyCash_May2007.xlsx,petty_cash,SATTI_MALL
2007-05-17,Emergency Repair,PC-186,,,,petty_cash\SATTI_MALL_PettyCash_May2007.xlsx,petty_cash,SATTI_MALL
2007-05-18,Tea & Refreshment,PC-373,,10184.0,-56574.0,petty_cash\SATTI_MALL_PettyCash_May2007.xlsx,petty_cash,SATTI_MALL
2007-05-19,Rickshaw Fare,PC-934,,2542.0,-59116.0,petty_cash\SATTI_MALL_PettyCash_May2007.xlsx,petty_cash,SATTI_MALL
2007-05-20,Site Cleaning,PC-371,,11343.0,,petty_cash\SATTI_MALL_PettyCash_May2007.xlsx,petty_cash,SATTI_MALL
Closing Balance:,,,,,0.0,petty_cash\SATTI_MALL_PettyCash_May2007.xlsx,petty_cash,SATTI_MALL
2006-11-01,Emergency Repair,PC-986,,412.0,44644.0,petty_cash\SATTI_MALL_PettyCash_Nov2006.xlsx,petty_cash,SATTI_MALL
2006-11-02,Courier Charges,PC-777,,5944.0,38700.0,petty_cash\SATTI_MALL_PettyCash_Nov2006.xlsx,petty_cash,SATTI_MALL
2006-11-03,Emergency Repair,PC-195,,6644.0,32056.0,petty_cash\SATTI_MALL_PettyCash_Nov2006.xlsx,petty_cash,SATTI_MALL
2006-11-04,Small Tool Purchase,PC-609,,6120.0,25936.0,petty_cash\SATTI_MALL_PettyCash_Nov2006.xlsx,petty_cash,SATTI_MALL
2006-11-05,Petrol,PC-379,,,25056.0,petty_cash\SATTI_MALL_PettyCash_Nov2006.xlsx,petty_cash,SATTI_MALL
2006-11-06,Tea & Refreshment,PC-162,,10320.0,14736.0,petty_cash\SATTI_MALL_PettyCash_Nov2006.xlsx,petty_cash,SATTI_MALL
2006-11-07,Courier Charges,PC-735,,2156.0,12580.0,petty_cash\SATTI_MALL_PettyCash_Nov2006.xlsx,petty_cash,SATTI_MALL
2006-11-08,Site Cleaning,PC-848,,5235.0,7345.0,petty_cash\SATTI_MALL_PettyCash_Nov2006.xlsx,petty_cash,SATTI_MALL
2006-11-09,Small Tool Purchase,PC-858,,11228.0,-3883.0,petty_cash\SATTI_MALL_PettyCash_Nov2006.xlsx,petty_cash,SATTI_MALL
2006-11-10,Site Cleaning,PC-979,2860.0,,-1023.0,petty_cash\SATTI_MALL_PettyCash_Nov2006.xlsx,petty_cash,SATTI_MALL
2006-11-11,Water Supply,PC-919,5528.0,,4505.0,petty_cash\SATTI_MALL_PettyCash_Nov2006.xlsx,petty_cash,SATTI_MALL
2006-11-12,Rickshaw Fare,PC-381,1962.0,,6467.0,petty_cash\SATTI_MALL_PettyCash_Nov2006.xlsx,petty_cash,SATTI_MALL
2006-11-13,Newspaper,PC-153,,3603.0,2864.0,petty_cash\SATTI_MALL_PettyCash_Nov2006.xlsx,petty_cash,SATTI_MALL
2006-11-14,Courier Charges,PC-905,,298.0,2566.0,petty_cash\SATTI_MALL_PettyCash_Nov2006.xlsx,petty_cash,SATTI_MALL
2006-11-15,Misc Stationery,PC-743,,13359.0,-10793.0,petty_cash\SATTI_MALL_PettyCash_Nov2006.xlsx,petty_cash,SATTI_MALL
2006-11-16,Rickshaw Fare,PC-883,,12022.0,-22815.0,petty_cash\SATTI_MALL_PettyCash_Nov2006.xlsx,petty_cash,SATTI_MALL
2006-11-17,Rickshaw Fare,PC-712,,7778.0,-30593.0,petty_cash\SATTI_MALL_PettyCash_Nov2006.xlsx,petty_cash,SATTI_MALL
2006-11-18,Phone Balance,PC-606,,13164.0,-43757.0,petty_cash\SATTI_MALL_PettyCash_Nov2006.xlsx,petty_cash,SATTI_MALL
2006-11-19,Courier Charges,PC-951,,11394.0,-55151.0,petty_cash\SATTI_MALL_PettyCash_Nov2006.xlsx,petty_cash,SATTI_MALL
Closing Balance:,,,,,0.0,petty_cash\SATTI_MALL_PettyCash_Nov2006.xlsx,petty_cash,SATTI_MALL
2007-11-01,Small Tool Purchase,PC-993,,11015.0,28246.0,petty_cash\SATTI_MALL_PettyCash_Nov2007.xlsx,petty_cash,SATTI_MALL
2007-11-02,Phone Balance,PC-219,,11578.0,16668.0,petty_cash\SATTI_MALL_PettyCash_Nov2007.xlsx,petty_cash,SATTI_MALL
2007-11-03,Security Tip,PC-299,,10240.0,6428.0,petty_cash\SATTI_MALL_PettyCash_Nov2007.xlsx,petty_cash,SATTI_MALL
2007-11-04,Misc Stationery,PC-121,,9292.0,-2864.0,petty_cash\SATTI_MALL_PettyCash_Nov2007.xlsx,petty_cash,SATTI_MALL
2007-11-05,Emergency Repair,PC-400,,11920.0,-14784.0,petty_cash\SATTI_MALL_PettyCash_Nov2007.xlsx,petty_cash,SATTI_MALL
2007-11-06,Water Supply,PC-532,,6535.0,-21319.0,petty_cash\SATTI_MALL_PettyCash_Nov2007.xlsx,petty_cash,SATTI_MALL
2007-11-07,Rickshaw Fare,PC-911,,4064.0,-25383.0,petty_cash\SATTI_MALL_PettyCash_Nov2007.xlsx,petty_cash,SATTI_MALL
2007-11-08,Postage,PC-221,,,,petty_cash\SATTI_MALL_PettyCash_Nov2007.xlsx,petty_cash,SATTI_MALL
2007-11-09,Garbage Removal,PC-381,,7025.0,-47356.0,petty_cash\SATTI_MALL_PettyCash_Nov2007.xlsx,petty_cash,SATTI_MALL
2007-11-10,Postage,PC-800,,6465.0,-53821.0,petty_cash\SATTI_MALL_PettyCash_Nov2007.xlsx,petty_cash,SATTI_MALL
2007-11-11,Tea & Refreshment,PC-921,,13699.0,-67520.0,petty_cash\SATTI_MALL_PettyCash_Nov2007.xlsx,petty_cash,SATTI_MALL
2007-11-12,Misc Stationery,PC-022,,5840.0,,petty_cash\SATTI_MALL_PettyCash_Nov2007.xlsx,petty_cash,SATTI_MALL
2007-11-13,Petrol,PC-362,,12775.0,-86135.0,petty_cash\SATTI_MALL_PettyCash_Nov2007.xlsx,petty_cash,SATTI_MALL
2007-11-14,Postage,PC-121,9039.0,,-77096.0,petty_cash\SATTI_MALL_PettyCash_Nov2007.xlsx,petty_cash,SATTI_MALL
2007-11-15,Newspaper,PC-475,,12104.0,-89200.0,petty_cash\SATTI_MALL_PettyCash_Nov2007.xlsx,petty_cash,SATTI_MALL
2007-11-16,Postage,PC-366,14625.0,,-74575.0,petty_cash\SATTI_MALL_PettyCash_Nov2007.xlsx,petty_cash,SATTI_MALL
2007-11-17,Photocopies,PC-206,,525.0,-75100.0,petty_cash\SATTI_MALL_PettyCash_Nov2007.xlsx,petty_cash,SATTI_MALL
2007-11-18,Water Supply,PC-875,,11419.0,-86519.0,petty_cash\SATTI_MALL_PettyCash_Nov2007.xlsx,petty_cash,SATTI_MALL
Closing Balance:,,,,,0.0,petty_cash\SATTI_MALL_PettyCash_Nov2007.xlsx,petty_cash,SATTI_MALL
2006-09-01,Emergency Repair,PC-014,,13371.0,27000.0,petty_cash\SATTI_MALL_PettyCash_Sep2006.xlsx,petty_cash,SATTI_MALL
2006-09-02,Small Tool Purchase,PC-719,,829.0,26171.0,petty_cash\SATTI_MALL_PettyCash_Sep2006.xlsx,petty_cash,SATTI_MALL
2006-09-03,Emergency Repair,PC-566,764.0,,26935.0,petty_cash\SATTI_MALL_PettyCash_Sep2006.xlsx,petty_cash,SATTI_MALL
2006-09-04,Garbage Removal,PC-361,,4351.0,22584.0,petty_cash\SATTI_MALL_PettyCash_Sep2006.xlsx,petty_cash,SATTI_MALL
2006-09-05,Site Cleaning,PC-849,,12775.0,9809.0,petty_cash\SATTI_MALL_PettyCash_Sep2006.xlsx,petty_cash,SATTI_MALL
2006-09-06,Site Cleaning,PC-408,,6960.0,2849.0,petty_cash\SATTI_MALL_PettyCash_Sep2006.xlsx,petty_cash,SATTI_MALL
2006-09-07,Security Tip,PC-357,,8286.0,-5437.0,petty_cash\SATTI_MALL_PettyCash_Sep2006.xlsx,petty_cash,SATTI_MALL
2006-09-08,Courier Charges,PC-313,14745.0,,9308.0,petty_cash\SATTI_MALL_PettyCash_Sep2006.xlsx,petty_cash,SATTI_MALL
2006-09-09,Garbage Removal,PC-881,,5514.0,3794.0,petty_cash\SATTI_MALL_PettyCash_Sep2006.xlsx,petty_cash,SATTI_MALL
2006-09-10,Emergency Repair,PC-643,,3020.0,774.0,petty_cash\SATTI_MALL_PettyCash_Sep2006.xlsx,petty_cash,SATTI_MALL
2006-09-11,Postage,PC-826,,,-693.0,petty_cash\SATTI_MALL_PettyCash_Sep2006.xlsx,petty_cash,SATTI_MALL
2006-09-12,Phone Balance,PC-143,,14514.0,-15207.0,petty_cash\SATTI_MALL_PettyCash_Sep2006.xlsx,petty_cash,SATTI_MALL
Closing Balance:,,,,,0.0,petty_cash\SATTI_MALL_PettyCash_Sep2006.xlsx,petty_cash,SATTI_MALL
2007-09-01,Water Supply,PC-264,,12200.0,-7141.0,petty_cash\SATTI_MALL_PettyCash_Sep2007.xlsx,petty_cash,SATTI_MALL
2007-09-02,Petrol,PC-370,,13217.0,-20358.0,petty_cash\SATTI_MALL_PettyCash_Sep2007.xlsx,petty_cash,SATTI_MALL
2007-09-03,Misc Stationery,PC-913,,6592.0,-26950.0,petty_cash\SATTI_MALL_PettyCash_Sep2007.xlsx,petty_cash,SATTI_MALL
2007-09-04,Emergency Repair,PC-977,,4144.0,-31094.0,petty_cash\SATTI_MALL_PettyCash_Sep2007.xlsx,petty_cash,SATTI_MALL
2007-09-05,Photocopies,PC-926,,,-43885.0,petty_cash\SATTI_MALL_PettyCash_Sep2007.xlsx,petty_cash,SATTI_MALL
2007-09-06,Site Cleaning,PC-609,,4114.0,-47999.0,petty_cash\SATTI_MALL_PettyCash_Sep2007.xlsx,petty_cash,SATTI_MALL
2007-09-07,Security Tip,PC-072,,4398.0,-52397.0,petty_cash\SATTI_MALL_PettyCash_Sep2007.xlsx,petty_cash,SATTI_MALL
2007-09-08,Phone Balance,PC-824,,6656.0,-59053.0,petty_cash\SATTI_MALL_PettyCash_Sep2007.xlsx,petty_cash,SATTI_MALL
2007-09-09,Small Tool Purchase,PC-269,,5998.0,-65051.0,petty_cash\SATTI_MALL_PettyCash_Sep2007.xlsx,petty_cash,SATTI_MALL
2007-09-10,Misc Stationery,PC-242,,3192.0,-68243.0,petty_cash\SATTI_MALL_PettyCash_Sep2007.xlsx,petty_cash,SATTI_MALL
2007-09-11,Site Cleaning,PC-458,,3381.0,-71624.0,petty_cash\SATTI_MALL_PettyCash_Sep2007.xlsx,petty_cash,SATTI_MALL
2007-09-12,Misc Stationery,PC-876,,8016.0,-79640.0,petty_cash\SATTI_MALL_PettyCash_Sep2007.xlsx,petty_cash,SATTI_MALL
2007-09-13,Newspaper,PC-703,,11410.0,,petty_cash\SATTI_MALL_PettyCash_Sep2007.xlsx,petty_cash,SATTI_MALL
2007-09-14,Security Tip,PC-541,,10948.0,-101998.0,petty_cash\SATTI_MALL_PettyCash_Sep2007.xlsx,petty_cash,SATTI_MALL
2007-09-15,Security Tip,PC-937,1461.0,,-100537.0,petty_cash\SATTI_MALL_PettyCash_Sep2007.xlsx,petty_cash,SATTI_MALL
2007-09-16,Misc Stationery,PC-905,,9076.0,-109613.0,petty_cash\SATTI_MALL_PettyCash_Sep2007.xlsx,petty_cash,SATTI_MALL
2007-09-17,Misc Stationery,PC-504,,1825.0,-111438.0,petty_cash\SATTI_MALL_PettyCash_Sep2007.xlsx,petty_cash,SATTI_MALL
2007-09-18,Newspaper,PC-105,,14488.0,-125926.0,petty_cash\SATTI_MALL_PettyCash_Sep2007.xlsx,petty_cash,SATTI_MALL
2007-09-19,Garbage Removal,PC-513,,7574.0,-133500.0,petty_cash\SATTI_MALL_PettyCash_Sep2007.xlsx,petty_cash,SATTI_MALL
2007-09-20,Phone Balance,PC-593,,14692.0,-148192.0,petty_cash\SATTI_MALL_PettyCash_Sep2007.xlsx,petty_cash,SATTI_MALL
2007-09-21,Site Cleaning,PC-122,,12706.0,-160898.0,petty_cash\SATTI_MALL_PettyCash_Sep2007.xlsx,petty_cash,SATTI_MALL
Closing Balance:,,,,,0.0,petty_cash\SATTI_MALL_PettyCash_Sep2007.xlsx,petty_cash,SATTI_MALL
2011-04-01,Security Tip,PC-334,,13295.0,16653.0,petty_cash\SATTI_PLAZA_PettyCash_Apr2011.xlsx,petty_cash,SATTI_PLAZA
2011-04-02,Water Supply,PC-298,,4464.0,12189.0,petty_cash\SATTI_PLAZA_PettyCash_Apr2011.xlsx,petty_cash,SATTI_PLAZA
2011-04-03,Postage,PC-953,,12790.0,-601.0,petty_cash\SATTI_PLAZA_PettyCash_Apr2011.xlsx,petty_cash,SATTI_PLAZA
2011-04-04,Misc Stationery,PC-378,,11649.0,-12250.0,petty_cash\SATTI_PLAZA_PettyCash_Apr2011.xlsx,petty_cash,SATTI_PLAZA
2011-04-05,Water Supply,PC-138,,,-19965.0,petty_cash\SATTI_PLAZA_PettyCash_Apr2011.xlsx,petty_cash,SATTI_PLAZA
2011-04-06,Security Tip,PC-463,,6816.0,-26781.0,petty_cash\SATTI_PLAZA_PettyCash_Apr2011.xlsx,petty_cash,SATTI_PLAZA
2011-04-07,Site Cleaning,PC-291,,13133.0,-39914.0,petty_cash\SATTI_PLAZA_PettyCash_Apr2011.xlsx,petty_cash,SATTI_PLAZA
2011-04-08,Water Supply,PC-601,,12803.0,-52717.0,petty_cash\SATTI_PLAZA_PettyCash_Apr2011.xlsx,petty_cash,SATTI_PLAZA
2011-04-09,Phone Balance,PC-064,,770.0,-53487.0,petty_cash\SATTI_PLAZA_PettyCash_Apr2011.xlsx,petty_cash,SATTI_PLAZA
2011-04-10,Small Tool Purchase,PC-853,,14752.0,-68239.0,petty_cash\SATTI_PLAZA_PettyCash_Apr2011.xlsx,petty_cash,SATTI_PLAZA
2011-04-11,Water Supply,PC-866,,4124.0,-72363.0,petty_cash\SATTI_PLAZA_PettyCash_Apr2011.xlsx,petty_cash,SATTI_PLAZA
2011-04-12,Petrol,PC-675,,5246.0,,petty_cash\SATTI_PLAZA_PettyCash_Apr2011.xlsx,petty_cash,SATTI_PLAZA
2011-04-13,Garbage Removal,PC-031,,3471.0,-81080.0,petty_cash\SATTI_PLAZA_PettyCash_Apr2011.xlsx,petty_cash,SATTI_PLAZA
2011-04-14,Tea & Refreshment,PC-385,,11067.0,,petty_cash\SATTI_PLAZA_PettyCash_Apr2011.xlsx,petty_cash,SATTI_PLAZA
2011-04-15,Photocopies,PC-696,,2465.0,,petty_cash\SATTI_PLAZA_PettyCash_Apr2011.xlsx,petty_cash,SATTI_PLAZA
2011-04-16,Site Cleaning,PC-972,4389.0,,-90223.0,petty_cash\SATTI_PLAZA_PettyCash_Apr2011.xlsx,petty_cash,SATTI_PLAZA
2011-04-17,Newspaper,PC-839,13615.0,,-76608.0,petty_cash\SATTI_PLAZA_PettyCash_Apr2011.xlsx,petty_cash,SATTI_PLAZA
2011-04-18,Emergency Repair,PC-297,,8424.0,-85032.0,petty_cash\SATTI_PLAZA_PettyCash_Apr2011.xlsx,petty_cash,SATTI_PLAZA
2011-04-19,Petrol,PC-821,,5580.0,-90612.0,petty_cash\SATTI_PLAZA_PettyCash_Apr2011.xlsx,petty_cash,SATTI_PLAZA
2011-04-20,Misc Stationery,PC-209,,14554.0,-105166.0,petty_cash\SATTI_PLAZA_PettyCash_Apr2011.xlsx,petty_cash,SATTI_PLAZA
2011-04-21,Emergency Repair,PC-425,,14564.0,-119730.0,petty_cash\SATTI_PLAZA_PettyCash_Apr2011.xlsx,petty_cash,SATTI_PLAZA
2011-04-22,Tea & Refreshment,PC-309,,5471.0,-125201.0,petty_cash\SATTI_PLAZA_PettyCash_Apr2011.xlsx,petty_cash,SATTI_PLAZA
2011-04-23,Tea & Refreshment,PC-301,,11435.0,-136636.0,petty_cash\SATTI_PLAZA_PettyCash_Apr2011.xlsx,petty_cash,SATTI_PLAZA
2011-04-24,Small Tool Purchase,PC-329,,,-146907.0,petty_cash\SATTI_PLAZA_PettyCash_Apr2011.xlsx,petty_cash,SATTI_PLAZA
2011-04-25,Misc Stationery,PC-401,,8829.0,-155736.0,petty_cash\SATTI_PLAZA_PettyCash_Apr2011.xlsx,petty_cash,SATTI_PLAZA
2011-04-26,Misc Stationery,PC-892,,10288.0,-166024.0,petty_cash\SATTI_PLAZA_PettyCash_Apr2011.xlsx,petty_cash,SATTI_PLAZA
2011-04-27,Garbage Removal,PC-531,,14344.0,-180368.0,petty_cash\SATTI_PLAZA_PettyCash_Apr2011.xlsx,petty_cash,SATTI_PLAZA
Closing Balance:,,,,,0.0,petty_cash\SATTI_PLAZA_PettyCash_Apr2011.xlsx,petty_cash,SATTI_PLAZA
2012-04-01,Petrol,PC-544,,4950.0,25030.0,petty_cash\SATTI_PLAZA_PettyCash_Apr2012.xlsx,petty_cash,SATTI_PLAZA
2012-04-02,Misc Stationery,PC-338,,5734.0,19296.0,petty_cash\SATTI_PLAZA_PettyCash_Apr2012.xlsx,petty_cash,SATTI_PLAZA
2012-04-03,Newspaper,PC-284,2209.0,,21505.0,petty_cash\SATTI_PLAZA_PettyCash_Apr2012.xlsx,petty_cash,SATTI_PLAZA
2012-04-04,Photocopies,PC-572,,2034.0,19471.0,petty_cash\SATTI_PLAZA_PettyCash_Apr2012.xlsx,petty_cash,SATTI_PLAZA
2012-04-05,Site Cleaning,PC-126,,4498.0,14973.0,petty_cash\SATTI_PLAZA_PettyCash_Apr2012.xlsx,petty_cash,SATTI_PLAZA
2012-04-06,Misc Stationery,PC-085,,2234.0,12739.0,petty_cash\SATTI_PLAZA_PettyCash_Apr2012.xlsx,petty_cash,SATTI_PLAZA
2012-04-07,Emergency Repair,PC-251,,14004.0,-1265.0,petty_cash\SATTI_PLAZA_PettyCash_Apr2012.xlsx,petty_cash,SATTI_PLAZA
2012-04-08,Security Tip,PC-777,,6703.0,-7968.0,petty_cash\SATTI_PLAZA_PettyCash_Apr2012.xlsx,petty_cash,SATTI_PLAZA
2012-04-09,Phone Balance,PC-743,,10452.0,-18420.0,petty_cash\SATTI_PLAZA_PettyCash_Apr2012.xlsx,petty_cash,SATTI_PLAZA
2012-04-10,Garbage Removal,PC-129,,3217.0,-21637.0,petty_cash\SATTI_PLAZA_PettyCash_Apr2012.xlsx,petty_cash,SATTI_PLAZA
2012-04-11,Small Tool Purchase,PC-948,,5376.0,-27013.0,petty_cash\SATTI_PLAZA_PettyCash_Apr2012.xlsx,petty_cash,SATTI_PLAZA
2012-04-12,Postage,PC-145,,,-27682.0,petty_cash\SATTI_PLAZA_PettyCash_Apr2012.xlsx,petty_cash,SATTI_PLAZA
2012-04-13,Misc Stationery,PC-390,,11049.0,-38731.0,petty_cash\SATTI_PLAZA_PettyCash_Apr2012.xlsx,petty_cash,SATTI_PLAZA
2012-04-14,Photocopies,PC-904,,14879.0,,petty_cash\SATTI_PLAZA_PettyCash_Apr2012.xlsx,petty_cash,SATTI_PLAZA
2012-04-15,Garbage Removal,PC-847,8130.0,,-45480.0,petty_cash\SATTI_PLAZA_PettyCash_Apr2012.xlsx,petty_cash,SATTI_PLAZA
2012-04-16,Tea & Refreshment,PC-410,,4868.0,-50348.0,petty_cash\SATTI_PLAZA_PettyCash_Apr2012.xlsx,petty_cash,SATTI_PLAZA
2012-04-17,Rickshaw Fare,PC-273,,9720.0,-60068.0,petty_cash\SATTI_PLAZA_PettyCash_Apr2012.xlsx,petty_cash,SATTI_PLAZA
2012-04-18,Security Tip,PC-499,4638.0,,-55430.0,petty_cash\SATTI_PLAZA_PettyCash_Apr2012.xlsx,petty_cash,SATTI_PLAZA
2012-04-19,Security Tip,PC-599,,5362.0,-60792.0,petty_cash\SATTI_PLAZA_PettyCash_Apr2012.xlsx,petty_cash,SATTI_PLAZA
2012-04-20,Courier Charges,PC-518,7964.0,,-52828.0,petty_cash\SATTI_PLAZA_PettyCash_Apr2012.xlsx,petty_cash,SATTI_PLAZA
2012-04-21,Newspaper,PC-117,,14083.0,-66911.0,petty_cash\SATTI_PLAZA_PettyCash_Apr2012.xlsx,petty_cash,SATTI_PLAZA
2012-04-22,Site Cleaning,PC-460,,8876.0,-75787.0,petty_cash\SATTI_PLAZA_PettyCash_Apr2012.xlsx,petty_cash,SATTI_PLAZA
2012-04-23,Courier Charges,PC-092,,9586.0,-85373.0,petty_cash\SATTI_PLAZA_PettyCash_Apr2012.xlsx,petty_cash,SATTI_PLAZA
2012-04-24,Petrol,PC-055,6979.0,,-78394.0,petty_cash\SATTI_PLAZA_PettyCash_Apr2012.xlsx,petty_cash,SATTI_PLAZA
2012-04-25,Garbage Removal,PC-704,,12655.0,-91049.0,petty_cash\SATTI_PLAZA_PettyCash_Apr2012.xlsx,petty_cash,SATTI_PLAZA
2012-04-26,Rickshaw Fare,PC-427,,13647.0,,petty_cash\SATTI_PLAZA_PettyCash_Apr2012.xlsx,petty_cash,SATTI_PLAZA
Closing Balance:,,,,,0.0,petty_cash\SATTI_PLAZA_PettyCash_Apr2012.xlsx,petty_cash,SATTI_PLAZA
2013-04-01,Rickshaw Fare,PC-327,,1930.0,24515.0,petty_cash\SATTI_PLAZA_PettyCash_Apr2013.xlsx,petty_cash,SATTI_PLAZA
2013-04-02,Newspaper,PC-755,,12470.0,12045.0,petty_cash\SATTI_PLAZA_PettyCash_Apr2013.xlsx,petty_cash,SATTI_PLAZA
2013-04-03,Garbage Removal,PC-703,,8171.0,3874.0,petty_cash\SATTI_PLAZA_PettyCash_Apr2013.xlsx,petty_cash,SATTI_PLAZA
2013-04-04,Water Supply,PC-694,,11727.0,-7853.0,petty_cash\SATTI_PLAZA_PettyCash_Apr2013.xlsx,petty_cash,SATTI_PLAZA
2013-04-05,Emergency Repair,PC-327,13170.0,,,petty_cash\SATTI_PLAZA_PettyCash_Apr2013.xlsx,petty_cash,SATTI_PLAZA
2013-04-06,Small Tool Purchase,PC-653,,11555.0,-6238.0,petty_cash\SATTI_PLAZA_PettyCash_Apr2013.xlsx,petty_cash,SATTI_PLAZA
2013-04-07,Rickshaw Fare,PC-848,5553.0,,-685.0,petty_cash\SATTI_PLAZA_PettyCash_Apr2013.xlsx,petty_cash,SATTI_PLAZA
2013-04-08,Newspaper,PC-578,,6831.0,-7516.0,petty_cash\SATTI_PLAZA_PettyCash_Apr2013.xlsx,petty_cash,SATTI_PLAZA
2013-04-09,Petrol,PC-918,,4847.0,-12363.0,petty_cash\SATTI_PLAZA_PettyCash_Apr2013.xlsx,petty_cash,SATTI_PLAZA
2013-04-10,Courier Charges,PC-787,,,-26823.0,petty_cash\SATTI_PLAZA_PettyCash_Apr2013.xlsx,petty_cash,SATTI_PLAZA
Closing Balance:,,,,,0.0,petty_cash\SATTI_PLAZA_PettyCash_Apr2013.xlsx,petty_cash,SATTI_PLAZA
2014-04-01,Phone Balance,PC-570,,14536.0,33103.0,petty_cash\SATTI_PLAZA_PettyCash_Apr2014.xlsx,petty_cash,SATTI_PLAZA
2014-04-02,Security Tip,PC-886,,7759.0,25344.0,petty_cash\SATTI_PLAZA_PettyCash_Apr2014.xlsx,petty_cash,SATTI_PLAZA
2014-04-03,Postage,PC-078,,6808.0,18536.0,petty_cash\SATTI_PLAZA_PettyCash_Apr2014.xlsx,petty_cash,SATTI_PLAZA
2014-04-04,Newspaper,PC-155,,6664.0,11872.0,petty_cash\SATTI_PLAZA_PettyCash_Apr2014.xlsx,petty_cash,SATTI_PLAZA
2014-04-05,Postage,PC-461,,3695.0,8177.0,petty_cash\SATTI_PLAZA_PettyCash_Apr2014.xlsx,petty_cash,SATTI_PLAZA
2014-04-06,Photocopies,PC-286,,975.0,7202.0,petty_cash\SATTI_PLAZA_PettyCash_Apr2014.xlsx,petty_cash,SATTI_PLAZA
2014-04-07,Newspaper,PC-687,,4136.0,3066.0,petty_cash\SATTI_PLAZA_PettyCash_Apr2014.xlsx,petty_cash,SATTI_PLAZA
2014-04-08,Garbage Removal,PC-450,,14736.0,-11670.0,petty_cash\SATTI_PLAZA_PettyCash_Apr2014.xlsx,petty_cash,SATTI_PLAZA
2014-04-09,Postage,PC-206,,7341.0,-19011.0,petty_cash\SATTI_PLAZA_PettyCash_Apr2014.xlsx,petty_cash,SATTI_PLAZA
2014-04-10,Emergency Repair,PC-594,,5724.0,-24735.0,petty_cash\SATTI_PLAZA_PettyCash_Apr2014.xlsx,petty_cash,SATTI_PLAZA
2014-04-11,Tea & Refreshment,PC-854,,2266.0,-27001.0,petty_cash\SATTI_PLAZA_PettyCash_Apr2014.xlsx,petty_cash,SATTI_PLAZA
2014-04-12,Photocopies,PC-481,,14239.0,-41240.0,petty_cash\SATTI_PLAZA_PettyCash_Apr2014.xlsx,petty_cash,SATTI_PLAZA
2014-04-13,Garbage Removal,PC-496,5590.0,,,petty_cash\SATTI_PLAZA_PettyCash_Apr2014.xlsx,petty_cash,SATTI_PLAZA
2014-04-14,Emergency Repair,PC-350,,598.0,-36248.0,petty_cash\SATTI_PLAZA_PettyCash_Apr2014.xlsx,petty_cash,SATTI_PLAZA
2014-04-15,Site Cleaning,PC-240,,8887.0,,petty_cash\SATTI_PLAZA_PettyCash_Apr2014.xlsx,petty_cash,SATTI_PLAZA
2014-04-16,Tea & Refreshment,PC-595,,5834.0,-50969.0,petty_cash\SATTI_PLAZA_PettyCash_Apr2014.xlsx,petty_cash,SATTI_PLAZA
2014-04-17,Phone Balance,PC-831,,5138.0,-56107.0,petty_cash\SATTI_PLAZA_PettyCash_Apr2014.xlsx,petty_cash,SATTI_PLAZA
2014-04-18,Tea & Refreshment,PC-208,14315.0,,-41792.0,petty_cash\SATTI_PLAZA_PettyCash_Apr2014.xlsx,petty_cash,SATTI_PLAZA
2014-04-19,Site Cleaning,PC-670,,9626.0,-51418.0,petty_cash\SATTI_PLAZA_PettyCash_Apr2014.xlsx,petty_cash,SATTI_PLAZA
2014-04-20,Rickshaw Fare,PC-632,,14056.0,-65474.0,petty_cash\SATTI_PLAZA_PettyCash_Apr2014.xlsx,petty_cash,SATTI_PLAZA
2014-04-21,Security Tip,PC-989,,12080.0,-77554.0,petty_cash\SATTI_PLAZA_PettyCash_Apr2014.xlsx,petty_cash,SATTI_PLAZA
Closing Balance:,,,,,0.0,petty_cash\SATTI_PLAZA_PettyCash_Apr2014.xlsx,petty_cash,SATTI_PLAZA
2011-08-01,Petrol,PC-268,,7289.0,3640.0,petty_cash\SATTI_PLAZA_PettyCash_Aug2011.xlsx,petty_cash,SATTI_PLAZA
2011-08-02,Misc Stationery,PC-170,,6331.0,-2691.0,petty_cash\SATTI_PLAZA_PettyCash_Aug2011.xlsx,petty_cash,SATTI_PLAZA
2011-08-03,Misc Stationery,PC-904,,6629.0,,petty_cash\SATTI_PLAZA_PettyCash_Aug2011.xlsx,petty_cash,SATTI_PLAZA
2011-08-04,Newspaper,PC-523,2434.0,,-6886.0,petty_cash\SATTI_PLAZA_PettyCash_Aug2011.xlsx,petty_cash,SATTI_PLAZA
2011-08-05,Tea & Refreshment,PC-256,5656.0,,-1230.0,petty_cash\SATTI_PLAZA_PettyCash_Aug2011.xlsx,petty_cash,SATTI_PLAZA
2011-08-06,Newspaper,PC-967,,8010.0,-9240.0,petty_cash\SATTI_PLAZA_PettyCash_Aug2011.xlsx,petty_cash,SATTI_PLAZA
2011-08-07,Misc Stationery,PC-325,,1699.0,-10939.0,petty_cash\SATTI_PLAZA_PettyCash_Aug2011.xlsx,petty_cash,SATTI_PLAZA
2011-08-08,Misc Stationery,PC-935,4094.0,,-6845.0,petty_cash\SATTI_PLAZA_PettyCash_Aug2011.xlsx,petty_cash,SATTI_PLAZA
2011-08-09,Garbage Removal,PC-434,,13951.0,-20796.0,petty_cash\SATTI_PLAZA_PettyCash_Aug2011.xlsx,petty_cash,SATTI_PLAZA
2011-08-10,Water Supply,PC-734,,10140.0,-30936.0,petty_cash\SATTI_PLAZA_PettyCash_Aug2011.xlsx,petty_cash,SATTI_PLAZA
2011-08-11,Petrol,PC-042,,1618.0,-32554.0,petty_cash\SATTI_PLAZA_PettyCash_Aug2011.xlsx,petty_cash,SATTI_PLAZA
2011-08-12,Tea & Refreshment,PC-040,,,-20167.0,petty_cash\SATTI_PLAZA_PettyCash_Aug2011.xlsx,petty_cash,SATTI_PLAZA
2011-08-13,Garbage Removal,PC-859,,5374.0,-25541.0,petty_cash\SATTI_PLAZA_PettyCash_Aug2011.xlsx,petty_cash,SATTI_PLAZA
2011-08-14,Site Cleaning,PC-633,,11546.0,-37087.0,petty_cash\SATTI_PLAZA_PettyCash_Aug2011.xlsx,petty_cash,SATTI_PLAZA
2011-08-15,Site Cleaning,PC-632,,10609.0,-47696.0,petty_cash\SATTI_PLAZA_PettyCash_Aug2011.xlsx,petty_cash,SATTI_PLAZA
2011-08-16,Garbage Removal,PC-516,,,-51086.0,petty_cash\SATTI_PLAZA_PettyCash_Aug2011.xlsx,petty_cash,SATTI_PLAZA
2011-08-17,Phone Balance,PC-750,,9487.0,-60573.0,petty_cash\SATTI_PLAZA_PettyCash_Aug2011.xlsx,petty_cash,SATTI_PLAZA
2011-08-18,Postage,PC-770,1337.0,,-59236.0,petty_cash\SATTI_PLAZA_PettyCash_Aug2011.xlsx,petty_cash,SATTI_PLAZA
2011-08-19,Phone Balance,PC-295,8336.0,,-50900.0,petty_cash\SATTI_PLAZA_PettyCash_Aug2011.xlsx,petty_cash,SATTI_PLAZA
2011-08-20,Phone Balance,PC-245,,,-55281.0,petty_cash\SATTI_PLAZA_PettyCash_Aug2011.xlsx,petty_cash,SATTI_PLAZA
2011-08-21,Rickshaw Fare,PC-255,2069.0,,-53212.0,petty_cash\SATTI_PLAZA_PettyCash_Aug2011.xlsx,petty_cash,SATTI_PLAZA
Closing Balance:,,,,,0.0,petty_cash\SATTI_PLAZA_PettyCash_Aug2011.xlsx,petty_cash,SATTI_PLAZA
2012-08-01,Security Tip,PC-526,1445.0,,19504.0,petty_cash\SATTI_PLAZA_PettyCash_Aug2012.xlsx,petty_cash,SATTI_PLAZA
2012-08-02,Courier Charges,PC-292,,,16498.0,petty_cash\SATTI_PLAZA_PettyCash_Aug2012.xlsx,petty_cash,SATTI_PLAZA
2012-08-03,Photocopies,PC-841,1986.0,,18484.0,petty_cash\SATTI_PLAZA_PettyCash_Aug2012.xlsx,petty_cash,SATTI_PLAZA
2012-08-04,Postage,PC-924,,2452.0,16032.0,petty_cash\SATTI_PLAZA_PettyCash_Aug2012.xlsx,petty_cash,SATTI_PLAZA
2012-08-05,Small Tool Purchase,PC-984,,14699.0,1333.0,petty_cash\SATTI_PLAZA_PettyCash_Aug2012.xlsx,petty_cash,SATTI_PLAZA
2012-08-06,Small Tool Purchase,PC-151,,,36.0,petty_cash\SATTI_PLAZA_PettyCash_Aug2012.xlsx,petty_cash,SATTI_PLAZA
2012-08-07,Phone Balance,PC-909,9999.0,,10035.0,petty_cash\SATTI_PLAZA_PettyCash_Aug2012.xlsx,petty_cash,SATTI_PLAZA
2012-08-08,Rickshaw Fare,PC-711,6362.0,,16397.0,petty_cash\SATTI_PLAZA_PettyCash_Aug2012.xlsx,petty_cash,SATTI_PLAZA
2012-08-09,Photocopies,PC-737,,3033.0,13364.0,petty_cash\SATTI_PLAZA_PettyCash_Aug2012.xlsx,petty_cash,SATTI_PLAZA
2012-08-10,Small Tool Purchase,PC-323,3022.0,,16386.0,petty_cash\SATTI_PLAZA_PettyCash_Aug2012.xlsx,petty_cash,SATTI_PLAZA
2012-08-11,Photocopies,PC-909,,8098.0,8288.0,petty_cash\SATTI_PLAZA_PettyCash_Aug2012.xlsx,petty_cash,SATTI_PLAZA
2012-08-12,Water Supply,PC-129,,14598.0,-6310.0,petty_cash\SATTI_PLAZA_PettyCash_Aug2012.xlsx,petty_cash,SATTI_PLAZA
2012-08-13,Petrol,PC-489,,6039.0,-12349.0,petty_cash\SATTI_PLAZA_PettyCash_Aug2012.xlsx,petty_cash,SATTI_PLAZA
2012-08-14,Photocopies,PC-321,,348.0,-12697.0,petty_cash\SATTI_PLAZA_PettyCash_Aug2012.xlsx,petty_cash,SATTI_PLAZA
2012-08-15,Small Tool Purchase,PC-435,,2552.0,-15249.0,petty_cash\SATTI_PLAZA_PettyCash_Aug2012.xlsx,petty_cash,SATTI_PLAZA
2012-08-16,Emergency Repair,PC-138,,639.0,,petty_cash\SATTI_PLAZA_PettyCash_Aug2012.xlsx,petty_cash,SATTI_PLAZA
2012-08-17,Newspaper,PC-605,,14018.0,-29906.0,petty_cash\SATTI_PLAZA_PettyCash_Aug2012.xlsx,petty_cash,SATTI_PLAZA
2012-08-18,Petrol,PC-932,,6514.0,-36420.0,petty_cash\SATTI_PLAZA_PettyCash_Aug2012.xlsx,petty_cash,SATTI_PLAZA
Closing Balance:,,,,,0.0,petty_cash\SATTI_PLAZA_PettyCash_Aug2012.xlsx,petty_cash,SATTI_PLAZA
2013-08-01,Site Cleaning,PC-609,,2658.0,19063.0,petty_cash\SATTI_PLAZA_PettyCash_Aug2013.xlsx,petty_cash,SATTI_PLAZA
2013-08-02,Garbage Removal,PC-778,4214.0,,23277.0,petty_cash\SATTI_PLAZA_PettyCash_Aug2013.xlsx,petty_cash,SATTI_PLAZA
2013-08-03,Emergency Repair,PC-700,13347.0,,36624.0,petty_cash\SATTI_PLAZA_PettyCash_Aug2013.xlsx,petty_cash,SATTI_PLAZA
2013-08-04,Site Cleaning,PC-216,,11774.0,24850.0,petty_cash\SATTI_PLAZA_PettyCash_Aug2013.xlsx,petty_cash,SATTI_PLAZA
2013-08-05,Courier Charges,PC-075,,2492.0,22358.0,petty_cash\SATTI_PLAZA_PettyCash_Aug2013.xlsx,petty_cash,SATTI_PLAZA
2013-08-06,Garbage Removal,PC-923,8960.0,,31318.0,petty_cash\SATTI_PLAZA_PettyCash_Aug2013.xlsx,petty_cash,SATTI_PLAZA
2013-08-07,Water Supply,PC-412,1716.0,,33034.0,petty_cash\SATTI_PLAZA_PettyCash_Aug2013.xlsx,petty_cash,SATTI_PLAZA
2013-08-08,Photocopies,PC-078,13093.0,,,petty_cash\SATTI_PLAZA_PettyCash_Aug2013.xlsx,petty_cash,SATTI_PLAZA
2013-08-09,Phone Balance,PC-670,,11806.0,34321.0,petty_cash\SATTI_PLAZA_PettyCash_Aug2013.xlsx,petty_cash,SATTI_PLAZA
2013-08-10,Photocopies,PC-324,,4130.0,30191.0,petty_cash\SATTI_PLAZA_PettyCash_Aug2013.xlsx,petty_cash,SATTI_PLAZA
2013-08-11,Site Cleaning,PC-685,,14457.0,15734.0,petty_cash\SATTI_PLAZA_PettyCash_Aug2013.xlsx,petty_cash,SATTI_PLAZA
2013-08-12,Petrol,PC-812,,11071.0,4663.0,petty_cash\SATTI_PLAZA_PettyCash_Aug2013.xlsx,petty_cash,SATTI_PLAZA
2013-08-13,Phone Balance,PC-782,,4856.0,-193.0,petty_cash\SATTI_PLAZA_PettyCash_Aug2013.xlsx,petty_cash,SATTI_PLAZA
2013-08-14,Photocopies,PC-738,,6142.0,-6335.0,petty_cash\SATTI_PLAZA_PettyCash_Aug2013.xlsx,petty_cash,SATTI_PLAZA
2013-08-15,Postage,PC-837,12802.0,,6467.0,petty_cash\SATTI_PLAZA_PettyCash_Aug2013.xlsx,petty_cash,SATTI_PLAZA
2013-08-16,Misc Stationery,PC-356,3034.0,,9501.0,petty_cash\SATTI_PLAZA_PettyCash_Aug2013.xlsx,petty_cash,SATTI_PLAZA
2013-08-17,Misc Stationery,PC-972,,1028.0,8473.0,petty_cash\SATTI_PLAZA_PettyCash_Aug2013.xlsx,petty_cash,SATTI_PLAZA
2013-08-18,Small Tool Purchase,PC-031,,2737.0,5736.0,petty_cash\SATTI_PLAZA_PettyCash_Aug2013.xlsx,petty_cash,SATTI_PLAZA
2013-08-19,Water Supply,PC-682,,13118.0,-7382.0,petty_cash\SATTI_PLAZA_PettyCash_Aug2013.xlsx,petty_cash,SATTI_PLAZA
2013-08-20,Emergency Repair,PC-217,,12355.0,-19737.0,petty_cash\SATTI_PLAZA_PettyCash_Aug2013.xlsx,petty_cash,SATTI_PLAZA
2013-08-21,Photocopies,PC-288,,2146.0,-21883.0,petty_cash\SATTI_PLAZA_PettyCash_Aug2013.xlsx,petty_cash,SATTI_PLAZA
2013-08-22,Garbage Removal,PC-281,,4422.0,-26305.0,petty_cash\SATTI_PLAZA_PettyCash_Aug2013.xlsx,petty_cash,SATTI_PLAZA
2013-08-23,Rickshaw Fare,PC-827,,4731.0,-31036.0,petty_cash\SATTI_PLAZA_PettyCash_Aug2013.xlsx,petty_cash,SATTI_PLAZA
2013-08-24,Garbage Removal,PC-139,,13132.0,-44168.0,petty_cash\SATTI_PLAZA_PettyCash_Aug2013.xlsx,petty_cash,SATTI_PLAZA
2013-08-25,Site Cleaning,PC-826,,10140.0,-54308.0,petty_cash\SATTI_PLAZA_PettyCash_Aug2013.xlsx,petty_cash,SATTI_PLAZA
Closing Balance:,,,,,0.0,petty_cash\SATTI_PLAZA_PettyCash_Aug2013.xlsx,petty_cash,SATTI_PLAZA
2011-12-01,Small Tool Purchase,PC-384,,12640.0,25878.0,petty_cash\SATTI_PLAZA_PettyCash_Dec2011.xlsx,petty_cash,SATTI_PLAZA
2011-12-02,Site Cleaning,PC-619,,5750.0,20128.0,petty_cash\SATTI_PLAZA_PettyCash_Dec2011.xlsx,petty_cash,SATTI_PLAZA
2011-12-03,Misc Stationery,PC-032,,11659.0,8469.0,petty_cash\SATTI_PLAZA_PettyCash_Dec2011.xlsx,petty_cash,SATTI_PLAZA
2011-12-04,Garbage Removal,PC-846,,10872.0,-2403.0,petty_cash\SATTI_PLAZA_PettyCash_Dec2011.xlsx,petty_cash,SATTI_PLAZA
2011-12-05,Water Supply,PC-667,,3000.0,-5403.0,petty_cash\SATTI_PLAZA_PettyCash_Dec2011.xlsx,petty_cash,SATTI_PLAZA
2011-12-06,Phone Balance,PC-029,,4455.0,-9858.0,petty_cash\SATTI_PLAZA_PettyCash_Dec2011.xlsx,petty_cash,SATTI_PLAZA
2011-12-07,Site Cleaning,PC-722,,839.0,-10697.0,petty_cash\SATTI_PLAZA_PettyCash_Dec2011.xlsx,petty_cash,SATTI_PLAZA
2011-12-08,Photocopies,PC-758,,5453.0,-16150.0,petty_cash\SATTI_PLAZA_PettyCash_Dec2011.xlsx,petty_cash,SATTI_PLAZA
2011-12-09,Phone Balance,PC-873,,518.0,-16668.0,petty_cash\SATTI_PLAZA_PettyCash_Dec2011.xlsx,petty_cash,SATTI_PLAZA
2011-12-10,Tea & Refreshment,PC-481,,2863.0,-19531.0,petty_cash\SATTI_PLAZA_PettyCash_Dec2011.xlsx,petty_cash,SATTI_PLAZA
2011-12-11,Photocopies,PC-461,14139.0,,-5392.0,petty_cash\SATTI_PLAZA_PettyCash_Dec2011.xlsx,petty_cash,SATTI_PLAZA
Closing Balance:,,,,,0.0,petty_cash\SATTI_PLAZA_PettyCash_Dec2011.xlsx,petty_cash,SATTI_PLAZA
2012-12-01,Newspaper,PC-083,,,-350.0,petty_cash\SATTI_PLAZA_PettyCash_Dec2012.xlsx,petty_cash,SATTI_PLAZA
2012-12-02,Site Cleaning,PC-008,,10855.0,-11205.0,petty_cash\SATTI_PLAZA_PettyCash_Dec2012.xlsx,petty_cash,SATTI_PLAZA
2012-12-03,Site Cleaning,PC-007,,7535.0,-18740.0,petty_cash\SATTI_PLAZA_PettyCash_Dec2012.xlsx,petty_cash,SATTI_PLAZA
2012-12-04,Newspaper,PC-592,,8582.0,-27322.0,petty_cash\SATTI_PLAZA_PettyCash_Dec2012.xlsx,petty_cash,SATTI_PLAZA
2012-12-05,Petrol,PC-517,5328.0,,-21994.0,petty_cash\SATTI_PLAZA_PettyCash_Dec2012.xlsx,petty_cash,SATTI_PLAZA
2012-12-06,Garbage Removal,PC-012,,3718.0,-25712.0,petty_cash\SATTI_PLAZA_PettyCash_Dec2012.xlsx,petty_cash,SATTI_PLAZA
2012-12-07,Rickshaw Fare,PC-566,11761.0,,-13951.0,petty_cash\SATTI_PLAZA_PettyCash_Dec2012.xlsx,petty_cash,SATTI_PLAZA
2012-12-08,Postage,PC-341,13523.0,,-428.0,petty_cash\SATTI_PLAZA_PettyCash_Dec2012.xlsx,petty_cash,SATTI_PLAZA
2012-12-09,Water Supply,PC-336,,10678.0,-11106.0,petty_cash\SATTI_PLAZA_PettyCash_Dec2012.xlsx,petty_cash,SATTI_PLAZA
2012-12-10,Water Supply,PC-363,,3281.0,-14387.0,petty_cash\SATTI_PLAZA_PettyCash_Dec2012.xlsx,petty_cash,SATTI_PLAZA
2012-12-11,Petrol,PC-510,,583.0,-14970.0,petty_cash\SATTI_PLAZA_PettyCash_Dec2012.xlsx,petty_cash,SATTI_PLAZA
2012-12-12,Petrol,PC-235,,12139.0,-27109.0,petty_cash\SATTI_PLAZA_PettyCash_Dec2012.xlsx,petty_cash,SATTI_PLAZA
2012-12-13,Water Supply,PC-032,12832.0,,-14277.0,petty_cash\SATTI_PLAZA_PettyCash_Dec2012.xlsx,petty_cash,SATTI_PLAZA
2012-12-14,Photocopies,PC-243,,13603.0,-27880.0,petty_cash\SATTI_PLAZA_PettyCash_Dec2012.xlsx,petty_cash,SATTI_PLAZA
2012-12-15,Emergency Repair,PC-478,,7634.0,-35514.0,petty_cash\SATTI_PLAZA_PettyCash_Dec2012.xlsx,petty_cash,SATTI_PLAZA
2012-12-16,Security Tip,PC-695,,13276.0,-48790.0,petty_cash\SATTI_PLAZA_PettyCash_Dec2012.xlsx,petty_cash,SATTI_PLAZA
2012-12-17,Phone Balance,PC-065,7836.0,,-40954.0,petty_cash\SATTI_PLAZA_PettyCash_Dec2012.xlsx,petty_cash,SATTI_PLAZA
2012-12-18,Misc Stationery,PC-362,,8639.0,-49593.0,petty_cash\SATTI_PLAZA_PettyCash_Dec2012.xlsx,petty_cash,SATTI_PLAZA
2012-12-19,Garbage Removal,PC-143,,11287.0,-60880.0,petty_cash\SATTI_PLAZA_PettyCash_Dec2012.xlsx,petty_cash,SATTI_PLAZA
2012-12-20,Postage,PC-434,,4894.0,-65774.0,petty_cash\SATTI_PLAZA_PettyCash_Dec2012.xlsx,petty_cash,SATTI_PLAZA
2012-12-21,Rickshaw Fare,PC-621,,1241.0,-67015.0,petty_cash\SATTI_PLAZA_PettyCash_Dec2012.xlsx,petty_cash,SATTI_PLAZA
2012-12-22,Small Tool Purchase,PC-516,,,-80500.0,petty_cash\SATTI_PLAZA_PettyCash_Dec2012.xlsx,petty_cash,SATTI_PLAZA
Closing Balance:,,,,,0.0,petty_cash\SATTI_PLAZA_PettyCash_Dec2012.xlsx,petty_cash,SATTI_PLAZA
2013-12-01,Tea & Refreshment,PC-489,,9126.0,38072.0,petty_cash\SATTI_PLAZA_PettyCash_Dec2013.xlsx,petty_cash,SATTI_PLAZA
2013-12-02,Emergency Repair,PC-970,,5476.0,32596.0,petty_cash\SATTI_PLAZA_PettyCash_Dec2013.xlsx,petty_cash,SATTI_PLAZA
2013-12-03,Petrol,PC-503,,13983.0,,petty_cash\SATTI_PLAZA_PettyCash_Dec2013.xlsx,petty_cash,SATTI_PLAZA
2013-12-04,Rickshaw Fare,PC-223,,4912.0,13701.0,petty_cash\SATTI_PLAZA_PettyCash_Dec2013.xlsx,petty_cash,SATTI_PLAZA
2013-12-05,Emergency Repair,PC-137,,3064.0,10637.0,petty_cash\SATTI_PLAZA_PettyCash_Dec2013.xlsx,petty_cash,SATTI_PLAZA
2013-12-06,Postage,PC-192,,11592.0,-955.0,petty_cash\SATTI_PLAZA_PettyCash_Dec2013.xlsx,petty_cash,SATTI_PLAZA
2013-12-07,Tea & Refreshment,PC-502,2242.0,,1287.0,petty_cash\SATTI_PLAZA_PettyCash_Dec2013.xlsx,petty_cash,SATTI_PLAZA
2013-12-08,Rickshaw Fare,PC-977,9495.0,,10782.0,petty_cash\SATTI_PLAZA_PettyCash_Dec2013.xlsx,petty_cash,SATTI_PLAZA
2013-12-09,Emergency Repair,PC-949,,11852.0,-1070.0,petty_cash\SATTI_PLAZA_PettyCash_Dec2013.xlsx,petty_cash,SATTI_PLAZA
2013-12-10,Phone Balance,PC-255,13559.0,,12489.0,petty_cash\SATTI_PLAZA_PettyCash_Dec2013.xlsx,petty_cash,SATTI_PLAZA
2013-12-11,Misc Stationery,PC-068,8603.0,,21092.0,petty_cash\SATTI_PLAZA_PettyCash_Dec2013.xlsx,petty_cash,SATTI_PLAZA
2013-12-12,Tea & Refreshment,PC-488,,14825.0,6267.0,petty_cash\SATTI_PLAZA_PettyCash_Dec2013.xlsx,petty_cash,SATTI_PLAZA
2013-12-13,Misc Stationery,PC-108,,12478.0,-6211.0,petty_cash\SATTI_PLAZA_PettyCash_Dec2013.xlsx,petty_cash,SATTI_PLAZA
Closing Balance:,,,,,0.0,petty_cash\SATTI_PLAZA_PettyCash_Dec2013.xlsx,petty_cash,SATTI_PLAZA
2012-02-01,Courier Charges,PC-125,,12322.0,30037.0,petty_cash\SATTI_PLAZA_PettyCash_Feb2012.xlsx,petty_cash,SATTI_PLAZA
2012-02-02,Postage,PC-908,1940.0,,31977.0,petty_cash\SATTI_PLAZA_PettyCash_Feb2012.xlsx,petty_cash,SATTI_PLAZA
2012-02-03,Rickshaw Fare,PC-865,,1206.0,30771.0,petty_cash\SATTI_PLAZA_PettyCash_Feb2012.xlsx,petty_cash,SATTI_PLAZA
2012-02-04,Security Tip,PC-202,,925.0,29846.0,petty_cash\SATTI_PLAZA_PettyCash_Feb2012.xlsx,petty_cash,SATTI_PLAZA
2012-02-05,Garbage Removal,PC-865,557.0,,30403.0,petty_cash\SATTI_PLAZA_PettyCash_Feb2012.xlsx,petty_cash,SATTI_PLAZA
2012-02-06,Security Tip,PC-508,,12385.0,18018.0,petty_cash\SATTI_PLAZA_PettyCash_Feb2012.xlsx,petty_cash,SATTI_PLAZA
2012-02-07,Petrol,PC-519,,2185.0,15833.0,petty_cash\SATTI_PLAZA_PettyCash_Feb2012.xlsx,petty_cash,SATTI_PLAZA
2012-02-08,Newspaper,PC-792,,6517.0,9316.0,petty_cash\SATTI_PLAZA_PettyCash_Feb2012.xlsx,petty_cash,SATTI_PLAZA
2012-02-09,Phone Balance,PC-208,,14469.0,-5153.0,petty_cash\SATTI_PLAZA_PettyCash_Feb2012.xlsx,petty_cash,SATTI_PLAZA
2012-02-10,Newspaper,PC-115,,12013.0,-17166.0,petty_cash\SATTI_PLAZA_PettyCash_Feb2012.xlsx,petty_cash,SATTI_PLAZA
2012-02-11,Security Tip,PC-124,,12276.0,-29442.0,petty_cash\SATTI_PLAZA_PettyCash_Feb2012.xlsx,petty_cash,SATTI_PLAZA
2012-02-12,Garbage Removal,PC-757,,12542.0,-41984.0,petty_cash\SATTI_PLAZA_PettyCash_Feb2012.xlsx,petty_cash,SATTI_PLAZA
2012-02-13,Photocopies,PC-361,,10119.0,-52103.0,petty_cash\SATTI_PLAZA_PettyCash_Feb2012.xlsx,petty_cash,SATTI_PLAZA
2012-02-14,Garbage Removal,PC-830,,11256.0,-63359.0,petty_cash\SATTI_PLAZA_PettyCash_Feb2012.xlsx,petty_cash,SATTI_PLAZA
2012-02-15,Small Tool Purchase,PC-134,8212.0,,-55147.0,petty_cash\SATTI_PLAZA_PettyCash_Feb2012.xlsx,petty_cash,SATTI_PLAZA
2012-02-16,Rickshaw Fare,PC-512,,6849.0,-61996.0,petty_cash\SATTI_PLAZA_PettyCash_Feb2012.xlsx,petty_cash,SATTI_PLAZA
2012-02-17,Newspaper,PC-695,,13942.0,-75938.0,petty_cash\SATTI_PLAZA_PettyCash_Feb2012.xlsx,petty_cash,SATTI_PLAZA
2012-02-18,Postage,PC-593,,5718.0,-81656.0,petty_cash\SATTI_PLAZA_PettyCash_Feb2012.xlsx,petty_cash,SATTI_PLAZA
2012-02-19,Security Tip,PC-083,,11641.0,-93297.0,petty_cash\SATTI_PLAZA_PettyCash_Feb2012.xlsx,petty_cash,SATTI_PLAZA
2012-02-20,Postage,PC-127,,6502.0,-99799.0,petty_cash\SATTI_PLAZA_PettyCash_Feb2012.xlsx,petty_cash,SATTI_PLAZA
2012-02-21,Postage,PC-590,,8615.0,-108414.0,petty_cash\SATTI_PLAZA_PettyCash_Feb2012.xlsx,petty_cash,SATTI_PLAZA
Closing Balance:,,,,,0.0,petty_cash\SATTI_PLAZA_PettyCash_Feb2012.xlsx,petty_cash,SATTI_PLAZA
2013-02-01,Misc Stationery,PC-834,,590.0,48109.0,petty_cash\SATTI_PLAZA_PettyCash_Feb2013.xlsx,petty_cash,SATTI_PLAZA
2013-02-02,Small Tool Purchase,PC-975,,6379.0,41730.0,petty_cash\SATTI_PLAZA_PettyCash_Feb2013.xlsx,petty_cash,SATTI_PLAZA
2013-02-03,Small Tool Purchase,PC-157,,2109.0,39621.0,petty_cash\SATTI_PLAZA_PettyCash_Feb2013.xlsx,petty_cash,SATTI_PLAZA
2013-02-04,Photocopies,PC-531,,6827.0,32794.0,petty_cash\SATTI_PLAZA_PettyCash_Feb2013.xlsx,petty_cash,SATTI_PLAZA
2013-02-05,Phone Balance,PC-657,,7165.0,,petty_cash\SATTI_PLAZA_PettyCash_Feb2013.xlsx,petty_cash,SATTI_PLAZA
2013-02-06,Postage,PC-490,8605.0,,34234.0,petty_cash\SATTI_PLAZA_PettyCash_Feb2013.xlsx,petty_cash,SATTI_PLAZA
2013-02-07,Rickshaw Fare,PC-193,,14447.0,19787.0,petty_cash\SATTI_PLAZA_PettyCash_Feb2013.xlsx,petty_cash,SATTI_PLAZA
2013-02-08,Rickshaw Fare,PC-133,,3233.0,16554.0,petty_cash\SATTI_PLAZA_PettyCash_Feb2013.xlsx,petty_cash,SATTI_PLAZA
2013-02-09,Rickshaw Fare,PC-864,,12111.0,4443.0,petty_cash\SATTI_PLAZA_PettyCash_Feb2013.xlsx,petty_cash,SATTI_PLAZA
2013-02-10,Misc Stationery,PC-345,,3149.0,1294.0,petty_cash\SATTI_PLAZA_PettyCash_Feb2013.xlsx,petty_cash,SATTI_PLAZA
2013-02-11,Water Supply,PC-484,,2171.0,-877.0,petty_cash\SATTI_PLAZA_PettyCash_Feb2013.xlsx,petty_cash,SATTI_PLAZA
2013-02-12,Postage,PC-984,,10249.0,-11126.0,petty_cash\SATTI_PLAZA_PettyCash_Feb2013.xlsx,petty_cash,SATTI_PLAZA
2013-02-13,Courier Charges,PC-501,,2131.0,-13257.0,petty_cash\SATTI_PLAZA_PettyCash_Feb2013.xlsx,petty_cash,SATTI_PLAZA
2013-02-14,Garbage Removal,PC-777,,11511.0,-24768.0,petty_cash\SATTI_PLAZA_PettyCash_Feb2013.xlsx,petty_cash,SATTI_PLAZA
2013-02-15,Security Tip,PC-465,,13612.0,-38380.0,petty_cash\SATTI_PLAZA_PettyCash_Feb2013.xlsx,petty_cash,SATTI_PLAZA
2013-02-16,Misc Stationery,PC-513,,12999.0,-51379.0,petty_cash\SATTI_PLAZA_PettyCash_Feb2013.xlsx,petty_cash,SATTI_PLAZA
2013-02-17,Courier Charges,PC-546,,9176.0,-60555.0,petty_cash\SATTI_PLAZA_PettyCash_Feb2013.xlsx,petty_cash,SATTI_PLAZA
Closing Balance:,,,,,0.0,petty_cash\SATTI_PLAZA_PettyCash_Feb2013.xlsx,petty_cash,SATTI_PLAZA
2014-02-01,Photocopies,PC-701,14685.0,,33695.0,petty_cash\SATTI_PLAZA_PettyCash_Feb2014.xlsx,petty_cash,SATTI_PLAZA
2014-02-02,Garbage Removal,PC-714,,9656.0,24039.0,petty_cash\SATTI_PLAZA_PettyCash_Feb2014.xlsx,petty_cash,SATTI_PLAZA
2014-02-03,Tea & Refreshment,PC-484,,,23835.0,petty_cash\SATTI_PLAZA_PettyCash_Feb2014.xlsx,petty_cash,SATTI_PLAZA
2014-02-04,Photocopies,PC-967,,1464.0,22371.0,petty_cash\SATTI_PLAZA_PettyCash_Feb2014.xlsx,petty_cash,SATTI_PLAZA
2014-02-05,Photocopies,PC-252,,4333.0,18038.0,petty_cash\SATTI_PLAZA_PettyCash_Feb2014.xlsx,petty_cash,SATTI_PLAZA
2014-02-06,Photocopies,PC-241,,11632.0,6406.0,petty_cash\SATTI_PLAZA_PettyCash_Feb2014.xlsx,petty_cash,SATTI_PLAZA
2014-02-07,Postage,PC-529,,11741.0,-5335.0,petty_cash\SATTI_PLAZA_PettyCash_Feb2014.xlsx,petty_cash,SATTI_PLAZA
2014-02-08,Postage,PC-031,,,-12128.0,petty_cash\SATTI_PLAZA_PettyCash_Feb2014.xlsx,petty_cash,SATTI_PLAZA
2014-02-09,Tea & Refreshment,PC-814,,7981.0,-20109.0,petty_cash\SATTI_PLAZA_PettyCash_Feb2014.xlsx,petty_cash,SATTI_PLAZA
2014-02-10,Site Cleaning,PC-013,,1192.0,-21301.0,petty_cash\SATTI_PLAZA_PettyCash_Feb2014.xlsx,petty_cash,SATTI_PLAZA
2014-02-11,Tea & Refreshment,PC-049,3471.0,,-17830.0,petty_cash\SATTI_PLAZA_PettyCash_Feb2014.xlsx,petty_cash,SATTI_PLAZA
2014-02-12,Water Supply,PC-801,,5373.0,-23203.0,petty_cash\SATTI_PLAZA_PettyCash_Feb2014.xlsx,petty_cash,SATTI_PLAZA
2014-02-13,Postage,PC-347,,14865.0,-38068.0,petty_cash\SATTI_PLAZA_PettyCash_Feb2014.xlsx,petty_cash,SATTI_PLAZA
2014-02-14,Garbage Removal,PC-449,9355.0,,-28713.0,petty_cash\SATTI_PLAZA_PettyCash_Feb2014.xlsx,petty_cash,SATTI_PLAZA
2014-02-15,Photocopies,PC-457,,10222.0,-38935.0,petty_cash\SATTI_PLAZA_PettyCash_Feb2014.xlsx,petty_cash,SATTI_PLAZA
2014-02-16,Rickshaw Fare,PC-786,13687.0,,-25248.0,petty_cash\SATTI_PLAZA_PettyCash_Feb2014.xlsx,petty_cash,SATTI_PLAZA
2014-02-17,Small Tool Purchase,PC-277,,3544.0,-28792.0,petty_cash\SATTI_PLAZA_PettyCash_Feb2014.xlsx,petty_cash,SATTI_PLAZA
2014-02-18,Garbage Removal,PC-411,,10394.0,-39186.0,petty_cash\SATTI_PLAZA_PettyCash_Feb2014.xlsx,petty_cash,SATTI_PLAZA
2014-02-19,Rickshaw Fare,PC-620,,3062.0,-42248.0,petty_cash\SATTI_PLAZA_PettyCash_Feb2014.xlsx,petty_cash,SATTI_PLAZA
Closing Balance:,,,,,0.0,petty_cash\SATTI_PLAZA_PettyCash_Feb2014.xlsx,petty_cash,SATTI_PLAZA
2011-06-01,Courier Charges,PC-379,1359.0,,41911.0,petty_cash\SATTI_PLAZA_PettyCash_Jun2011.xlsx,petty_cash,SATTI_PLAZA
2011-06-02,Postage,PC-726,,918.0,40993.0,petty_cash\SATTI_PLAZA_PettyCash_Jun2011.xlsx,petty_cash,SATTI_PLAZA
2011-06-03,Petrol,PC-249,,14118.0,,petty_cash\SATTI_PLAZA_PettyCash_Jun2011.xlsx,petty_cash,SATTI_PLAZA
2011-06-04,Misc Stationery,PC-557,10103.0,,36978.0,petty_cash\SATTI_PLAZA_PettyCash_Jun2011.xlsx,petty_cash,SATTI_PLAZA
2011-06-05,Courier Charges,PC-574,,14915.0,22063.0,petty_cash\SATTI_PLAZA_PettyCash_Jun2011.xlsx,petty_cash,SATTI_PLAZA
2011-06-06,Small Tool Purchase,PC-102,,14099.0,7964.0,petty_cash\SATTI_PLAZA_PettyCash_Jun2011.xlsx,petty_cash,SATTI_PLAZA
2011-06-07,Garbage Removal,PC-280,,3877.0,4087.0,petty_cash\SATTI_PLAZA_PettyCash_Jun2011.xlsx,petty_cash,SATTI_PLAZA
2011-06-08,Water Supply,PC-095,,4625.0,-538.0,petty_cash\SATTI_PLAZA_PettyCash_Jun2011.xlsx,petty_cash,SATTI_PLAZA
2011-06-09,Rickshaw Fare,PC-153,,4523.0,-5061.0,petty_cash\SATTI_PLAZA_PettyCash_Jun2011.xlsx,petty_cash,SATTI_PLAZA
2011-06-10,Newspaper,PC-573,,4013.0,-9074.0,petty_cash\SATTI_PLAZA_PettyCash_Jun2011.xlsx,petty_cash,SATTI_PLAZA
2011-06-11,Petrol,PC-417,,9069.0,-18143.0,petty_cash\SATTI_PLAZA_PettyCash_Jun2011.xlsx,petty_cash,SATTI_PLAZA
2011-06-12,Water Supply,PC-563,,1575.0,-19718.0,petty_cash\SATTI_PLAZA_PettyCash_Jun2011.xlsx,petty_cash,SATTI_PLAZA
2011-06-13,Rickshaw Fare,PC-398,,8584.0,-28302.0,petty_cash\SATTI_PLAZA_PettyCash_Jun2011.xlsx,petty_cash,SATTI_PLAZA
2011-06-14,Security Tip,PC-625,,4007.0,-32309.0,petty_cash\SATTI_PLAZA_PettyCash_Jun2011.xlsx,petty_cash,SATTI_PLAZA
2011-06-15,Emergency Repair,PC-335,,3890.0,-36199.0,petty_cash\SATTI_PLAZA_PettyCash_Jun2011.xlsx,petty_cash,SATTI_PLAZA
2011-06-16,Rickshaw Fare,PC-011,,3101.0,-39300.0,petty_cash\SATTI_PLAZA_PettyCash_Jun2011.xlsx,petty_cash,SATTI_PLAZA
2011-06-17,Small Tool Purchase,PC-962,,364.0,-39664.0,petty_cash\SATTI_PLAZA_PettyCash_Jun2011.xlsx,petty_cash,SATTI_PLAZA
2011-06-18,Petrol,PC-684,,5951.0,-45615.0,petty_cash\SATTI_PLAZA_PettyCash_Jun2011.xlsx,petty_cash,SATTI_PLAZA
2011-06-19,Photocopies,PC-860,14798.0,,-30817.0,petty_cash\SATTI_PLAZA_PettyCash_Jun2011.xlsx,petty_cash,SATTI_PLAZA
2011-06-20,Newspaper,PC-999,,11627.0,-42444.0,petty_cash\SATTI_PLAZA_PettyCash_Jun2011.xlsx,petty_cash,SATTI_PLAZA
2011-06-21,Tea & Refreshment,PC-232,,2949.0,-45393.0,petty_cash\SATTI_PLAZA_PettyCash_Jun2011.xlsx,petty_cash,SATTI_PLAZA
2011-06-22,Petrol,PC-692,,4194.0,-49587.0,petty_cash\SATTI_PLAZA_PettyCash_Jun2011.xlsx,petty_cash,SATTI_PLAZA
2011-06-23,Garbage Removal,PC-534,,4652.0,-54239.0,petty_cash\SATTI_PLAZA_PettyCash_Jun2011.xlsx,petty_cash,SATTI_PLAZA
2011-06-24,Site Cleaning,PC-599,,11851.0,-66090.0,petty_cash\SATTI_PLAZA_PettyCash_Jun2011.xlsx,petty_cash,SATTI_PLAZA
2011-06-25,Newspaper,PC-409,,11678.0,-77768.0,petty_cash\SATTI_PLAZA_PettyCash_Jun2011.xlsx,petty_cash,SATTI_PLAZA
2011-06-26,Phone Balance,PC-515,,12420.0,-90188.0,petty_cash\SATTI_PLAZA_PettyCash_Jun2011.xlsx,petty_cash,SATTI_PLAZA
Closing Balance:,,,,,0.0,petty_cash\SATTI_PLAZA_PettyCash_Jun2011.xlsx,petty_cash,SATTI_PLAZA
2012-06-01,Rickshaw Fare,PC-005,3899.0,,44586.0,petty_cash\SATTI_PLAZA_PettyCash_Jun2012.xlsx,petty_cash,SATTI_PLAZA
2012-06-02,Misc Stationery,PC-283,,10063.0,34523.0,petty_cash\SATTI_PLAZA_PettyCash_Jun2012.xlsx,petty_cash,SATTI_PLAZA
2012-06-03,Site Cleaning,PC-854,,9438.0,25085.0,petty_cash\SATTI_PLAZA_PettyCash_Jun2012.xlsx,petty_cash,SATTI_PLAZA
2012-06-04,Emergency Repair,PC-811,,6373.0,18712.0,petty_cash\SATTI_PLAZA_PettyCash_Jun2012.xlsx,petty_cash,SATTI_PLAZA
2012-06-05,Postage,PC-793,,962.0,,petty_cash\SATTI_PLAZA_PettyCash_Jun2012.xlsx,petty_cash,SATTI_PLAZA
2012-06-06,Emergency Repair,PC-756,4044.0,,21794.0,petty_cash\SATTI_PLAZA_PettyCash_Jun2012.xlsx,petty_cash,SATTI_PLAZA
2012-06-07,Courier Charges,PC-500,4508.0,,26302.0,petty_cash\SATTI_PLAZA_PettyCash_Jun2012.xlsx,petty_cash,SATTI_PLAZA
2012-06-08,Petrol,PC-260,9189.0,,35491.0,petty_cash\SATTI_PLAZA_PettyCash_Jun2012.xlsx,petty_cash,SATTI_PLAZA
2012-06-09,Courier Charges,PC-197,,5169.0,30322.0,petty_cash\SATTI_PLAZA_PettyCash_Jun2012.xlsx,petty_cash,SATTI_PLAZA
2012-06-10,Photocopies,PC-531,,12094.0,18228.0,petty_cash\SATTI_PLAZA_PettyCash_Jun2012.xlsx,petty_cash,SATTI_PLAZA
2012-06-11,Petrol,PC-714,,5065.0,13163.0,petty_cash\SATTI_PLAZA_PettyCash_Jun2012.xlsx,petty_cash,SATTI_PLAZA
2012-06-12,Newspaper,PC-383,,9267.0,,petty_cash\SATTI_PLAZA_PettyCash_Jun2012.xlsx,petty_cash,SATTI_PLAZA
2012-06-13,Water Supply,PC-823,5072.0,,,petty_cash\SATTI_PLAZA_PettyCash_Jun2012.xlsx,petty_cash,SATTI_PLAZA
2012-06-14,Newspaper,PC-703,,12969.0,,petty_cash\SATTI_PLAZA_PettyCash_Jun2012.xlsx,petty_cash,SATTI_PLAZA
Closing Balance:,,,,,0.0,petty_cash\SATTI_PLAZA_PettyCash_Jun2012.xlsx,petty_cash,SATTI_PLAZA
2013-06-01,Newspaper,PC-328,,11385.0,9772.0,petty_cash\SATTI_PLAZA_PettyCash_Jun2013.xlsx,petty_cash,SATTI_PLAZA
2013-06-02,Garbage Removal,PC-529,11431.0,,21203.0,petty_cash\SATTI_PLAZA_PettyCash_Jun2013.xlsx,petty_cash,SATTI_PLAZA
2013-06-03,Security Tip,PC-539,,14522.0,6681.0,petty_cash\SATTI_PLAZA_PettyCash_Jun2013.xlsx,petty_cash,SATTI_PLAZA
2013-06-04,Garbage Removal,PC-748,,9736.0,-3055.0,petty_cash\SATTI_PLAZA_PettyCash_Jun2013.xlsx,petty_cash,SATTI_PLAZA
2013-06-05,Tea & Refreshment,PC-467,,663.0,-3718.0,petty_cash\SATTI_PLAZA_PettyCash_Jun2013.xlsx,petty_cash,SATTI_PLAZA
2013-06-06,Emergency Repair,PC-634,,521.0,-4239.0,petty_cash\SATTI_PLAZA_PettyCash_Jun2013.xlsx,petty_cash,SATTI_PLAZA
2013-06-07,Rickshaw Fare,PC-413,,11778.0,-16017.0,petty_cash\SATTI_PLAZA_PettyCash_Jun2013.xlsx,petty_cash,SATTI_PLAZA
2013-06-08,Garbage Removal,PC-967,,10454.0,-26471.0,petty_cash\SATTI_PLAZA_PettyCash_Jun2013.xlsx,petty_cash,SATTI_PLAZA
2013-06-09,Small Tool Purchase,PC-438,,14786.0,-41257.0,petty_cash\SATTI_PLAZA_PettyCash_Jun2013.xlsx,petty_cash,SATTI_PLAZA
2013-06-10,Petrol,PC-130,,4247.0,-45504.0,petty_cash\SATTI_PLAZA_PettyCash_Jun2013.xlsx,petty_cash,SATTI_PLAZA
2013-06-11,Rickshaw Fare,PC-577,,1078.0,-46582.0,petty_cash\SATTI_PLAZA_PettyCash_Jun2013.xlsx,petty_cash,SATTI_PLAZA
2013-06-12,Small Tool Purchase,PC-475,,14699.0,-61281.0,petty_cash\SATTI_PLAZA_PettyCash_Jun2013.xlsx,petty_cash,SATTI_PLAZA
2013-06-13,Tea & Refreshment,PC-710,7056.0,,-54225.0,petty_cash\SATTI_PLAZA_PettyCash_Jun2013.xlsx,petty_cash,SATTI_PLAZA
2013-06-14,Photocopies,PC-316,,7061.0,-61286.0,petty_cash\SATTI_PLAZA_PettyCash_Jun2013.xlsx,petty_cash,SATTI_PLAZA
2013-06-15,Security Tip,PC-495,,14880.0,-76166.0,petty_cash\SATTI_PLAZA_PettyCash_Jun2013.xlsx,petty_cash,SATTI_PLAZA
2013-06-16,Misc Stationery,PC-655,,1086.0,-77252.0,petty_cash\SATTI_PLAZA_PettyCash_Jun2013.xlsx,petty_cash,SATTI_PLAZA
2013-06-17,Emergency Repair,PC-476,,14743.0,-91995.0,petty_cash\SATTI_PLAZA_PettyCash_Jun2013.xlsx,petty_cash,SATTI_PLAZA
2013-06-18,Photocopies,PC-268,,8930.0,,petty_cash\SATTI_PLAZA_PettyCash_Jun2013.xlsx,petty_cash,SATTI_PLAZA
2013-06-19,Small Tool Purchase,PC-125,,4381.0,-105306.0,petty_cash\SATTI_PLAZA_PettyCash_Jun2013.xlsx,petty_cash,SATTI_PLAZA
2013-06-20,Emergency Repair,PC-296,7773.0,,-97533.0,petty_cash\SATTI_PLAZA_PettyCash_Jun2013.xlsx,petty_cash,SATTI_PLAZA
Closing Balance:,,,,,0.0,petty_cash\SATTI_PLAZA_PettyCash_Jun2013.xlsx,petty_cash,SATTI_PLAZA
2014-06-01,Phone Balance,PC-033,,3863.0,18117.0,petty_cash\SATTI_PLAZA_PettyCash_Jun2014.xlsx,petty_cash,SATTI_PLAZA
2014-06-02,Phone Balance,PC-317,,,31159.0,petty_cash\SATTI_PLAZA_PettyCash_Jun2014.xlsx,petty_cash,SATTI_PLAZA
2014-06-03,Security Tip,PC-868,10977.0,,42136.0,petty_cash\SATTI_PLAZA_PettyCash_Jun2014.xlsx,petty_cash,SATTI_PLAZA
2014-06-04,Courier Charges,PC-929,,2960.0,39176.0,petty_cash\SATTI_PLAZA_PettyCash_Jun2014.xlsx,petty_cash,SATTI_PLAZA
2014-06-05,Water Supply,PC-333,,12520.0,26656.0,petty_cash\SATTI_PLAZA_PettyCash_Jun2014.xlsx,petty_cash,SATTI_PLAZA
2014-06-06,Photocopies,PC-298,,2005.0,24651.0,petty_cash\SATTI_PLAZA_PettyCash_Jun2014.xlsx,petty_cash,SATTI_PLAZA
2014-06-07,Small Tool Purchase,PC-371,2721.0,,27372.0,petty_cash\SATTI_PLAZA_PettyCash_Jun2014.xlsx,petty_cash,SATTI_PLAZA
2014-06-08,Small Tool Purchase,PC-482,,9145.0,18227.0,petty_cash\SATTI_PLAZA_PettyCash_Jun2014.xlsx,petty_cash,SATTI_PLAZA
2014-06-09,Newspaper,PC-165,,2746.0,15481.0,petty_cash\SATTI_PLAZA_PettyCash_Jun2014.xlsx,petty_cash,SATTI_PLAZA
2014-06-10,Small Tool Purchase,PC-919,,12551.0,,petty_cash\SATTI_PLAZA_PettyCash_Jun2014.xlsx,petty_cash,SATTI_PLAZA
2014-06-11,Tea & Refreshment,PC-473,,11825.0,-8895.0,petty_cash\SATTI_PLAZA_PettyCash_Jun2014.xlsx,petty_cash,SATTI_PLAZA
2014-06-12,Tea & Refreshment,PC-297,,9995.0,-18890.0,petty_cash\SATTI_PLAZA_PettyCash_Jun2014.xlsx,petty_cash,SATTI_PLAZA
2014-06-13,Phone Balance,PC-946,,5396.0,-24286.0,petty_cash\SATTI_PLAZA_PettyCash_Jun2014.xlsx,petty_cash,SATTI_PLAZA
2014-06-14,Water Supply,PC-974,,4136.0,-28422.0,petty_cash\SATTI_PLAZA_PettyCash_Jun2014.xlsx,petty_cash,SATTI_PLAZA
2014-06-15,Small Tool Purchase,PC-604,4872.0,,-23550.0,petty_cash\SATTI_PLAZA_PettyCash_Jun2014.xlsx,petty_cash,SATTI_PLAZA
2014-06-16,Water Supply,PC-318,10347.0,,-13203.0,petty_cash\SATTI_PLAZA_PettyCash_Jun2014.xlsx,petty_cash,SATTI_PLAZA
2014-06-17,Phone Balance,PC-770,,12325.0,-25528.0,petty_cash\SATTI_PLAZA_PettyCash_Jun2014.xlsx,petty_cash,SATTI_PLAZA
Closing Balance:,,,,,0.0,petty_cash\SATTI_PLAZA_PettyCash_Jun2014.xlsx,petty_cash,SATTI_PLAZA
2011-10-01,Site Cleaning,PC-348,6325.0,,21300.0,petty_cash\SATTI_PLAZA_PettyCash_Oct2011.xlsx,petty_cash,SATTI_PLAZA
2011-10-02,Site Cleaning,PC-154,,5023.0,16277.0,petty_cash\SATTI_PLAZA_PettyCash_Oct2011.xlsx,petty_cash,SATTI_PLAZA
2011-10-03,Newspaper,PC-914,3781.0,,20058.0,petty_cash\SATTI_PLAZA_PettyCash_Oct2011.xlsx,petty_cash,SATTI_PLAZA
2011-10-04,Tea & Refreshment,PC-911,,1868.0,18190.0,petty_cash\SATTI_PLAZA_PettyCash_Oct2011.xlsx,petty_cash,SATTI_PLAZA
2011-10-05,Small Tool Purchase,PC-500,,13865.0,4325.0,petty_cash\SATTI_PLAZA_PettyCash_Oct2011.xlsx,petty_cash,SATTI_PLAZA
2011-10-06,Courier Charges,PC-995,,1325.0,3000.0,petty_cash\SATTI_PLAZA_PettyCash_Oct2011.xlsx,petty_cash,SATTI_PLAZA
2011-10-07,Water Supply,PC-614,,6914.0,-3914.0,petty_cash\SATTI_PLAZA_PettyCash_Oct2011.xlsx,petty_cash,SATTI_PLAZA
2011-10-08,Postage,PC-823,,11977.0,-15891.0,petty_cash\SATTI_PLAZA_PettyCash_Oct2011.xlsx,petty_cash,SATTI_PLAZA
2011-10-09,Rickshaw Fare,PC-543,13003.0,,-2888.0,petty_cash\SATTI_PLAZA_PettyCash_Oct2011.xlsx,petty_cash,SATTI_PLAZA
2011-10-10,Petrol,PC-339,,13089.0,-15977.0,petty_cash\SATTI_PLAZA_PettyCash_Oct2011.xlsx,petty_cash,SATTI_PLAZA
2011-10-11,Security Tip,PC-111,,2988.0,-18965.0,petty_cash\SATTI_PLAZA_PettyCash_Oct2011.xlsx,petty_cash,SATTI_PLAZA
2011-10-12,Rickshaw Fare,PC-423,,6060.0,-25025.0,petty_cash\SATTI_PLAZA_PettyCash_Oct2011.xlsx,petty_cash,SATTI_PLAZA
2011-10-13,Courier Charges,PC-588,,5098.0,-30123.0,petty_cash\SATTI_PLAZA_PettyCash_Oct2011.xlsx,petty_cash,SATTI_PLAZA
2011-10-14,Garbage Removal,PC-067,11667.0,,-18456.0,petty_cash\SATTI_PLAZA_PettyCash_Oct2011.xlsx,petty_cash,SATTI_PLAZA
2011-10-15,Tea & Refreshment,PC-622,,,-13578.0,petty_cash\SATTI_PLAZA_PettyCash_Oct2011.xlsx,petty_cash,SATTI_PLAZA
2011-10-16,Petrol,PC-208,,3868.0,-17446.0,petty_cash\SATTI_PLAZA_PettyCash_Oct2011.xlsx,petty_cash,SATTI_PLAZA
2011-10-17,Rickshaw Fare,PC-199,,5651.0,-23097.0,petty_cash\SATTI_PLAZA_PettyCash_Oct2011.xlsx,petty_cash,SATTI_PLAZA
2011-10-18,Rickshaw Fare,PC-123,,8196.0,-31293.0,petty_cash\SATTI_PLAZA_PettyCash_Oct2011.xlsx,petty_cash,SATTI_PLAZA
2011-10-19,Newspaper,PC-663,,6845.0,-38138.0,petty_cash\SATTI_PLAZA_PettyCash_Oct2011.xlsx,petty_cash,SATTI_PLAZA
2011-10-20,Phone Balance,PC-063,,11251.0,-49389.0,petty_cash\SATTI_PLAZA_PettyCash_Oct2011.xlsx,petty_cash,SATTI_PLAZA
2011-10-21,Small Tool Purchase,PC-921,,9412.0,-58801.0,petty_cash\SATTI_PLAZA_PettyCash_Oct2011.xlsx,petty_cash,SATTI_PLAZA
Closing Balance:,,,,,0.0,petty_cash\SATTI_PLAZA_PettyCash_Oct2011.xlsx,petty_cash,SATTI_PLAZA
2012-10-01,Photocopies,PC-813,9824.0,,53671.0,petty_cash\SATTI_PLAZA_PettyCash_Oct2012.xlsx,petty_cash,SATTI_PLAZA
2012-10-02,Tea & Refreshment,PC-904,,3436.0,50235.0,petty_cash\SATTI_PLAZA_PettyCash_Oct2012.xlsx,petty_cash,SATTI_PLAZA
2012-10-03,Emergency Repair,PC-613,,12253.0,37982.0,petty_cash\SATTI_PLAZA_PettyCash_Oct2012.xlsx,petty_cash,SATTI_PLAZA
2012-10-04,Emergency Repair,PC-999,12015.0,,,petty_cash\SATTI_PLAZA_PettyCash_Oct2012.xlsx,petty_cash,SATTI_PLAZA
2012-10-05,Petrol,PC-763,,13303.0,36694.0,petty_cash\SATTI_PLAZA_PettyCash_Oct2012.xlsx,petty_cash,SATTI_PLAZA
2012-10-06,Phone Balance,PC-865,,8984.0,27710.0,petty_cash\SATTI_PLAZA_PettyCash_Oct2012.xlsx,petty_cash,SATTI_PLAZA
2012-10-07,Small Tool Purchase,PC-327,,,24048.0,petty_cash\SATTI_PLAZA_PettyCash_Oct2012.xlsx,petty_cash,SATTI_PLAZA
2012-10-08,Emergency Repair,PC-951,8360.0,,32408.0,petty_cash\SATTI_PLAZA_PettyCash_Oct2012.xlsx,petty_cash,SATTI_PLAZA
2012-10-09,Newspaper,PC-171,,14560.0,17848.0,petty_cash\SATTI_PLAZA_PettyCash_Oct2012.xlsx,petty_cash,SATTI_PLAZA
2012-10-10,Garbage Removal,PC-756,,516.0,17332.0,petty_cash\SATTI_PLAZA_PettyCash_Oct2012.xlsx,petty_cash,SATTI_PLAZA
2012-10-11,Phone Balance,PC-792,,13576.0,3756.0,petty_cash\SATTI_PLAZA_PettyCash_Oct2012.xlsx,petty_cash,SATTI_PLAZA
Closing Balance:,,,,,3756.0,petty_cash\SATTI_PLAZA_PettyCash_Oct2012.xlsx,petty_cash,SATTI_PLAZA
2013-10-01,Postage,PC-104,,5822.0,24489.0,petty_cash\SATTI_PLAZA_PettyCash_Oct2013.xlsx,petty_cash,SATTI_PLAZA
2013-10-02,Security Tip,PC-370,,7123.0,17366.0,petty_cash\SATTI_PLAZA_PettyCash_Oct2013.xlsx,petty_cash,SATTI_PLAZA
2013-10-03,Courier Charges,PC-774,6639.0,,24005.0,petty_cash\SATTI_PLAZA_PettyCash_Oct2013.xlsx,petty_cash,SATTI_PLAZA
2013-10-04,Misc Stationery,PC-145,,14796.0,9209.0,petty_cash\SATTI_PLAZA_PettyCash_Oct2013.xlsx,petty_cash,SATTI_PLAZA
2013-10-05,Petrol,PC-976,8542.0,,17751.0,petty_cash\SATTI_PLAZA_PettyCash_Oct2013.xlsx,petty_cash,SATTI_PLAZA
2013-10-06,Rickshaw Fare,PC-207,,10659.0,7092.0,petty_cash\SATTI_PLAZA_PettyCash_Oct2013.xlsx,petty_cash,SATTI_PLAZA
2013-10-07,Newspaper,PC-846,,5702.0,1390.0,petty_cash\SATTI_PLAZA_PettyCash_Oct2013.xlsx,petty_cash,SATTI_PLAZA
2013-10-08,Newspaper,PC-650,,4598.0,-3208.0,petty_cash\SATTI_PLAZA_PettyCash_Oct2013.xlsx,petty_cash,SATTI_PLAZA
2013-10-09,Phone Balance,PC-571,,14080.0,-17288.0,petty_cash\SATTI_PLAZA_PettyCash_Oct2013.xlsx,petty_cash,SATTI_PLAZA
2013-10-10,Security Tip,PC-512,,1544.0,-18832.0,petty_cash\SATTI_PLAZA_PettyCash_Oct2013.xlsx,petty_cash,SATTI_PLAZA
2013-10-11,Emergency Repair,PC-314,,5175.0,-24007.0,petty_cash\SATTI_PLAZA_PettyCash_Oct2013.xlsx,petty_cash,SATTI_PLAZA
2013-10-12,Phone Balance,PC-751,,5440.0,,petty_cash\SATTI_PLAZA_PettyCash_Oct2013.xlsx,petty_cash,SATTI_PLAZA
2013-10-13,Phone Balance,PC-727,,10940.0,-40387.0,petty_cash\SATTI_PLAZA_PettyCash_Oct2013.xlsx,petty_cash,SATTI_PLAZA
2013-10-14,Water Supply,PC-110,,2327.0,-42714.0,petty_cash\SATTI_PLAZA_PettyCash_Oct2013.xlsx,petty_cash,SATTI_PLAZA
2013-10-15,Tea & Refreshment,PC-166,,4342.0,-47056.0,petty_cash\SATTI_PLAZA_PettyCash_Oct2013.xlsx,petty_cash,SATTI_PLAZA
2013-10-16,Phone Balance,PC-397,,13731.0,-60787.0,petty_cash\SATTI_PLAZA_PettyCash_Oct2013.xlsx,petty_cash,SATTI_PLAZA
2013-10-17,Newspaper,PC-284,,650.0,-61437.0,petty_cash\SATTI_PLAZA_PettyCash_Oct2013.xlsx,petty_cash,SATTI_PLAZA
2013-10-18,Courier Charges,PC-168,,5625.0,-67062.0,petty_cash\SATTI_PLAZA_PettyCash_Oct2013.xlsx,petty_cash,SATTI_PLAZA
Closing Balance:,,,,,0.0,petty_cash\SATTI_PLAZA_PettyCash_Oct2013.xlsx,petty_cash,SATTI_PLAZA
